Step,lambdaomega2d_mlp_c6_na - gate/steepness,lambdaomega2d_mlp_b1_na - gate/steepness,lambdaomega2d_mlp_a4_na - gate/steepness
5006,29.99900055,30.00099945,30.00075722
5012,29.99561691,30.00266647,30.0008316
5016,29.99290466,30.00250435,29.99791145
5018,29.99140549,30.00210762,29.99661827
5021,29.98875618,30.00238609,29.99511909
5023,29.98684692,30.00273323,29.99465942
5024,29.98583984,30.00272751,29.994524
5025,29.98479652,30.0026722,29.99445724
5026,29.98372078,30.00247955,29.99449158
5028,29.98153496,30.00185966,29.99509239
5032,29.97726059,30.00240326,29.99662781
5033,29.97625923,30.00252724,29.99699974
5040,29.96980095,30.00324821,29.99902725
5041,29.96892929,30.00331879,29.99923897
5042,29.96806908,30.00338364,29.99943924
5043,29.96718979,30.00344467,29.99962234
5046,29.96430969,30.00359726,30.00009155
5049,29.96097755,30.00372887,30.00045776
5051,29.95884895,30.00380516,30.00065231
5053,29.95669746,30.00387001,30.00081825
5055,29.95443535,30.00392914,30.00095749
5057,29.95228195,30.00398064,30.00108337
5058,29.95124626,30.00400925,30.00114059
5059,29.95024872,30.00403595,30.00119209
5063,29.94637871,30.0041275,30.00140381
5065,29.94439507,30.00416183,30.00150681
5066,29.94331169,30.0042038,30.00156403
5069,29.94006348,30.0043087,30.00168991
5070,29.93901443,30.00434494,30.00172424
5073,29.93597221,30.0044384,30.00179672
5075,29.93381882,30.00449371,30.00185966
5077,29.93169975,30.00455856,30.00191879
5078,29.93064499,30.00458908,30.0019455
5079,29.92957497,30.00461578,30.00197411
5080,29.92849541,30.00464058,30.0019989
5081,29.92741966,30.00466347,30.00202942
5083,29.92532921,30.00471306,30.00205612
5084,29.92429161,30.00475693,30.00207138
5086,29.92229271,30.00483704,30.00211525
5089,29.91913414,30.00493813,30.00218964
5090,29.91800117,30.00496674,30.00220108
5094,29.91321754,30.00506592,30.00221252
5095,29.9119339,30.0050869,30.00221443
5098,29.907938,30.00516891,30.00222778
5100,29.90539169,30.00521851,30.00224686
5101,29.90407944,30.00523949,30.00225067
5103,29.90154266,30.00527763,30.00225449
5106,29.89748764,30.00538826,30.00221252
5109,29.89345741,30.00552368,30.00214386
5112,29.88941765,30.00562859,30.00213432
5114,29.88681221,30.00569344,30.00213432
5115,29.8855629,30.00572395,30.00213051
5124,29.87517357,30.00610161,30.00217819
5125,29.87412262,30.00614166,30.00218391
5128,29.87084007,30.00624847,30.00218773
5130,29.86844254,30.00631523,30.0022049
5132,29.8661499,30.00637817,30.00226593
5134,29.86390495,30.00644302,30.00234222
5142,29.85490608,30.00696373,30.0026722
5143,29.85385132,30.00703049,30.00271988
5145,29.85177422,30.00714493,30.00284958
5146,29.85075188,30.00719833,30.00292015
5149,29.84735107,30.00734711,30.00310516
5150,29.84616661,30.00741005,30.00314522
5152,29.84381866,30.00753593,30.00321579
5155,29.84009933,30.00771141,30.00332642
5156,29.83888245,30.00776863,30.00333214
5157,29.83768463,30.00795174,30.0033474
5159,29.83523941,30.00826836,30.00341034
5160,29.83401108,30.00854683,30.00343895
5161,29.83281898,30.0087986,30.00345612
5163,29.83039665,30.00924492,30.00356674
5164,29.82905769,30.00943756,30.00362015
5166,29.82632256,30.0097847,30.00373077
5169,29.8222084,30.01021194,30.00390816
5170,29.82085419,30.01048851,30.00397301
5173,29.81696701,30.01120186,30.00418854
5174,29.81568909,30.0114212,30.00422287
5177,29.8118515,30.01197243,30.00433159
5178,29.8105526,30.0121212,30.00436592
5179,29.80923271,30.01225662,30.00439644
5180,29.80792809,30.01238441,30.00442886
5181,29.80685043,30.01255608,30.00445175
5182,29.80575943,30.01274109,30.00447273
5184,29.80350113,30.01323128,30.00454521
5191,29.79523849,30.01479721,30.00473404
5192,29.79401398,30.01514244,30.00476646
5194,29.7917347,30.01576233,30.00482178
5196,29.78944969,30.01627922,30.00488853
5199,29.78608131,30.01693153,30.00500298
5201,29.7837429,30.01729202,30.00509262
5203,29.78178596,30.01761627,30.00518227
5204,29.78085518,30.01775742,30.00523758
5216,29.76778984,30.01936913,30.00569534
5218,29.76598358,30.01972198,30.0057373
5220,29.76415253,30.02003288,30.00583649
5228,29.75762749,30.02153778,30.00642014
5230,29.75607872,30.02185822,30.00656509
5231,29.75521469,30.02208519,30.00665092
5232,29.75429726,30.02233696,30.0067215
5233,29.75332451,30.02259254,30.00679398
5234,29.75231361,30.02287102,30.00687408
5236,29.75022316,30.02340889,30.00706673
5237,29.74909401,30.0236721,30.00716209
5240,29.7462616,30.02436447,30.00737762
5241,29.74555016,30.02459145,30.00742912
5242,29.7447319,30.02482605,30.00745392
5247,29.74000549,30.02619362,30.00768852
5250,29.73707199,30.0273838,30.00781631
5251,29.73609352,30.02771187,30.00786209
5253,29.73412514,30.02832794,30.00795364
5254,29.73310852,30.02862167,30.00798798
5256,29.7311821,30.0296154,30.00805092
5260,29.72760963,30.03168869,30.00816727
5261,29.72669792,30.03231049,30.00818825
5265,29.72336578,30.03538895,30.0083046
5272,29.72348404,30.04162216,30.00836563
5274,29.72396851,30.04301453,30.008358
5276,29.72516823,30.04476738,30.00835037
5279,29.72663689,30.04750824,30.0084343
5280,29.72701073,30.04826927,30.00844193
5283,29.72898102,30.05066872,30.00852013
5284,29.72999001,30.05134964,30.00854874
5287,29.7323246,30.05317497,30.00877571
5290,29.73515511,30.05542564,30.00903511
5296,29.74025917,30.05939293,30.00934029
5298,29.74194336,30.06085396,30.00943947
5301,29.74336243,30.0632267,30.00968361
5307,29.74588394,30.06775475,30.0101223
5309,29.74670029,30.06906319,30.01026726
5310,29.74701881,30.06967163,30.01033592
5311,29.74717522,30.07022285,30.01040268
5312,29.74751854,30.07082939,30.01046371
5315,29.74913025,30.07334709,30.01068687
5316,29.74982643,30.07436752,30.0107708
5320,29.7521286,30.07828522,30.0110321
5321,29.75244904,30.07924461,30.01107979
5323,29.75342751,30.08108521,30.01113319
5324,29.75413132,30.08191872,30.01116371
5326,29.75556564,30.08343697,30.01125717
5331,29.75878716,30.0865078,30.01153564
5337,29.76503754,30.09379578,30.01200485
5338,29.76636887,30.09560585,30.01207161
5342,29.77223778,30.10158539,30.01232719
5343,29.77381134,30.10279465,30.01236343
5344,29.77542686,30.10399437,30.01239204
5350,29.78421211,30.1097641,30.012537
5353,29.78773689,30.11218834,30.01262665
5355,29.79024506,30.11364746,30.01274681
5357,29.79290581,30.11528587,30.01285744
5359,29.79568672,30.11696625,30.01288795
5362,29.7995491,30.11922455,30.01294518
5367,29.80544662,30.12262726,30.01320839
5368,29.80655289,30.12337112,30.01328468
5371,29.81006432,30.12693405,30.01352882
5373,29.81220627,30.12932968,30.01365852
5374,29.81303215,30.1304245,30.01371002
5376,29.8149395,30.13235474,30.01377869
5378,29.81719017,30.13396645,30.01385117
5383,29.8238678,30.13715744,30.01404381
5384,29.82522583,30.13765144,30.0140686
5388,29.83025169,30.14061356,30.01428795
5395,29.83901978,30.1453476,30.01466942
5396,29.84021568,30.14591026,30.01471138
5398,29.84259605,30.14713669,30.01481628
5401,29.84652328,30.15056038,30.01498413
5403,29.84917259,30.15267563,30.01511002
5407,29.85449028,30.15759468,30.01545715
5411,29.85940552,30.16201591,30.01584625
5412,29.86076927,30.16309929,30.01586533
5413,29.86200523,30.16409492,30.01588249
5416,29.86599922,30.16666222,30.01599121
5420,29.87127304,30.16973114,30.01619148
5431,29.88706398,30.17716408,30.01685715
5432,29.88832283,30.17796135,30.01696014
5433,29.88954735,30.17869568,30.0170784
5434,29.89074707,30.17940712,30.01719475
5436,29.89300728,30.18066025,30.0174408
5441,29.89906883,30.18312263,30.018013
5447,29.90613365,30.18513107,30.01864052
5448,29.90726089,30.18563271,30.0187149
5453,29.91308594,30.18792152,30.01893997
5457,29.91788101,30.19006538,30.0191021
5460,29.92105675,30.19242668,30.01924515
5461,29.92213249,30.19327736,30.01926804
5463,29.92433929,30.19477844,30.01932907
5464,29.92536163,30.19543839,30.01935768
5466,29.92714691,30.19658279,30.01937103
5467,29.92805481,30.19711304,30.0193882
5468,29.92889595,30.19770241,30.0194149
5469,29.92969513,30.1983242,30.0194397
5471,29.93112373,30.19957924,30.01953316
5474,29.93321609,30.20160294,30.01968002
5476,29.9349575,30.2027359,30.01976776
5478,29.93667603,30.20373535,30.01987267
5481,29.93915558,30.20497704,30.02007103
5483,29.94076347,30.20578194,30.0201664
5488,29.9441967,30.2083168,30.02031136
5489,29.94497871,30.20879745,30.02029991
5494,29.94856262,30.21112442,30.02029419
5495,29.9493084,30.211483,30.02028275
5496,29.95012474,30.21181297,30.020298
5500,29.95310783,30.21427345,30.02019882
5501,29.95375824,30.21496582,30.02021217
5502,29.95438194,30.21560287,30.02017784
5503,29.95502281,30.21619415,30.02017212
5504,29.95565224,30.21679306,30.02018356
5505,29.95628738,30.21733856,30.02017784
5507,29.95762062,30.2183609,30.02015686
5508,29.95848083,30.21882248,30.02018929
5509,29.95931816,30.21925163,30.0202179
5512,29.96165085,30.22073174,30.02026939
5517,29.96522903,30.22263145,30.02063179
5518,29.96599388,30.22295952,30.02072525
5519,29.96678925,30.22343826,30.02085304
5520,29.967556,30.22387123,30.02095985
5521,29.96827316,30.22441864,30.0210228
5523,29.9697361,30.22538185,30.02112389
5525,29.9714756,30.2262764,30.02119637
5532,29.97799301,30.22929382,30.02150536
5533,29.97883797,30.22964478,30.02150536
5538,29.98241425,30.23186493,30.02142906
5540,29.98391342,30.23295212,30.02137375
5543,29.9860363,30.23464203,30.02134514
5548,29.98999023,30.23787689,30.02142525
5549,29.99079323,30.23838425,30.02144814
5551,29.99238586,30.23927689,30.0214653
5555,29.99501419,30.24106979,30.02179909
5556,29.99565697,30.2414608,30.02186012
5557,29.99626541,30.24183655,30.02193451
5558,29.99686623,30.24219704,30.02201843
5566,30.00334358,30.2461586,30.02269173
5570,30.00649071,30.24768639,30.02308846
5571,30.00717163,30.24800301,30.02318382
5574,30.00913048,30.24880791,30.02347183
5580,30.01195908,30.251091,30.02383804
5581,30.01239967,30.25143433,30.02389145
5583,30.0134201,30.25206184,30.02388382
5584,30.01402664,30.25252342,30.02391624
5587,30.01606941,30.2537899,30.02399635
5588,30.01676178,30.25415993,30.02401543
5589,30.01754951,30.25451279,30.02405357
5590,30.01828384,30.25484848,30.02412033
5591,30.01916885,30.25517845,30.02420807
5592,30.0201664,30.25548553,30.02426338
5593,30.02120018,30.25576782,30.02429962
5595,30.02311516,30.2562561,30.02444839
5597,30.02513313,30.25681496,30.0246067
5598,30.02609062,30.257061,30.02467728
5599,30.02698517,30.25730705,30.02472687
5601,30.02889442,30.25778008,30.0248661
5602,30.02991295,30.25801659,30.02491379
5603,30.03095818,30.25823402,30.02494812
5604,30.03190422,30.25843048,30.02495193
5605,30.03275871,30.25864029,30.0249424
5610,30.03628922,30.26113701,30.02496529
5612,30.03752899,30.26214409,30.02493477
5614,30.03888321,30.26304054,30.02495956
5615,30.03948975,30.26347542,30.02498245
5619,30.04177284,30.26515961,30.02528954
5620,30.0422554,30.2655468,30.0253849
5622,30.04315186,30.26625824,30.02565384
5623,30.04361725,30.26657486,30.02581596
5625,30.04483986,30.26722717,30.02606773
5628,30.04653931,30.26803398,30.02649498
5629,30.04705238,30.26826477,30.02663994
5631,30.04808044,30.26866341,30.02698135
5632,30.04860687,30.26883507,30.02714539
5634,30.04969788,30.2691288,30.02745819
5640,30.05294418,30.27008629,30.02817917
5641,30.05340004,30.27028465,30.02824783
5642,30.05384636,30.27049446,30.02828217
5649,30.05712128,30.27259064,30.02853203
5650,30.05758095,30.27295876,30.02858162
5652,30.05879784,30.2736969,30.02866173
5653,30.05940437,30.27402496,30.02876472
5654,30.06000328,30.27438927,30.0288372
5655,30.06070709,30.2747345,30.02890778
5656,30.06142235,30.27504539,30.02895927
5657,30.06208992,30.27532578,30.0290432
5658,30.06274223,30.27560997,30.02911949
5659,30.0634079,30.27587318,30.02920723
5668,30.0688343,30.2778759,30.03034973
5669,30.06962967,30.2781353,30.03048897
5673,30.07299423,30.27898979,30.03096771
5674,30.0739975,30.27928925,30.03105927
5677,30.07653809,30.28005028,30.03122902
5681,30.07912827,30.28101349,30.03152275
5682,30.07983398,30.28125954,30.03160095
5689,30.08397865,30.2830162,30.03197861
5692,30.08515739,30.28370857,30.03201675
5697,30.0871563,30.28577042,30.03207397
5698,30.08766365,30.28623581,30.03205872
5699,30.08814049,30.28666687,30.03207397
5701,30.08898735,30.2874279,30.03216171
5703,30.08975792,30.28809547,30.03217697
5706,30.09101486,30.28889275,30.03215218
5708,30.09180832,30.28933907,30.0320549
5709,30.09215736,30.28953743,30.03198624
5719,30.09553719,30.29197884,30.03232193
5721,30.09636307,30.29254532,30.03227806
5725,30.09799004,30.29379463,30.03230667
5726,30.09840202,30.29408264,30.03236008
5728,30.09918213,30.29461479,30.03251266
5730,30.09992981,30.29515648,30.03270912
5732,30.10060883,30.29581642,30.03286171
5733,30.10097122,30.29639435,30.03296089
5735,30.10177994,30.29741859,30.03318405
5737,30.10264015,30.29836845,30.03341484
5740,30.10401535,30.29968834,30.03370285
5751,30.11073112,30.3053894,30.03571129
5752,30.11129951,30.30608559,30.03590393
5758,30.11445427,30.30928802,30.03684425
5761,30.11615372,30.31046867,30.03723717
5764,30.11757469,30.31164169,30.03753471
5766,30.11858749,30.31228065,30.03774071
5767,30.11908913,30.3125782,30.0378685
5769,30.12004662,30.31320572,30.03810501
5770,30.12051964,30.31353951,30.03824234
5775,30.12255096,30.31484032,30.03866768
5776,30.12288857,30.31503296,30.03872871
5779,30.12383652,30.31562805,30.0388279
5780,30.12415504,30.31579781,30.03886604
5782,30.12474251,30.3165493,30.03897095
5788,30.12638474,30.31921196,30.03939247
5795,30.1295166,30.32343483,30.04040146
5796,30.12997437,30.32394409,30.0405674
5801,30.13238335,30.32640457,30.04142761
5808,30.13585663,30.32981491,30.04175758
5811,30.13720322,30.33085823,30.04175758
5813,30.13805389,30.33145332,30.04179573
5814,30.13854408,30.33172417,30.04182816
5819,30.14162064,30.33278656,30.04203796
5833,30.14901352,30.3348465,30.04243088
5834,30.14948654,30.33498764,30.04249191
5839,30.1523838,30.33560181,30.04267693
5844,30.15487289,30.33611488,30.04297256
5845,30.15527534,30.3361969,30.04307938
5846,30.15570831,30.33628464,30.04317665
5855,30.15986633,30.33721924,30.04391861
5860,30.16206169,30.33777618,30.04426956
5861,30.16263199,30.33786583,30.04434013
5864,30.16437721,30.33832741,30.04459381
5868,30.16633797,30.33958435,30.04510307
5870,30.16724586,30.34062958,30.04530334
5877,30.17082977,30.34380913,30.04600143
5880,30.1720829,30.34517097,30.04626274
5882,30.17281342,30.34604454,30.04634666
5884,30.17371941,30.34693718,30.04634094
5885,30.17415237,30.34734535,30.04637146
5888,30.17531967,30.34840965,30.04655075
5889,30.17573547,30.34872055,30.04661751
5891,30.17646217,30.34947395,30.04673195
5892,30.1767807,30.34995842,30.04683113
5895,30.17767906,30.35123444,30.04708862
5898,30.17859268,30.35221672,30.04722595
5902,30.1799469,30.35329437,30.04726219
5905,30.18159485,30.35391045,30.04733086
5907,30.18272209,30.35425186,30.04746819
5910,30.18417168,30.35476494,30.04779816
5912,30.18497276,30.35568237,30.04809952
5913,30.18535423,30.35634995,30.04821205
5916,30.18637848,30.3580761,30.04859161
5919,30.18766212,30.35943031,30.04896545
5920,30.18805122,30.36026192,30.04908562
5923,30.18908119,30.36229897,30.04938889
5926,30.19004822,30.36381912,30.04979515
5927,30.19042206,30.364254,30.04994011
5928,30.19078445,30.36465454,30.05006981
5931,30.19186211,30.36565971,30.05055618
5932,30.19223213,30.36593628,30.05072784
5938,30.19425392,30.36723137,30.05145836
5945,30.19665337,30.37023354,30.05278587
5946,30.19704628,30.3706398,30.05300713
5950,30.19880486,30.37242317,30.05385017
5952,30.19980621,30.37331009,30.05418015
5953,30.20027161,30.37371254,30.05436897
5954,30.20071793,30.37407875,30.05450821
5955,30.20115471,30.3744812,30.05462646
5956,30.20155525,30.37488937,30.05474854
5960,30.20320511,30.37619591,30.05515671
5961,30.20363617,30.37647057,30.05525398
5965,30.2054348,30.37778473,30.05553818
5968,30.20684814,30.37859344,30.05573845
5969,30.2074337,30.3788166,30.05586624
5971,30.20870781,30.37921143,30.05613327
5978,30.21286583,30.38106155,30.05665207
5980,30.21385956,30.38230324,30.05664063
5982,30.21494484,30.38335991,30.05670357
5987,30.21726227,30.38532639,30.05722427
5991,30.21953392,30.38665009,30.05765152
5995,30.22141457,30.38762474,30.05812836
5996,30.22190475,30.38791084,30.05823898
5997,30.22235298,30.38818169,30.05832291
6000,30.2235527,30.38886642,30.05864334
6003,30.22478294,30.3894062,30.05888748
6004,30.22524643,30.38955498,30.0589447
6005,30.22567558,30.38968849,30.05904388
6007,30.22651672,30.38992882,30.05910683
6009,30.22693825,30.39002991,30.05913925
6010,30.22731972,30.39013481,30.05917931
6015,30.22921181,30.3905983,30.05984879
6016,30.22981071,30.39068031,30.06002426
6017,30.23038101,30.39076042,30.06018829
6018,30.23091698,30.39086914,30.06032753
6019,30.23145294,30.39096642,30.06052017
6020,30.2319355,30.39105988,30.06066322
6022,30.23298454,30.39126015,30.06089783
6026,30.23504829,30.39159203,30.06114006
6027,30.23552513,30.39175606,30.06117249
6028,30.23599052,30.39190483,30.06123543
6032,30.2380619,30.39271545,30.06149673
6033,30.23857307,30.39294052,30.06152534
6034,30.23909187,30.3931427,30.06157684
6035,30.23957443,30.39332581,30.06159782
6036,30.24001503,30.39352608,30.06167221
6038,30.24078369,30.39390182,30.06180573
6046,30.24373055,30.39520264,30.06218719
6048,30.24442101,30.39543915,30.06224251
6049,30.24476051,30.39555931,30.06231499
6050,30.24507141,30.39566994,30.06243706
6052,30.24565887,30.3958683,30.06267166
6056,30.2468586,30.3961792,30.06285667
6057,30.24710274,30.39624596,30.06292152
6061,30.24809074,30.3964653,30.06313133
6062,30.24837685,30.39651108,30.0631237
6063,30.2486496,30.39655876,30.06314659
6064,30.24890709,30.39660263,30.06322098
6066,30.24938774,30.39669609,30.06342888
6068,30.2498455,30.39680099,30.06370163
6069,30.25005913,30.39692497,30.06380081
6070,30.25026321,30.39706039,30.06390762
6072,30.25064659,30.39731598,30.06403732
6073,30.25083351,30.39743805,30.0640831
6074,30.25102997,30.39754868,30.06413269
6078,30.25216293,30.39803123,30.06450272
6081,30.25294304,30.39843369,30.06495667
6082,30.25322533,30.39854622,30.06505775
6086,30.25447083,30.39907837,30.06542587
6089,30.25553703,30.39951515,30.06553459
6092,30.25679207,30.3999939,30.06546211
6095,30.25788307,30.40048027,30.06555748
6098,30.25945473,30.4009037,30.06599045
6104,30.26243019,30.40254021,30.06663895
6105,30.26284409,30.40294266,30.06668282
6111,30.26489639,30.40470886,30.06698608
6113,30.26555252,30.40516663,30.06713867
6115,30.26633263,30.40568924,30.06733322
6120,30.26799583,30.40690231,30.06781578
6121,30.2682457,30.40728378,30.0679493
6122,30.26847458,30.40763092,30.06810951
6124,30.26912498,30.40829277,30.06846237
6128,30.27057838,30.40954971,30.06911659
6135,30.27246857,30.41469574,30.06980705
6136,30.27271271,30.415411,30.06989098
6137,30.27301216,30.41606903,30.07001877
6138,30.27337456,30.41668129,30.07012558
6139,30.27385712,30.41728592,30.07020378
6140,30.27430153,30.41784096,30.07028008
6143,30.27554321,30.41921425,30.07059479
6144,30.2760849,30.41959381,30.07073212
6145,30.27666092,30.41994667,30.07086372
6148,30.27817917,30.42091751,30.07121086
6150,30.27905273,30.42147064,30.07139969
6152,30.279953,30.42202568,30.07160187
6155,30.28119659,30.42286491,30.07206917
6161,30.28340912,30.42422295,30.07281494
6162,30.28380966,30.42442131,30.07282639
6163,30.28417969,30.4246006,30.07280159
6166,30.28547478,30.42514038,30.07277298
6167,30.28590012,30.42529297,30.07281494
6171,30.2875824,30.42606354,30.07328224
6172,30.28796768,30.42623138,30.07339096
6173,30.28831673,30.42638206,30.07358932
6175,30.28901863,30.42679977,30.07388496
6180,30.29066086,30.42794991,30.07473564
6181,30.29099655,30.42816353,30.07482147
6190,30.29388428,30.42969894,30.07576942
6194,30.29485512,30.43021584,30.07587624
6199,30.29628372,30.43074799,30.0759964
6201,30.2967453,30.43099022,30.0761013
6208,30.29820442,30.43225288,30.07646751
6210,30.29872131,30.4324913,30.07653809
6212,30.29921722,30.43271828,30.07643318
6219,30.30107689,30.43358612,30.07572174
6220,30.30129242,30.43375206,30.07554436
6224,30.30235291,30.43447876,30.07520485
6226,30.30291557,30.43492889,30.07521057
6227,30.30319023,30.43522644,30.07530403
6230,30.30394745,30.43596268,30.0754509
6232,30.30488968,30.43649864,30.07547379
6233,30.30535316,30.43675041,30.07550049
6236,30.30660057,30.43785667,30.07552338
6237,30.30695534,30.43823814,30.0755024
6238,30.30727959,30.43869019,30.07549667
6239,30.30758667,30.43910217,30.07551956
6240,30.30796814,30.43947601,30.07554817
6241,30.30833817,30.43982315,30.07557678
6242,30.30871773,30.44018364,30.07564163
6243,30.30912209,30.4405098,30.07566452
6244,30.30957603,30.44080925,30.07565498
6246,30.31045532,30.44135094,30.075634
6254,30.31353378,30.44528198,30.07618523
6255,30.31402397,30.44573593,30.07631493
6259,30.31571007,30.44724274,30.07689667
6260,30.31604767,30.4475441,30.07701492
6263,30.31692505,30.44831085,30.07715034
6266,30.31772423,30.44912338,30.07707596
6267,30.31801224,30.44937134,30.07701683
6269,30.31853485,30.44989204,30.07679367
6270,30.31876945,30.45015526,30.07669449
6273,30.31945992,30.45079803,30.0763092
6276,30.32017708,30.45131683,30.07611656
6277,30.32040024,30.45147896,30.07610321
6279,30.32089996,30.45177078,30.07595634
6281,30.32142448,30.45201111,30.0758419
6286,30.32279396,30.4529438,30.07576752
6287,30.32312584,30.45310211,30.07580376
6288,30.32343292,30.45325279,30.07585526
6291,30.32447052,30.45364761,30.0759182
6293,30.32546997,30.45386505,30.07596207
6294,30.32591438,30.4539814,30.0758934
6295,30.32633781,30.4540863,30.07584381
6296,30.32673264,30.45418358,30.07582283
6299,30.32780838,30.45460701,30.07567406
6302,30.32884407,30.45499611,30.07569313
6309,30.33172226,30.45593452,30.07605171
6312,30.33274269,30.45632362,30.07599449
6318,30.33452225,30.45776176,30.0757885
6319,30.33493996,30.45812225,30.07583427
6320,30.33533859,30.45845985,30.07581711
6321,30.33572578,30.45876503,30.07583046
6323,30.33641052,30.45933533,30.07598686
6328,30.33785057,30.46040535,30.0767231
6330,30.33829308,30.46071625,30.07707787
6332,30.33886337,30.46098709,30.07745171
6333,30.33918762,30.46116829,30.07765961
6334,30.33956528,30.46133804,30.07788086
6335,30.33991432,30.46149254,30.07808685
6338,30.34081459,30.46194267,30.07832146
6340,30.34132004,30.46220016,30.07831955
6341,30.34156036,30.46231079,30.07832146
6350,30.34397507,30.46298599,30.07885361
6351,30.34430504,30.46304512,30.07889938
6354,30.34520721,30.46330643,30.07909966
6356,30.34574509,30.46354675,30.07912254
6357,30.34599495,30.46365356,30.0791626
6358,30.34622765,30.46375084,30.07927132
6359,30.34648514,30.4638443,30.07933617
6360,30.34674835,30.46393585,30.07940483
6367,30.34862518,30.46469879,30.07986641
6368,30.34882736,30.4647789,30.079916
6370,30.349226,30.46494865,30.07996941
6372,30.34960938,30.46517372,30.07993507
6374,30.34994507,30.46549416,30.079916
6375,30.35009384,30.46564102,30.07997131
6377,30.35040283,30.46590614,30.08019447
6378,30.35059929,30.46602821,30.08034897
6381,30.35158539,30.46635437,30.0809269
6385,30.35280228,30.46681213,30.08160019
6386,30.35305977,30.46699715,30.08176422
6393,30.35472298,30.46818542,30.08222198
6394,30.35497093,30.46834755,30.08237839
6399,30.35681343,30.46903801,30.08335114
6400,30.35725021,30.46916962,30.08356857
6402,30.35801888,30.46939659,30.08395195
6403,30.35838318,30.46949196,30.08410454
6404,30.35873413,30.46957779,30.08420372
6405,30.35909081,30.46969032,30.08428192
6406,30.35942078,30.46981812,30.08432198
6411,30.36113167,30.47047424,30.08432198
6412,30.36152458,30.47068596,30.0843792
6413,30.36193848,30.47087669,30.08443832
6414,30.36235619,30.47107506,30.0845108
6416,30.36309052,30.47141647,30.08470154
6418,30.36375427,30.47169685,30.08498001
6421,30.36472511,30.47227859,30.08517647
6425,30.36635971,30.47291946,30.08538437
6426,30.36669922,30.47307777,30.08550262
6432,30.36835861,30.47395515,30.08631516
6436,30.36919022,30.47472954,30.08671188
6441,30.37000275,30.4759388,30.0870533
6443,30.3702774,30.47647667,30.08724403
6444,30.3705349,30.47671318,30.08736229
6449,30.37200165,30.477911,30.08821297
6452,30.3728199,30.47854614,30.08862686
6454,30.37331581,30.47905159,30.08912468
6455,30.37355614,30.47926903,30.08932304
6456,30.3737793,30.47947311,30.08949661
6457,30.37398911,30.47965622,30.08964157
6460,30.37479973,30.4801712,30.0900116
6465,30.37678337,30.48085976,30.0905056
6466,30.3772583,30.4809761,30.09064102
6467,30.37769318,30.48108673,30.09077072
6469,30.37847137,30.4812851,30.09116745
6472,30.37955093,30.48317719,30.091959
6473,30.37986755,30.48369026,30.09218788
6476,30.38117409,30.48518181,30.09253883
6478,30.3819046,30.48596954,30.09269905
6480,30.38252449,30.48665428,30.09287834
6482,30.38312149,30.4872303,30.09295654
6488,30.38467407,30.48847961,30.09326744
6493,30.38611221,30.48914528,30.09389877
6494,30.38640785,30.48925209,30.09401703
6495,30.38669014,30.48935127,30.09415627
6496,30.38694763,30.48944092,30.09427071
6498,30.38746071,30.48961639,30.09448433
6502,30.38843536,30.49007034,30.09449959
6508,30.38996887,30.49103355,30.09493637
6509,30.39025688,30.49116898,30.09494019
6513,30.39120293,30.4916172,30.09483147
6515,30.39173889,30.49196625,30.09474754
6516,30.39201927,30.49219704,30.09472275
6519,30.39275932,30.49277878,30.09480286
6520,30.39301491,30.492939,30.09489441
6526,30.39460373,30.49406624,30.09543228
6533,30.39655876,30.49521828,30.09561539
6537,30.39748001,30.49576569,30.09574509
6539,30.39800835,30.4960041,30.09557533
6540,30.3983078,30.49614906,30.09557533
6543,30.39926338,30.4967804,30.09542465
6545,30.39978218,30.49730682,30.09527779
6547,30.40036964,30.49780083,30.09506035
6548,30.40062332,30.49801826,30.09500694
6549,30.40099716,30.49821663,30.09497833
6554,30.40265656,30.49909019,30.09510231
6555,30.40293694,30.49923706,30.09519005
6556,30.40330315,30.4993782,30.09531975
6557,30.40363693,30.49951553,30.09542465
6558,30.40395164,30.49964142,30.09551048
6559,30.40424156,30.49975586,30.09565353
6560,30.40450859,30.49985886,30.09574509
6563,30.40539169,30.50013542,30.09589386
6564,30.40565681,30.50021553,30.09596062
6566,30.40622139,30.50042343,30.09620285
6568,30.40678596,30.500597,30.09652328
6569,30.40708733,30.50067329,30.0967083
6573,30.40812111,30.50094604,30.09755325
6576,30.40871811,30.50114632,30.09808159
6577,30.40888596,30.50125885,30.09818649
6580,30.40937424,30.50165939,30.098629
6582,30.40984535,30.50193024,30.09876251
6583,30.41005898,30.50206566,30.09878349
6584,30.41025352,30.50219727,30.09884262
6585,30.4104538,30.50232315,30.09895134
6593,30.4120903,30.50336838,30.1000042
6596,30.41260147,30.50419617,30.10043716
6597,30.4127655,30.50449562,30.10059357
6600,30.41332436,30.50542068,30.10097885
6604,30.41444778,30.5068264,30.10159302
6606,30.41497803,30.50743866,30.10182381
6608,30.41547012,30.50806427,30.10207176
6611,30.41641426,30.50936317,30.10241699
6612,30.41674995,30.50982475,30.1024971
6615,30.41765594,30.51120377,30.10293198
6616,30.41792679,30.51158142,30.10315895
6618,30.41843796,30.51246834,30.10358429
6621,30.41921234,30.51353073,30.10436058
6623,30.41977882,30.51415634,30.10468483
6624,30.42006111,30.51442528,30.10485649
6625,30.4203167,30.51466751,30.10499382
6626,30.4205513,30.51488686,30.10510826
6628,30.42102051,30.51527405,30.10531425
6630,30.42150307,30.51561165,30.10532379
6631,30.42172623,30.51575851,30.10538864
6635,30.42280006,30.51629448,30.10565567
6639,30.42388344,30.51703262,30.10578728
6641,30.42441559,30.51741982,30.10603333
6643,30.42490387,30.51775742,30.10624504
6644,30.42513275,30.5179081,30.1063652
6645,30.42535591,30.51804543,30.10652924
6649,30.42618561,30.52073288,30.10703278
6650,30.42636681,30.5215435,30.10714912
6651,30.42654037,30.52227402,30.10725021
6652,30.42671776,30.5229435,30.10733795
6654,30.42708778,30.52411079,30.10746765
6655,30.42726135,30.52465248,30.10749435
6656,30.4274292,30.52516174,30.10758209
6658,30.42788315,30.52607346,30.1077652
6660,30.42831612,30.52685356,30.10786629
6665,30.42922211,30.52830696,30.10806274
6666,30.42939758,30.52852631,30.10808945
6673,30.4307251,30.52967262,30.10853577
6678,30.43181801,30.5301857,30.10882378
6680,30.43241119,30.5303421,30.10901451
6681,30.43270111,30.5304203,30.10912323
6683,30.43323708,30.53055763,30.10936928
6685,30.433815,30.53067207,30.10957146
6687,30.4343605,30.53086662,30.10983849
6690,30.43513489,30.53112411,30.11038971
6692,30.43575859,30.53128242,30.11086082
6694,30.4364357,30.53142166,30.11133385
6698,30.43758774,30.5316658,30.11208153
6699,30.43783379,30.53172684,30.11230469
6700,30.43805885,30.53181458,30.11249924
6706,30.43911743,30.53236961,30.11351585
6708,30.4394207,30.53270531,30.11393356
6710,30.4397068,30.53323555,30.11433029
6711,30.43985558,30.53358269,30.11455917
6713,30.44012451,30.5342083,30.11478996
6715,30.44035339,30.53476715,30.11503029
6717,30.44055939,30.53526497,30.11537743
6719,30.44079971,30.53571129,30.11575127
6720,30.4409256,30.53591919,30.11591721
6721,30.44105339,30.53611565,30.11609268
6722,30.44117928,30.53637505,30.11622238
6724,30.4414196,30.53683281,30.11651421
6726,30.44165421,30.5374279,30.11687088
6728,30.44197845,30.53814125,30.11707687
6730,30.44232559,30.5389843,30.11730957
6732,30.44264412,30.53990364,30.11748505
6733,30.4427948,30.54033661,30.11758423
6734,30.44295692,30.54073143,30.11770248
6735,30.44313431,30.5410881,30.1177597
6738,30.44362831,30.54207039,30.11799812
6740,30.44395256,30.54270935,30.11817169
6742,30.44438744,30.5432415,30.11831856
6745,30.44518471,30.54389572,30.11835098
6746,30.44550705,30.54409409,30.11830902
6749,30.44632912,30.54469109,30.11813164
6758,30.44874382,30.54622269,30.11774063
6760,30.44927025,30.54657936,30.11756516
6761,30.44955063,30.54675293,30.1173954
6762,30.44981194,30.54692841,30.11722755
6768,30.45118904,30.54790306,30.11661148
6769,30.45138168,30.54807281,30.11662292
6770,30.45156479,30.54822731,30.11655235
6771,30.45173264,30.54837418,30.11656952
6776,30.45278931,30.54938316,30.11688042
6777,30.45308113,30.54964828,30.11691284
6778,30.45334435,30.54992294,30.11690903
6781,30.45401001,30.55064201,30.11685753
6787,30.45518684,30.55194283,30.1173172
6788,30.45534515,30.55213737,30.11746216
6789,30.45550156,30.55231857,30.11762047
6790,30.45564461,30.55256653,30.11777115
6791,30.45579529,30.55279922,30.1179409
6793,30.4560833,30.55320549,30.11816597
6796,30.45693207,30.55370903,30.11832047
6798,30.45743561,30.55399132,30.11831284
6799,30.45765495,30.55412483,30.1183567
6800,30.45788574,30.55425262,30.11838722
6801,30.45821762,30.55437088,30.11839485
6802,30.45853806,30.55458069,30.11839676
6804,30.45916176,30.5551281,30.11836815
6806,30.45971298,30.55570984,30.11828995
6808,30.4602108,30.55618668,30.11845016
6809,30.46044731,30.55639267,30.11844254
6810,30.46067619,30.55658722,30.11847115
6811,30.46089745,30.55676651,30.11849403
6814,30.46164131,30.55724525,30.11869049
6816,30.46216202,30.55751038,30.11875343
6817,30.4624157,30.55765915,30.11880684
6818,30.46266747,30.55779457,30.11890602
6820,30.46316528,30.55819321,30.11895752
6821,30.46340179,30.55838966,30.11897659
6822,30.46364021,30.55864143,30.11896133
6827,30.46464157,30.56340027,30.11891937
6828,30.46484566,30.56449509,30.11889076
6829,30.46503067,30.56549263,30.11895943
6830,30.46522903,30.56645775,30.1190567
6831,30.46543884,30.5673275,30.11917114
6836,30.46628952,30.57078362,30.11954689
6838,30.46653938,30.57197571,30.11964035
6840,30.46678352,30.57300186,30.11982536
6841,30.46689034,30.57345772,30.11992073
6842,30.46699142,30.57386971,30.1199894
6844,30.46727943,30.57460022,30.12002373
6848,30.46806145,30.5757122,30.12026215
6851,30.46865463,30.57631683,30.12075233
6853,30.46899796,30.57664871,30.12106133
6854,30.46917534,30.57679558,30.12123108
6864,30.47092819,30.57786942,30.12264061
6867,30.47149277,30.5780983,30.12289047
6869,30.47186852,30.57824326,30.12291145
6870,30.47218513,30.57831573,30.12290764
6875,30.47376823,30.57865334,30.1234169
6877,30.4746933,30.57879257,30.12374687
6882,30.47642136,30.57917976,30.12472725
6883,30.47668266,30.57926178,30.12491035
6885,30.47716522,30.57943726,30.12527466
6886,30.47739792,30.57953835,30.12538338
6890,30.47826767,30.58026505,30.12594986
6891,30.47850037,30.58043671,30.12598228
6896,30.4793911,30.58123589,30.12618828
6897,30.47953033,30.58150864,30.12622833
6901,30.48016548,30.58252144,30.12658882
6905,30.48087502,30.58333015,30.12716293
6907,30.48116112,30.58370781,30.12755013
6911,30.48188591,30.58455849,30.12851524
6918,30.48325157,30.58605194,30.12976074
6933,30.48619843,30.59016609,30.13071632
6935,30.48649216,30.59058189,30.13050842
6936,30.48664093,30.59077454,30.13040733
6937,30.48677444,30.59096527,30.1303215
6941,30.48740959,30.59196091,30.12995338
6947,30.48858261,30.5931015,30.12961769
6949,30.4889679,30.59338951,30.12952995
6952,30.48943901,30.59393501,30.1293354
6953,30.48956871,30.59414864,30.12922287
6956,30.48995972,30.5946846,30.12891769
6959,30.4902668,30.59508705,30.12856102
6962,30.49057007,30.59539032,30.12851906
6964,30.4907589,30.59556007,30.12868881
6967,30.49100113,30.59588814,30.12897491
6968,30.49108315,30.59598923,30.12904739
6974,30.49158287,30.59651756,30.12935638
6980,30.49224281,30.59686661,30.12969589
6983,30.49272919,30.59705353,30.13030815
6985,30.49314499,30.59717751,30.13088226
6987,30.49350929,30.59728813,30.13149643
6990,30.49410629,30.59744835,30.13230324
6991,30.4942894,30.59750938,30.13247299
6993,30.49464607,30.59762192,30.13282394
6999,30.49593544,30.59792709,30.13375473
7002,30.49648094,30.59812355,30.13393402
7005,30.49708748,30.59832764,30.13372231
7007,30.49744415,30.59843826,30.13371658
7008,30.49760437,30.59848976,30.13368034
7011,30.49791145,30.59874344,30.13365364
7014,30.49834824,30.59923935,30.13358116
7015,30.49849129,30.5994072,30.13356972
7017,30.49882889,30.59969711,30.13357353
7019,30.49915123,30.60018158,30.13369179
7020,30.49929428,30.60038948,30.13374901
7021,30.49942398,30.60057831,30.13381958
7023,30.49967384,30.60090446,30.13396072
7025,30.49994087,30.6012249,30.13405991
7030,30.50087929,30.60182381,30.13459587
7033,30.50164223,30.60207558,30.13496208
7034,30.50185776,30.60214424,30.13509369
7035,30.50205612,30.60220528,30.13521957
7037,30.50255966,30.60240364,30.13548279
7039,30.50312233,30.60273361,30.13576508
7042,30.50385475,30.60313416,30.13619423
7043,30.504076,30.60325241,30.13631058
7046,30.5047245,30.60368347,30.13674545
7048,30.50516319,30.60394287,30.13731194
7050,30.50566864,30.60425758,30.13776398
7051,30.50592804,30.60444641,30.13798141
7055,30.50680923,30.60510445,30.13889885
7056,30.50699425,30.60528564,30.13907814
7057,30.50718498,30.60544968,30.13928032
7058,30.50736046,30.60561752,30.13958359
7064,30.50839233,30.60642242,30.14142799
7076,30.51001358,30.6082077,30.1425724
7077,30.51010704,30.60847664,30.14265823
7079,30.51035309,30.60898399,30.14295769
7082,30.51080322,30.60968971,30.14354134
7085,30.51121712,30.61049843,30.14392853
7086,30.5113678,30.6107502,30.14403725
7089,30.5117588,30.61143494,30.14417458
7091,30.51197433,30.61188507,30.14437294
7094,30.5122776,30.61244965,30.14432144
7097,30.51281929,30.61291313,30.14416122
7098,30.51302719,30.61305809,30.14419174
7099,30.51321602,30.6131916,30.14423561
7101,30.51363373,30.61343384,30.14437294
7102,30.51384354,30.61354065,30.14446259
7105,30.51442719,30.61380768,30.14462471
7107,30.5148201,30.61395264,30.14465332
7109,30.51516342,30.61409378,30.14467239
7110,30.51531792,30.61416435,30.14468002
7111,30.51546478,30.61423492,30.14471054
7113,30.51601601,30.61436272,30.14491463
7114,30.51626205,30.61454773,30.14504242
7119,30.51721954,30.61532402,30.14510536
7120,30.51738739,30.61546326,30.14506531
7121,30.51753998,30.61558914,30.14508057
7126,30.51845741,30.61619949,30.14537621
7129,30.51902771,30.6166687,30.14580536
7130,30.51920891,30.61683846,30.14595222
7133,30.51966286,30.61730576,30.14635658
7139,30.52045441,30.61832428,30.14723206
7140,30.52058792,30.61856842,30.14732361
7142,30.52082825,30.61899376,30.14756393
7143,30.52093506,30.61917686,30.14777374
7144,30.52103806,30.6193428,30.14803505
7145,30.52119446,30.61949348,30.14827347
7146,30.52134132,30.61963844,30.14850044
7147,30.52148056,30.61977005,30.1487751
7150,30.5218277,30.62011909,30.14961243
7152,30.52204323,30.62050056,30.15020752
7153,30.52216911,30.62067604,30.15043259
7155,30.52240944,30.62098885,30.15077782
7159,30.5232296,30.62153816,30.15099144
7161,30.52392387,30.62176704,30.1509037
7162,30.52426147,30.62186813,30.15097046
7165,30.52512169,30.62219238,30.15163803
7167,30.5256691,30.62244415,30.15211105
7168,30.52598763,30.62255287,30.15232849
7171,30.52700806,30.62295341,30.15279579
7173,30.52770996,30.62327766,30.15311241
7174,30.52803421,30.62343979,30.15323639
7175,30.52833939,30.62360191,30.15335846
7180,30.52958488,30.62428856,30.15395355
7182,30.53007889,30.62453079,30.15410042
7187,30.53110123,30.62502861,30.15484047
7189,30.53141975,30.62521744,30.15507507
7191,30.53171921,30.62538338,30.15524483
7193,30.53199196,30.62552261,30.15536308
7194,30.53211403,30.62559128,30.15545082
7196,30.53234482,30.62571144,30.15552521
7197,30.53252983,30.62576485,30.15550995
7198,30.5327034,30.62581253,30.15545654
7201,30.53317451,30.62594604,30.1553669
7202,30.53330994,30.6259861,30.15533066
7203,30.53344154,30.62602806,30.15528297
7206,30.53380585,30.62669945,30.15513229
7207,30.53391075,30.62691307,30.1551342
7208,30.53400612,30.62712288,30.15516663
7209,30.53410149,30.62731171,30.15525246
7210,30.53419685,30.62748146,30.15531349
7212,30.53437233,30.62778091,30.15550995
7216,30.53499794,30.6282959,30.15635109
7217,30.53514671,30.62841034,30.15663147
7218,30.53529358,30.62851334,30.15691566
7221,30.53575325,30.62908745,30.15775299
7222,30.53588104,30.62929535,30.15798759
7228,30.53668785,30.63023949,30.1588192
7229,30.53681564,30.63035393,30.15888786
7241,30.53803444,30.63240814,30.15945625
7242,30.53813934,30.63259888,30.15956116
7256,30.53975105,30.63624763,30.16018677
7257,30.53986549,30.6364212,30.16023254
7258,30.5399971,30.63657951,30.16031075
7261,30.54040146,30.63702011,30.1604557
7266,30.54107094,30.63792229,30.16054916
7267,30.54118729,30.63806534,30.16060066
7269,30.54141235,30.63832855,30.16057587
7272,30.54180145,30.63866425,30.16059685
7273,30.54193497,30.6387558,30.16058922
7274,30.54206276,30.63883781,30.16055489
7278,30.54249763,30.63910484,30.16075516
7280,30.5427475,30.63921738,30.16082573
7281,30.54288101,30.63926697,30.16083527
7282,30.5430069,30.63931274,30.16085243
7284,30.54328918,30.63939857,30.16096878
7285,30.54343224,30.63943863,30.16098976
7289,30.54390717,30.63959503,30.16104698
7291,30.5441494,30.6396904,30.16098595
7292,30.54428673,30.63973999,30.16098785
7293,30.54441833,30.6397934,30.16106224
7297,30.54520607,30.63997078,30.16163826
7298,30.54537582,30.64001083,30.16174316
7301,30.54584312,30.64012337,30.1620903
7304,30.54645348,30.64022446,30.16246986
7305,30.54665184,30.64025307,30.1625824
7311,30.54782867,30.64043427,30.16262245
7320,30.54935074,30.64127541,30.16318893
7329,30.55092049,30.64240456,30.16517067
7330,30.55111122,30.64334106,30.16529655
7334,30.55171585,30.64626884,30.16583633
7337,30.55229568,30.64782906,30.1662693
7343,30.55408859,30.64996338,30.16780281
7345,30.55470276,30.65044975,30.16841507
7347,30.55531883,30.65086174,30.16885757
7349,30.55595016,30.65120316,30.16909218
7352,30.55679512,30.65159416,30.1691227
7355,30.55749702,30.65231895,30.16911316
7357,30.5579071,30.65270805,30.16923141
7358,30.55809021,30.6528759,30.16933632
7361,30.5586071,30.65340042,30.16977501
7363,30.5590229,30.653862,30.17007065
7365,30.55940247,30.65442276,30.17034149
7366,30.55957031,30.65466881,30.17047119
7368,30.55986977,30.65509415,30.17071533
7372,30.56048012,30.65587044,30.17101288
7380,30.56181145,30.65707016,30.1721344
7382,30.56232452,30.65730858,30.17224503
7383,30.56256866,30.6574192,30.17230225
7384,30.56279182,30.65752029,30.17235184
7386,30.56320381,30.65769768,30.17248154
7387,30.56339073,30.65777588,30.17257309
7389,30.56376648,30.65794563,30.17268562
7391,30.5640831,30.65809822,30.17276955
7392,30.56422806,30.65816689,30.17289925
7393,30.56436539,30.65822983,30.17301941
7396,30.56482506,30.65839386,30.17328072
7397,30.56495094,30.65843964,30.17339516
7399,30.5651722,30.65852547,30.17360687
7402,30.56547737,30.65864563,30.17378044
7403,30.56556702,30.65868378,30.17385101
7404,30.56566048,30.65871811,30.17401505
7405,30.56576347,30.65875053,30.17414856
7407,30.56603622,30.65881348,30.17444038
7409,30.56627655,30.65888405,30.17470551
7413,30.56702232,30.65914154,30.1750946
7414,30.56721306,30.6592083,30.17513275
7415,30.56738472,30.65927887,30.17518806
7419,30.56813049,30.65953255,30.17495155
7424,30.56935692,30.66044235,30.17506409
7426,30.57035065,30.66077042,30.17514801
7427,30.57079506,30.66093445,30.17518234
7428,30.57121468,30.66108322,30.17521477
7429,30.57159615,30.66121674,30.17522812
7430,30.57195091,30.66134071,30.17534256
7431,30.57227325,30.66157532,30.17543793
7433,30.57288742,30.66204834,30.17560959
7434,30.57320404,30.66228676,30.17572403
7436,30.57375526,30.66274452,30.17607117
7437,30.5739994,30.66296196,30.1763401
7438,30.57425117,30.66315842,30.17665863
7440,30.57475662,30.66349792,30.17720604
7451,30.577528,30.66503334,30.17947578
7457,30.57878876,30.66571045,30.18115616
7461,30.57976913,30.66615486,30.18234634
7462,30.58004379,30.66625404,30.18264389
7463,30.5803833,30.6663475,30.18288803
7466,30.58131409,30.66661835,30.18356323
7468,30.58183861,30.66679382,30.18403053
7469,30.58208656,30.66687202,30.18436813
7475,30.5834446,30.66802406,30.18606377
7478,30.58422852,30.66869545,30.18697929
7481,30.58538437,30.66930771,30.18761826
7482,30.58574486,30.66950035,30.18786049
7486,30.58696556,30.67022514,30.18850136
7489,30.58772087,30.67069626,30.18884468
7490,30.58793831,30.67083549,30.18885231
7494,30.58872795,30.67141533,30.18873215
7496,30.58906174,30.67174911,30.18869591
7497,30.58921242,30.67190742,30.18870926
7500,30.5898571,30.67238045,30.18887711
7502,30.59039116,30.67262077,30.18900108
7508,30.59164429,30.67333984,30.18933487
7509,30.59200668,30.67347527,30.18937683
7510,30.59233856,30.67360115,30.18939209
7514,30.59362411,30.67413521,30.18951797
7519,30.5952301,30.67477608,30.18974113
7520,30.59551239,30.67497635,30.18978882
7527,30.5976162,30.67618179,30.18981934
7529,30.59807396,30.67648125,30.18982697
7530,30.59827805,30.67660904,30.18976974
7531,30.59853935,30.67673111,30.18971062
7535,30.59938812,30.67717171,30.1895237
7536,30.59957504,30.67727089,30.18947601
7538,30.59994698,30.67744827,30.18931389
7539,30.60013962,30.67752647,30.18927765
7540,30.60032845,30.67759895,30.18930435
7542,30.60078812,30.67774391,30.18911362
7543,30.60103416,30.67780685,30.18901253
7546,30.60166168,30.67926979,30.18877411
7548,30.60205269,30.68007088,30.18875504
7549,30.60224915,30.68041611,30.18881035
7550,30.60242844,30.68076515,30.18889236
7551,30.60259247,30.68108177,30.1889782
7553,30.60290909,30.6816349,30.18918419
7557,30.60343552,30.68253708,30.18959618
7558,30.60355759,30.68271828,30.18954277
7560,30.60380745,30.68304443,30.18945503
7564,30.60424995,30.68394089,30.18933105
7565,30.60437393,30.68416214,30.18939972
7566,30.60449028,30.68436241,30.18956947
7569,30.60484886,30.68488503,30.19008064
7570,30.60497856,30.68503571,30.19020844
7571,30.60521126,30.68517113,30.19032669
7572,30.60543633,30.68529701,30.19046021
7574,30.60585785,30.6856041,30.19081688
7577,30.60648727,30.68599319,30.19120789
7581,30.60723114,30.68640137,30.19204712
7582,30.60739326,30.68652153,30.19223213
7585,30.60804558,30.68684387,30.19298363
7587,30.60847473,30.6872406,30.19374466
7589,30.6089325,30.68772697,30.1945591
7590,30.60913658,30.68794823,30.19501495
7591,30.60932159,30.68815041,30.19541931
7592,30.60949135,30.68833923,30.19576454
7593,30.60965157,30.68851089,30.19606018
7594,30.60979652,30.68867111,30.19635773
7595,30.60992813,30.68881798,30.19659805
7596,30.610075,30.6890049,30.19676971
7599,30.61051941,30.68948174,30.19714355
7601,30.61106873,30.68977737,30.19747543
7602,30.61131477,30.6899147,30.19768333
7603,30.61155891,30.69003677,30.19784546
7608,30.61268234,30.69056702,30.19850731
7612,30.61332321,30.69098091,30.19895554
7615,30.61376572,30.69131851,30.19924927
7621,30.61475372,30.69192505,30.19990921
7624,30.61525917,30.69226265,30.20042419
7625,30.61541557,30.69236374,30.20057106
7630,30.61611748,30.69277382,30.20158386
7633,30.61650848,30.69317245,30.20232582
7638,30.61738396,30.69415092,30.20326614
7640,30.617733,30.69446945,30.20338249
7641,30.61790085,30.69499207,30.20347214
7650,30.61931992,30.69834137,30.20365334
7655,30.62033653,30.69936943,30.20334244
7656,30.6205101,30.69952393,30.20321465
7658,30.62086678,30.69979668,30.20308876
7664,30.62187958,30.70042992,30.20233345
7665,30.62206078,30.70053482,30.20228577
7667,30.62242126,30.70072556,30.20217133
7669,30.62279129,30.7008934,30.20205688
7671,30.62311935,30.70120621,30.20213318
7672,30.62326241,30.70136642,30.20221519
7676,30.62384415,30.70185661,30.20248604
7679,30.62423134,30.7021122,30.20285416
7681,30.62451172,30.7022686,30.20337296
7682,30.6246376,30.70235825,30.20363045
7685,30.62496376,30.7026329,30.20413208
7689,30.62532997,30.70298195,30.20474434
7692,30.62555695,30.70318604,30.20521164
7693,30.62563133,30.70327759,30.20542336
7697,30.62607193,30.70356941,30.20600319
7708,30.62721634,30.70462608,30.2072525
7709,30.62733841,30.70472145,30.2072525
7711,30.62756348,30.70494843,30.20728493
7713,30.62778854,30.70519829,30.20726013
7714,30.62790108,30.70532227,30.20736504
7716,30.6281662,30.70555305,30.20742798
7718,30.62848854,30.7057476,30.20742989
7721,30.62892532,30.70604706,30.20758438
7723,30.62918663,30.7065506,30.20773125
7725,30.62944603,30.70697784,30.20783043
7726,30.62958527,30.70716095,30.20801544
7727,30.62971497,30.70733643,30.20817947
7728,30.62983322,30.70750237,30.20834351
7729,30.62994385,30.70765305,30.20855331
7732,30.630476,30.70804977,30.20902634
7734,30.63082123,30.70829773,30.20903015
7738,30.63171768,30.70892334,30.20933723
7741,30.63223648,30.70944977,30.20946693
7742,30.63238525,30.70961761,30.20943832
7744,30.63265419,30.70991707,30.20932961
7747,30.63322449,30.71055412,30.2093544
7748,30.63345528,30.71077156,30.20925522
7750,30.63394547,30.7111721,30.20914459
7751,30.63418961,30.71138191,30.2092247
7752,30.63443565,30.71157074,30.20943642
7759,30.63614273,30.71301079,30.21133232
7761,30.63649178,30.71354866,30.21198273
7771,30.6378746,30.71543121,30.21471024
7776,30.63927841,30.71601677,30.21574402
7782,30.64126205,30.71652985,30.21633911
7790,30.64312553,30.71718597,30.21773338
7800,30.6447506,30.71832848,30.21790123
7801,30.64488602,30.71856117,30.21802139
7802,30.64511108,30.71877098,30.21814346
7803,30.64539146,30.71896172,30.21823311
7806,30.64613724,30.71943474,30.21834373
7807,30.64635086,30.71956635,30.21828842
7808,30.6465435,30.71968842,30.21824646
7809,30.64675713,30.71979713,30.21817207
7811,30.6471386,30.71998787,30.21803474
7813,30.64748764,30.72014618,30.21779633
7815,30.64785385,30.7203064,30.21742058
7819,30.64855957,30.72064209,30.21681595
7824,30.64970398,30.7224102,30.21647453
7825,30.64992332,30.72267532,30.21645164
7828,30.6505146,30.72340965,30.21645927
7830,30.65085983,30.72393227,30.2165947
7834,30.65146065,30.72482681,30.21702576
7841,30.65259552,30.72617722,30.21799278
7842,30.65274429,30.72635841,30.21811104
7843,30.65289116,30.72653008,30.21818542
7845,30.65321732,30.72683144,30.21831322
7848,30.65366173,30.72724724,30.21922493
7850,30.65393448,30.72749138,30.22000885
7851,30.65406036,30.72759819,30.22033119
7853,30.65434647,30.72779846,30.22083855
7856,30.65476418,30.72804451,30.22180748
7858,30.6550045,30.72817421,30.22224426
7859,30.65512085,30.72823143,30.2224617
7860,30.65522766,30.72828484,30.22265625
7862,30.65545464,30.72838211,30.223032
7865,30.65578461,30.72850418,30.2237606
7868,30.65608406,30.72867966,30.22595024
7869,30.65621185,30.72875023,30.22651672
7871,30.65643692,30.72890472,30.22737312
7872,30.6565361,30.72897339,30.2277317
7874,30.65673065,30.72913933,30.2285099
7877,30.65715599,30.72945404,30.22984695
7878,30.6573143,30.72958946,30.23020744
7880,30.65759087,30.7298317,30.2308197
7883,30.65799141,30.73016167,30.23162842
7886,30.65868187,30.73061943,30.23221397
7888,30.65915489,30.73226929,30.23270798
7891,30.65979767,30.7342453,30.23347855
7893,30.66030312,30.73527336,30.23399734
7894,30.660532,30.73579025,30.23428917
7902,30.66251183,30.73858452,30.2355442
7903,30.66279984,30.73906136,30.23565483
7905,30.66333961,30.73991013,30.23581696
7911,30.66487885,30.74197578,30.23545837
7913,30.66538429,30.7425766,30.23535347
7915,30.66583443,30.74308968,30.23522758
7918,30.66643524,30.74372482,30.234869
7920,30.66679573,30.74412346,30.23444366
7925,30.66777802,30.74488258,30.23352051
7926,30.66798019,30.74501801,30.23337746
7927,30.66818047,30.74514771,30.23327637
7930,30.66881752,30.74548721,30.23322487
7933,30.6701088,30.74577141,30.23337936
7935,30.67106247,30.74593544,30.2334156
7936,30.67148209,30.74601364,30.23345947
7937,30.671875,30.74608803,30.23357773
7938,30.67223358,30.74616241,30.23360443
7939,30.67259598,30.74623489,30.23370743
7940,30.67295837,30.74630165,30.23395729
7947,30.67555237,30.7469368,30.23517609
7948,30.67587471,30.74705315,30.23534203
7950,30.67645073,30.74726295,30.23575783
7955,30.67767715,30.74767685,30.24549866
7959,30.67836189,30.74841499,30.25161171
7962,30.67896843,30.74891853,30.25488091
7963,30.67916489,30.74906349,30.25581551
7967,30.67981148,30.74958038,30.25887871
7972,30.68062782,30.75004768,30.26152039
7973,30.6807785,30.75012207,30.26191711
7975,30.68116951,30.75027466,30.26262283
7980,30.68210602,30.75073624,30.26425171
7984,30.68367386,30.75110626,30.26512718
7986,30.68441582,30.75132179,30.26536179
7990,30.68572998,30.75168037,30.26560211
7992,30.68626213,30.75187683,30.26565552
7997,30.68731117,30.75247955,30.26710129
7998,30.6875,30.75265694,30.26741219
8000,30.68786049,30.75297737,30.26823807
8001,30.6880188,30.75312424,30.26875496
8005,30.68858719,30.75361252,30.27037621
8013,30.68981552,30.75473213,30.2748394
8015,30.69023895,30.75496483,30.28003693
8019,30.69099426,30.75536156,30.28770638
8020,30.69117165,30.75543594,30.28918266
8026,30.6920414,30.75592232,30.29539108
8027,30.69216919,30.75603676,30.2960968
8028,30.69231415,30.75614357,30.29673004
8033,30.69308281,30.75664711,30.29907227
8034,30.69322205,30.75676346,30.29943085
8037,30.69357872,30.7570591,30.30038261
8039,30.6938343,30.75725937,30.30088997
8040,30.693964,30.75735283,30.30111122
8041,30.69409943,30.75749969,30.30132484
8042,30.69422913,30.75763893,30.30150986
8044,30.69460487,30.75788307,30.30185318
8045,30.69483948,30.75798607,30.30199814
8048,30.69544411,30.7582798,30.30249405
8050,30.69591522,30.75843239,30.3036232
8052,30.69643784,30.75857735,30.30453491
8053,30.6966877,30.75865555,30.30492401
8054,30.69692039,30.75872612,30.30527306
8056,30.69738197,30.75888062,30.30587006
8062,30.69870758,30.75938606,30.30712509
8067,30.69975471,30.76008987,30.30766869
8069,30.70022011,30.76066017,30.307827
8071,30.70062065,30.76113129,30.30797768
8072,30.70080757,30.76134109,30.30803871
8076,30.70161247,30.76218414,30.30820847
8078,30.70199776,30.76294899,30.30829239
8079,30.70217705,30.76329041,30.30834007
8080,30.70234108,30.76364136,30.30838776
8083,30.70279884,30.76492691,30.30854225
8084,30.70294189,30.76528549,30.30859566
8093,30.70409775,30.76763153,30.30923653
8094,30.70421791,30.7678318,30.30931473
8095,30.70432854,30.76801872,30.30939293
8101,30.70494652,30.76884079,30.30980301
8103,30.70533943,30.76908493,30.30996513
8106,30.70592308,30.76940727,30.31023407
8107,30.70609283,30.76951027,30.31029892
8110,30.70672607,30.77001381,30.31047249
8112,30.70719147,30.77038002,30.31054115
8113,30.70739937,30.77055931,30.31058311
8118,30.70831108,30.77186775,30.3108654
8121,30.70880127,30.77264404,30.31100273
8124,30.7094593,30.77324867,30.31114197
8127,30.71012306,30.77377701,30.31133842
8131,30.71100044,30.77440643,30.31157303
8132,30.71117973,30.77458,30.31160545
8134,30.71151161,30.7748909,30.31166458
8135,30.71167755,30.77505684,30.3116951
8140,30.71251297,30.77579117,30.31186485
8142,30.71294212,30.77604294,30.31196213
8144,30.71332169,30.77627373,30.31203651
8145,30.71349335,30.77642059,30.31209183
8148,30.71394348,30.77678871,30.3122406
8151,30.71434402,30.77707481,30.31231689
8155,30.71491051,30.77770042,30.31238937
8159,30.71540833,30.77822304,30.31272316
8160,30.71552086,30.77832794,30.31293869
8163,30.71582031,30.77865982,30.31354713
8165,30.71601486,30.7788868,30.31390953
8166,30.71610641,30.77900314,30.31407166
8167,30.71619034,30.77915382,30.31425476
8171,30.71657944,30.78001213,30.31482697
8173,30.71680832,30.7804184,30.31504059
8177,30.71731758,30.78105927,30.31542397
8181,30.71781158,30.78155327,30.31568718
8183,30.71805191,30.78179741,30.31577492
8186,30.71839142,30.78297997,30.31592369
8187,30.71850204,30.78380394,30.31596756
8198,30.71966934,30.79039955,30.3173027
8201,30.71989632,30.79142761,30.31777382
8209,30.72067451,30.79511833,30.31928062
8211,30.72089195,30.795784,30.31966591
8212,30.72099876,30.79607773,30.31985855
8216,30.72140503,30.79703522,30.32055283
8217,30.72149467,30.7972374,30.32078171
8218,30.72158241,30.79742241,30.32098007
8222,30.72205162,30.79808807,30.32160568
8223,30.72221184,30.79826546,30.3217144
8224,30.7223568,30.7984314,30.32181549
8225,30.7224884,30.79859924,30.32190323
8231,30.72315788,30.79954338,30.32249069
8233,30.72345352,30.79981041,30.32266998
8234,30.72361755,30.79995346,30.32277298
8239,30.72433281,30.80087662,30.32325935
8240,30.7244606,30.80106735,30.32334518
8241,30.72457886,30.80139732,30.32342339
8247,30.72559166,30.80280876,30.32385445
8248,30.725811,30.80298042,30.32391167
8249,30.72601128,30.80321884,30.32465744
8251,30.72646332,30.80366707,30.32594872
8256,30.72763634,30.80480957,30.3285408
8257,30.72786903,30.80502319,30.32899475
8258,30.72808456,30.80521774,30.32941246
8261,30.72864723,30.80583572,30.33057022
8272,30.73074722,30.80774498,30.33497047
8273,30.73095703,30.80787468,30.33536911
8275,30.73135376,30.80810547,30.33607292
8283,30.7326355,30.80911636,30.33852005
8284,30.73277664,30.80920982,30.33871078
8286,30.7330246,30.80942345,30.33905983
8287,30.73314857,30.80951691,30.33923149
8290,30.73353577,30.80978203,30.33969307
8291,30.7336998,30.80989265,30.33981323
8292,30.73385048,30.80999756,30.33992004
8295,30.73431969,30.8105278,30.34024239
8299,30.73487473,30.81121445,30.34051132
8302,30.73527336,30.81179428,30.34072495
8303,30.73544312,30.81196976,30.34078789
8306,30.73588371,30.81246948,30.3409729
8307,30.73601151,30.81261635,30.34104347
8314,30.73696709,30.81354713,30.34220123
8316,30.73727036,30.81376457,30.34264374
8319,30.7377243,30.81404495,30.34318924
8320,30.73788071,30.81412697,30.34332848
8322,30.73816109,30.81427956,30.3435688
8326,30.73868179,30.81474876,30.34399605
8328,30.73898697,30.81498528,30.34415817
8329,30.73912239,30.81509209,30.34425545
8331,30.73937225,30.81531525,30.3445015
8332,30.73947906,30.81542587,30.34461212
8338,30.74023628,30.81646538,30.34516907
8342,30.74089432,30.81707573,30.34545898
8345,30.74134827,30.81765747,30.34567451
8346,30.7414875,30.8178196,30.34574509
8347,30.7416172,30.81796455,30.34604836
8350,30.74207115,30.81855202,30.34680176
8351,30.74220848,30.81876183,30.34700203
8353,30.74245071,30.81915665,30.347332
8356,30.74280739,30.81968498,30.34777641
8359,30.74310684,30.82010841,30.34819984
8363,30.74358749,30.82069969,30.34892845
8366,30.74401474,30.82120514,30.3497715
8367,30.7441349,30.82135391,30.34999084
8369,30.74443436,30.82162285,30.35038185
8370,30.74460983,30.82174873,30.35058212
8374,30.74533272,30.82224464,30.35174942
8375,30.74553871,30.82234383,30.35203171
8376,30.74572945,30.8224411,30.35229111
8377,30.74597359,30.82252693,30.35252571
8379,30.74650002,30.82269096,30.35290527
8380,30.74673271,30.82277298,30.35310745
8382,30.74721909,30.82294464,30.35351181
8383,30.74744034,30.82302094,30.35370255
8385,30.7478981,30.8234539,30.35404778
8386,30.74814987,30.82364273,30.35421181
8392,30.74949837,30.82461739,30.35485268
8393,30.74969482,30.82473755,30.35593605
8395,30.75005722,30.82497025,30.35779762
8397,30.75038147,30.82525826,30.35931015
8401,30.75110626,30.82603073,30.36151314
8402,30.75128746,30.82621002,30.3619194
8403,30.75145149,30.82638168,30.36227608
8408,30.75218582,30.8270607,30.36525345
8409,30.75231171,30.82718277,30.36578369
8410,30.75242996,30.82729721,30.36625862
8411,30.75253677,30.82741165,30.36668205
8413,30.75273895,30.82762718,30.36740112
8418,30.75321579,30.8288517,30.36861229
8426,30.75459671,30.83208466,30.36968231
8427,30.75488663,30.83239746,30.36977768
8429,30.75540924,30.83301163,30.36993217
8431,30.75588799,30.83359528,30.3700695
8432,30.7560997,30.83386803,30.37017632
8433,30.75630951,30.83411789,30.37026405
8435,30.7567215,30.83454323,30.37043953
8438,30.75722694,30.83504868,30.37066078
8439,30.75737572,30.83519363,30.37073898
8440,30.75752258,30.83533287,30.370821
8445,30.75817871,30.8360157,30.37121582
8449,30.75854301,30.83672905,30.37212372
8450,30.75861931,30.8368988,30.37266541
8451,30.75870323,30.83705521,30.37316322
8452,30.75879288,30.83720398,30.37362671
8454,30.75920105,30.83750916,30.37441063
8456,30.75955772,30.83798218,30.37504578
8461,30.7604332,30.83938789,30.37614632
8462,30.76060486,30.83961296,30.37631226
8467,30.76135826,30.84059906,30.38795662
8468,30.76150131,30.84074402,30.38964272
8475,30.76248932,30.84179688,30.39774132
8481,30.76337051,30.84249687,30.40131187
8482,30.76351357,30.84261513,30.40177536
8485,30.76390266,30.8430233,30.40291786
8486,30.76402283,30.84317207,30.40322876
8489,30.76436996,30.84357834,30.40400124
8493,30.76477623,30.84410286,30.40476608
8494,30.76489067,30.84428215,30.40505981
8495,30.76500511,30.84444618,30.40532684
8496,30.76511955,30.84459686,30.40556717
8499,30.76542473,30.84498596,30.40618515
8502,30.76593781,30.84531593,30.4067421
8503,30.76612282,30.84541321,30.40690231
8504,30.76631165,30.84550285,30.40705681
8505,30.76648521,30.84557915,30.4072094
8506,30.76664925,30.84565353,30.40734673
8507,30.76679802,30.84574509,30.4074707
8513,30.76820374,30.84674644,30.40800858
8516,30.76897049,30.84717941,30.40819931
8521,30.77001953,30.84779739,30.40847397
8524,30.77058601,30.84820747,30.40862274
8525,30.77075386,30.84833527,30.40867043
8528,30.77116776,30.84879112,30.4087925
8533,30.77215576,30.84990883,30.40896606
8535,30.77272224,30.85032845,30.40902328
8538,30.77349472,30.85109901,30.40920258
8539,30.77375031,30.85139465,30.40925789
8540,30.77398109,30.8516674,30.40930367
8543,30.77470398,30.8525238,30.40942192
8545,30.77511406,30.85305023,30.40949059
8546,30.77529716,30.85329437,30.4095211
8553,30.77661514,30.85525322,30.40973091
8556,30.77705002,30.85604286,30.40981483
8557,30.777174,30.85631561,30.4098568
8567,30.77842522,30.86090088,30.41020203
8572,30.77929878,30.86289024,30.41080284
8573,30.77951813,30.86326408,30.41094398
8576,30.78021622,30.86433792,30.41129303
8577,30.78041649,30.86471748,30.41138077
8579,30.78077888,30.86538506,30.41153336
8581,30.78125763,30.86595535,30.41165733
8584,30.7818737,30.86680222,30.41181755
8585,30.78205872,30.8670578,30.41187096
8587,30.7823925,30.86760902,30.41196632
8588,30.78255272,30.86787224,30.41200829
8592,30.78316498,30.86878395,30.41213417
8593,30.78332901,30.86896896,30.41215515
8594,30.78347778,30.86919022,30.41217422
8596,30.7837925,30.86959267,30.41220474
8598,30.78408813,30.87007141,30.41223145
8599,30.7842598,30.87027931,30.41224289
8601,30.78455925,30.87066269,30.41228294
8604,30.78504372,30.87136459,30.41233253
8605,30.7851944,30.87165642,30.41234589
8607,30.78547478,30.87219429,30.41236496
8609,30.78573799,30.87267303,30.41248703
8610,30.78586006,30.87294388,30.41253853
8611,30.78597069,30.87319946,30.41262627
8612,30.78607941,30.87363052,30.41270638
8614,30.78631401,30.87441254,30.41286469
8615,30.78668404,30.87489319,30.41293907
8618,30.78760338,30.87672043,30.41314125
8620,30.78816414,30.87769508,30.41328812
8623,30.78898239,30.87899208,30.41348648
8625,30.78944588,30.87973404,30.41359329
8628,30.79016304,30.88062668,30.41372108
8629,30.79040337,30.88087273,30.41377258
8633,30.79119682,30.88168335,30.41394806
8634,30.79135704,30.88184738,30.41399384
8638,30.79197121,30.8823967,30.41415787
8639,30.79210472,30.88252068,30.41419029
8641,30.79237747,30.88282394,30.41425705
8643,30.7932682,30.88315582,30.41431046
8646,30.79432869,30.88375854,30.41441345
8650,30.79543495,30.8845253,30.41457939
8652,30.79592514,30.88493156,30.41464615
8654,30.79636192,30.8856163,30.41469383
8658,30.79712677,30.88669968,30.41477013
8659,30.7972908,30.88697624,30.41484451
8662,30.79774284,30.88788033,30.41513252
8663,30.79788399,30.88820457,30.41525078
8665,30.79815674,30.88877869,30.41546249
8666,30.79829407,30.88903046,30.41555023
8668,30.79861069,30.88947678,30.41579819
8670,30.79893875,30.89029312,30.41599464
8673,30.79984093,30.89133072,30.41684341
8677,30.80073166,30.89238167,30.41900826
8683,30.80164909,30.89449692,30.42111206
8685,30.80189323,30.89516449,30.42158318
8686,30.80200768,30.89550018,30.42178345
8687,30.80217743,30.8958149,30.42196083
8688,30.80241013,30.89610291,30.42212677
8689,30.80263138,30.89639282,30.42227745
8690,30.80283356,30.896698,30.4224205
8693,30.80340958,30.89758301,30.42284012
8696,30.80400085,30.89958572,30.42482948
8699,30.80458832,30.90182114,30.42698669
8709,30.80592537,30.90758324,30.43161583
8711,30.8061676,30.90822983,30.43244934
8716,30.80683327,30.90960121,30.43399429
8723,30.80760765,30.91120338,30.4361763
8724,30.80773163,30.91142082,30.43647385
8729,30.80831718,30.91277504,30.43824959
8730,30.80849266,30.91305923,30.43851852
8733,30.809021,30.91382599,30.43940353
8737,30.80962753,30.91478157,30.44024658
8739,30.80995178,30.91518211,30.4405632
8740,30.81009483,30.91535759,30.44069481
8742,30.81036186,30.91565895,30.44092178
8743,30.81048393,30.91579628,30.44102478
8744,30.81063271,30.91592216,30.44112206
8745,30.81076622,30.91604424,30.44121361
8747,30.81104088,30.91627121,30.44143677
8750,30.81144333,30.91662025,30.4417057
8751,30.81168365,30.91674232,30.44177628
8752,30.811903,30.91685677,30.44184494
8754,30.81228638,30.91709328,30.44196892
8756,30.81261444,30.91736984,30.44207573
8758,30.81306839,30.91765785,30.44216919
8759,30.81331825,30.91778564,30.44221115
8760,30.81354332,30.91796112,30.44224739
8764,30.81432343,30.91861916,30.44235611
8766,30.81469536,30.9195118,30.4424572
8768,30.81508827,30.92044449,30.44258499
8770,30.81549454,30.92132759,30.44268417
8774,30.81635094,30.92407036,30.44283104
8775,30.81656837,30.92473984,30.44285774
8776,30.81676483,30.92541695,30.44288063
8777,30.81694221,30.92603111,30.44298553
8778,30.81710434,30.92658806,30.44307899
8779,30.81725311,30.92710876,30.44315529
8780,30.81739235,30.92759323,30.44330025
8781,30.81753159,30.92811584,30.44342995
8783,30.81779099,30.92918015,30.44366646
8784,30.81791306,30.92963409,30.44377518
8786,30.81813431,30.93041992,30.4439621
8793,30.81894875,30.93241501,30.4444809
8799,30.81980896,30.933424,30.44602013
8801,30.82010078,30.93367004,30.44639397
8804,30.82052612,30.93397713,30.44729042
8808,30.82104874,30.9344101,30.44826889
8810,30.82126617,30.93459892,30.44864082
8813,30.82156754,30.93504524,30.44919014
8821,30.82248878,30.93593597,30.45043182
8822,30.82259941,30.93613625,30.45053291
8824,30.82295799,30.93650246,30.4507103
8825,30.8231144,30.93666267,30.4507885
8828,30.82362175,30.93740463,30.45156097
8831,30.82412338,30.93798637,30.45336151
8833,30.8243885,30.93829727,30.45435905
8834,30.82450485,30.93844032,30.45479202
8836,30.82473373,30.93874359,30.45554924
8839,30.82505798,30.9391346,30.45646286
8840,30.82514954,30.93925667,30.4569664
8842,30.82532883,30.9394722,30.45832062
8843,30.82541847,30.93956757,30.4591198
8845,30.82565117,30.93976402,30.46070862
8846,30.82578659,30.93986511,30.46138954
8848,30.82603645,30.94006348,30.46263885
8850,30.82626343,30.94024467,30.46365738
8859,30.82785606,30.94124031,30.46669579
8860,30.82812881,30.94137383,30.46693611
8863,30.82881165,30.94194412,30.46751404
8865,30.82933807,30.94225311,30.46780586
8867,30.82977295,30.94250107,30.46805191
8870,30.8303299,30.94298172,30.46834183
8871,30.83048439,30.94312668,30.46841812
8872,30.83062553,30.94325829,30.46849251
8873,30.83076668,30.94338226,30.46856117
8878,30.83137894,30.94391823,30.47467232
8880,30.83161354,30.94412994,30.47634888
8881,30.83173561,30.94424057,30.47706223
8887,30.83234787,30.94476509,30.48010826
8888,30.83249664,30.94484329,30.48046494
8889,30.83263206,30.94491768,30.48078537
8891,30.83294106,30.94506073,30.48133469
8893,30.83331871,30.94520378,30.48178101
8895,30.83369064,30.9454174,30.48214722
8897,30.83403969,30.94571686,30.48244858
8899,30.83439445,30.94631767,30.48269463
8902,30.83485413,30.94714928,30.4829731
8903,30.83498764,30.94757271,30.4830513
8904,30.8351059,30.94796181,30.48312378
8905,30.83521843,30.94831276,30.48318863
8907,30.83546448,30.94895363,30.48331451
8909,30.83571815,30.94953918,30.48342896
8914,30.83753777,30.95068932,30.48368835
8918,30.83917618,30.95142365,30.48387146
8920,30.84000015,30.95172691,30.48397064
8922,30.84072304,30.95197868,30.48404884
8924,30.84133911,30.9521904,30.48411942
8927,30.84240341,30.95245934,30.48436165
8929,30.84319687,30.95261955,30.48457527
8930,30.84377289,30.95270157,30.48466873
8931,30.84431076,30.95280075,30.48475456
8933,30.84523773,30.95314217,30.48491287
8935,30.84599876,30.95343208,30.48503304
8941,30.84775352,30.95495796,30.48530006
8942,30.84797859,30.95517921,30.4853363
8943,30.84822273,30.95539856,30.48537254
8944,30.84845352,30.95565414,30.48541069
8947,30.84903717,30.9567585,30.48550797
8948,30.8491993,30.95732117,30.48553467
8951,30.84968948,30.95877075,30.48560905
8952,30.85002899,30.95919418,30.48563004
8953,30.85033607,30.95959854,30.48565102
8954,30.85062027,30.95998955,30.48567009
8956,30.85117531,30.96094131,30.48572731
8960,30.85209274,30.96249771,30.48581123
8961,30.85228348,30.96285248,30.48583221
8963,30.85292244,30.96352005,30.48587608
8965,30.85349655,30.9642067,30.48591614
8966,30.85374832,30.96454239,30.48593521
8968,30.85419464,30.96519661,30.48597145
8970,30.85458374,30.96583176,30.48688316
8971,30.85475922,30.96617126,30.48727036
8976,30.85552216,30.96799469,30.48869896
8978,30.85641861,30.96893883,30.48912621
8984,30.85837555,30.97244263,30.49005699
8985,30.85864449,30.97300339,30.49018478
8986,30.85888863,30.97352791,30.49029922
8988,30.85931778,30.97452164,30.49312592
8989,30.8595047,30.97498512,30.49466705
8991,30.85983276,30.97582817,30.49730873
8999,30.8608284,30.97934914,30.50383949
9000,30.8610096,30.97996521,30.50435257
9001,30.86118507,30.98052788,30.50482941
9003,30.8615036,30.9815197,30.50565147
9008,30.86229515,30.98340607,30.5071888
9010,30.86260986,30.98396111,30.50763702
9012,30.86274529,30.98424721,30.50782585
9013,30.86290169,30.9845047,30.50799942
9019,30.86366844,30.98570061,30.51585579
9020,30.86378288,30.9858551,30.51675034
9023,30.86410141,30.98623848,30.51893425
9027,30.86455536,30.98672867,30.52097321
9028,30.86471176,30.98682976,30.52136421
9032,30.86532402,30.98737717,30.52259064
9035,30.86570168,30.98774529,30.52330589
9036,30.86582565,30.98784637,30.52349663
9040,30.8664341,30.98828888,30.52414894
9043,30.8669014,30.98860359,30.52459717
9051,30.86794472,30.98952866,30.52549362
9064,30.87002182,30.99119949,30.52632713
9065,30.8701992,30.99131012,30.52635574
9066,30.87036514,30.99141502,30.52638245
9070,30.87097168,30.99181557,30.52649879
9071,30.87111282,30.99190712,30.5265255
9077,30.87173271,30.9924221,30.52684784
9085,30.87280083,30.9930687,30.5276432
9096,30.87419891,30.99410439,30.52860069
9098,30.87447548,30.99429321,30.52882004
9100,30.87475395,30.99486923,30.52910233
9101,30.874897,30.99530983,30.52922249
9102,30.87503242,30.99572563,30.52933693
9103,30.87516594,30.99610138,30.52943993
9107,30.8756237,30.99739456,30.53341103
9108,30.87573433,30.99766731,30.53502464
9111,30.87603378,30.99836159,30.53896141
9112,30.87612534,30.99855423,30.54001999
9113,30.87620926,30.99872589,30.54097366
9115,30.87638283,30.99902916,30.54261017
9116,30.87646866,30.99916649,30.54331017
9124,30.87708282,31.00025368,30.54709816
9125,30.87722588,31.00043488,30.54741478
9126,30.87737656,31.00060844,30.54770088
9128,30.87769508,31.00092316,30.54818726
9130,30.8780899,31.00216866,30.54885292
9137,30.87999153,31.00523186,30.55036736
9142,30.8822422,31.00661469,30.55143929
9151,30.88558197,31.00854492,30.55259705
9152,30.88583565,31.00871277,30.55267525
9153,30.88606834,31.00887489,30.55274391
9154,30.88630486,31.00933838,30.55281067
9155,30.88652802,31.00976563,30.55287361
9156,30.88673782,31.01015663,30.55293083
9158,30.88719749,31.01111412,30.55303383
9159,30.88740349,31.01158714,30.55307961
9160,30.88759995,31.01206398,30.55312157
9161,30.88778496,31.0125885,30.55315781
9162,30.88795471,31.01306915,30.55319023
9163,30.88810921,31.01350594,30.55321884
9173,30.88956833,31.01843262,30.55352211
9174,30.88969803,31.01886559,30.55354691
9176,30.89012146,31.01977921,30.55360794
9181,30.89115524,31.02199364,30.55374527
9186,30.89216232,31.02347183,30.55386734
9188,30.89249992,31.02434921,30.55389977
9192,30.89313889,31.02606773,30.55395699
9195,30.89359856,31.02724075,30.55399132
9197,30.89396286,31.02795982,30.55402565
9199,30.89427948,31.02864838,30.5540657
9208,30.89663887,31.03445244,30.55419922
9209,30.89686012,31.03658867,30.55420876
9210,30.89706421,31.038517,30.55421638
9213,30.89780426,31.04330826,30.55424118
9214,30.89805984,31.04468727,30.5542469
9221,30.89942932,31.0518856,30.55439568
9223,30.89970207,31.05327988,30.55451775
9224,30.89982414,31.05389214,30.55456543
9233,30.90153313,31.05755997,30.55491829
9235,30.90190315,31.0580349,30.55497932
9236,30.90206718,31.0582962,30.55500793
9238,30.9023838,31.05875397,30.55507088
9239,30.90255737,31.05895233,30.55510902
9240,30.90271378,31.05913162,30.55514526
9241,30.90286446,31.05929184,30.5551796
9242,30.90302467,31.0594635,30.55521011
9249,30.90394974,31.06032944,30.55535316
9251,30.90421104,31.06052017,30.55537415
9253,30.90447235,31.0606842,30.55539513
9255,30.90471649,31.06082535,30.55543518
9258,30.90502548,31.06108475,30.55564308
9261,30.90533829,31.06162453,30.55610275
9262,30.90546799,31.06180954,30.55622864
9268,30.9064064,31.06297302,30.55675888
9273,30.90750122,31.06374359,30.55708885
9279,30.90858459,31.06448936,30.55734062
9280,30.90879822,31.06460571,30.55736542
9281,30.90900612,31.06470871,30.5573864
9283,30.9093895,31.0649147,30.5574131
9285,30.90977859,31.06510925,30.55742836
9286,30.90997314,31.06519699,30.55743599
9288,30.91034698,31.06536484,30.55745697
9291,30.91083336,31.06596947,30.55752754
9292,30.91098213,31.06613731,30.55756378
9299,30.91203499,31.06708717,30.55774307
9306,30.91337204,31.06765556,30.55792427
9308,30.91392899,31.06781769,30.55797195
9309,30.91418076,31.06789017,30.55799675
9315,30.91583252,31.0684948,30.55814171
9319,30.91722298,31.06881332,30.55825043
9323,30.91828346,31.06907845,30.55845451
9324,30.91851044,31.06913757,30.55859566
9325,30.91877556,31.06919861,30.55872536
9329,30.91973114,31.06950188,30.5591259
9330,30.91994095,31.06962776,30.55920219
9332,30.9203167,31.06985474,30.55933952
9337,30.92106628,31.07039833,30.55958557
9339,30.92139244,31.07059669,30.55965424
9340,30.92155647,31.07068634,30.55975914
9346,30.92244911,31.07123756,30.56071663
9348,30.92275047,31.07143402,30.56162834
9349,30.92290497,31.07154083,30.56203461
9351,30.92347908,31.07174683,30.5627327
9352,30.92373085,31.07186127,30.56303024
9355,30.92437935,31.07214355,30.56374931
9356,30.9245739,31.07226181,30.56394196
9357,30.92477608,31.07237244,30.56412125
9359,30.92531967,31.0728569,30.56442833
9360,30.92558289,31.07312012,30.56456566
9362,30.92609215,31.07357597,30.56480789
9363,30.92636108,31.07382393,30.56491089
9365,30.92684174,31.0742569,30.56509209
9369,30.92780304,31.07494545,30.56546783
9370,30.92816162,31.07509041,30.5656147
9380,30.93144798,31.07656097,30.56642723
9384,30.93241882,31.07720566,30.56656456
9385,30.932621,31.07733345,30.56673813
9386,30.93280792,31.07745171,30.56689644
9388,30.93314171,31.07766342,30.56715965
9390,30.93346405,31.07785034,30.56736946
9392,30.93382263,31.07800674,30.56754303
9393,30.93398857,31.07807922,30.56762695
9395,30.93432426,31.07820511,30.56776428
9397,30.93471718,31.07831955,30.56787872
9401,30.93541908,31.07855797,30.56806755
9402,30.93556213,31.07861328,30.5681057
9403,30.93569374,31.07876205,30.56814194
9411,30.93704987,31.08077621,30.56923866
9413,30.93741989,31.0816288,30.56999016
9415,30.93774223,31.08240891,30.57059669
9416,30.93788528,31.08278656,30.57085419
9417,30.9380188,31.08312988,30.57108688
9419,30.93829155,31.08376122,30.57148743
9421,30.93854713,31.08437538,30.5718174
9422,30.93867493,31.0846386,30.57195663
9423,30.93879128,31.08487701,30.57208443
9424,30.93890381,31.08509827,30.57219696
9426,30.93912697,31.08556557,30.5723877
9430,30.93971825,31.0863533,30.57266808
9431,30.9398632,31.08653641,30.57272339
9435,30.94038391,31.08712196,30.57292366
9436,30.94051361,31.0872364,30.57296944
9440,30.94125557,31.08809471,30.57313919
9443,30.9418602,31.08872032,30.57323074
9448,30.94277573,31.08952332,30.57383347
9450,30.94322395,31.08981705,30.57401276
9454,30.944067,31.09036827,30.57427406
9456,30.94442749,31.09061813,30.57437134
9458,30.94473267,31.090868,30.57445335
9459,30.9449234,31.09099007,30.57469368
9464,30.94609261,31.0914402,30.5756588
9469,30.9475174,31.092556,30.57629967
9476,30.94942665,31.09425926,30.57680321
9479,30.95014572,31.09584808,30.57693481
9481,30.95058632,31.09681129,30.57699966
9482,30.95086288,31.097229,30.57702637
9489,30.95244598,31.09972382,30.57720184
9492,30.95316696,31.10049057,30.57726288
9497,30.9543972,31.10149574,30.5773468
9498,30.95459938,31.10165596,30.57735825
9500,30.9550705,31.10195923,30.57740402
9502,30.95549965,31.10223198,30.57749176
9504,30.95586014,31.10247993,30.57759666
9505,30.95601654,31.10259628,30.57764053
9507,30.95629883,31.10290909,30.5777359
9513,30.95738029,31.103899,30.57792664
9514,30.95763588,31.1040287,30.57795715
9516,30.95810318,31.10425758,30.57801437
9521,30.95904541,31.10466957,30.57826996
9523,30.95935059,31.10481262,30.57838058
9530,30.96071053,31.10564995,30.57919121
9531,30.96093178,31.10578728,30.57932281
9532,30.96113777,31.10596275,30.57945061
9533,30.96133041,31.10612679,30.57956123
9534,30.96152687,31.10627556,30.57965851
9537,30.96203232,31.10668182,30.57989693
9538,30.96217537,31.10681534,30.57995796
9543,30.96313477,31.10733414,30.58020782
9545,30.96357536,31.10749435,30.58028603
9550,30.96447945,31.10816765,30.58050346
9553,30.9649334,31.1089325,30.58064079
9554,30.96508026,31.10916519,30.58067894
9558,30.96559334,31.11006355,30.58080101
9560,30.96584129,31.11071205,30.58088112
9564,30.96639252,31.11167145,30.58341026
9566,30.96668816,31.11205673,30.58433342
9569,30.96706963,31.11255264,30.58547592
9570,30.96717834,31.11269951,30.58580017
9571,30.96728325,31.1128273,30.58609962
9574,30.96755981,31.11316299,30.58682823
9575,30.96765137,31.11335945,30.58702278
9576,30.96774673,31.11353493,30.58720016
9577,30.96788406,31.11372757,30.58735657
9578,30.96800804,31.11393929,30.5874939
9581,30.96845818,31.11492729,30.58783722
9584,30.96913719,31.11648941,30.58808899
9588,30.9699192,31.12026787,30.58833122
9589,30.97011948,31.12104607,30.588377
9590,30.97030067,31.12174797,30.58841896
9592,30.97063637,31.12296295,30.58849716
9593,30.97078705,31.12348557,30.58853531
9597,30.97133446,31.12577057,30.58868027
9598,30.97147179,31.12633705,30.58870888
9602,30.97227478,31.12816238,30.58880424
9606,30.97292328,31.12945557,30.58887482
9607,30.97305679,31.12971497,30.58889008
9615,30.97428703,31.1314888,30.58904266
9617,30.97489166,31.13191986,30.58907509
9618,30.97518158,31.13225555,30.58909225
9619,30.9754715,31.13256264,30.58910942
9620,30.97574806,31.13284111,30.58912468
9627,30.97765732,31.13478851,30.58922958
9629,30.97820854,31.1353302,30.58924675
9630,30.97850609,31.13556671,30.58925438
9632,30.97907448,31.13599396,30.58926964
9636,30.98010063,31.13676071,30.58929443
9638,30.98067474,31.1371212,30.58930588
9641,30.98137856,31.13760948,30.58945084
9642,30.98159027,31.13777351,30.58957481
9644,30.98198128,31.13814163,30.58979225
9646,30.98231506,31.13856125,30.58997536
9648,30.98295784,31.13892746,30.59013176
9650,30.98350334,31.13932228,30.59025383
9653,30.98418045,31.14002037,30.59042549
9655,30.98462868,31.14041519,30.59051514
9658,30.98526573,31.14096069,30.5906353
9659,30.98544502,31.14113235,30.59066772
9661,30.98581123,31.14151382,30.59076309
9662,30.98599434,31.14172363,30.59080315
9664,30.98636246,31.14208603,30.59088898
9666,30.98668098,31.14246368,30.59096718
9669,30.98713875,31.14323235,30.59109306
9670,30.98728943,31.14346123,30.59113312
9672,30.98756027,31.14387703,30.59120178
9676,30.98820114,31.14462471,30.59132767
9677,30.98839378,31.14483261,30.59144402
9681,30.98910141,31.14561272,30.59181976
9683,30.9893837,31.1459465,30.59196663
9684,30.98950958,31.14626694,30.59203529
9685,30.98962784,31.14656448,30.59209824
9687,30.98993301,31.14712524,30.59220123
9688,30.99009514,31.14736938,30.59224892
9691,30.99058914,31.14801598,30.59236526
9699,30.99266243,31.14915276,30.59275818
9700,30.99291229,31.14925766,30.59280014
9705,30.99430847,31.1498661,30.59306908
9707,30.99509048,31.15011215,30.59315491
9709,30.99574089,31.15036392,30.59323692
9715,30.99761391,31.1515789,30.5934391
9716,30.99800873,31.15174675,30.59346581
9719,30.99973679,31.15280724,30.59353065
9721,31.00069618,31.15341377,30.59357452
9723,31.00150681,31.15444946,30.59362411
9724,31.00188828,31.15489388,30.59364891
9726,31.00274467,31.15566826,30.59370613
9730,31.00448227,31.15691376,30.59387016
9731,31.00491524,31.15715599,30.59392166
9737,31.0070076,31.15824127,30.59553528
9738,31.00731468,31.15839005,30.59583473
9740,31.00796127,31.15872192,30.59635544
9742,31.00850677,31.15909958,30.59677124
9744,31.00900459,31.15949821,30.5970993
9745,31.00926399,31.15967369,30.59724045
9746,31.0095005,31.159832,30.59737206
9753,31.01080704,31.1608448,30.59810257
9761,31.01199722,31.16238594,30.60406113
9762,31.01223946,31.16265678,30.6046257
9763,31.01247597,31.16318512,30.60513496
9764,31.01269341,31.16369057,30.60559464
9767,31.01346207,31.16564751,30.60671234
9769,31.01391983,31.16670799,30.60728645
9770,31.01412582,31.16718292,30.60752869
9773,31.01465607,31.16835403,30.60987473
9774,31.01480293,31.16867065,30.61051178
9782,31.01595116,31.17096519,30.61382675
9783,31.01607895,31.17119026,30.61408234
9784,31.01620674,31.17139053,30.61431313
9785,31.016325,31.17158127,30.61452103
9786,31.0164566,31.17175484,30.61470604
9789,31.0168457,31.17227364,30.61515045
9790,31.01699448,31.17241478,30.61526871
9791,31.01714134,31.17254066,30.6153717
9794,31.01778793,31.17288971,30.61576653
9795,31.01810265,31.1729908,30.61587334
9796,31.0184021,31.17312622,30.61599159
9800,31.01947784,31.17360497,30.61644173
9801,31.0197506,31.17403412,30.61653137
9803,31.02023506,31.17480278,30.61668777
9806,31.02087784,31.17578316,30.61688042
9810,31.02168846,31.17673111,30.61709023
9811,31.02189445,31.17692375,30.61713409
9815,31.02264404,31.1776123,30.61727333
9817,31.02295876,31.17789459,30.61732674
9823,31.02500916,31.17905998,30.61746788
9827,31.02621651,31.1803894,30.61754417
9829,31.02674675,31.18090439,30.61758232
9830,31.02704811,31.18112755,30.61765289
9833,31.02786446,31.18216133,30.61782646
9834,31.02823067,31.18253899,30.61787605
9835,31.02856636,31.18288231,30.61792183
9837,31.02931786,31.18351364,30.61800385
9840,31.03031731,31.18432617,30.61840057
9842,31.03084373,31.18480492,30.61901283
9849,31.03224373,31.18647003,30.6206913
9850,31.03240967,31.1868782,30.62094116
9854,31.03298569,31.18837166,30.62173271
9856,31.03329086,31.18915749,30.62205887
9862,31.03421211,31.19092369,30.62273216
9863,31.03435326,31.19121552,30.62281227
9871,31.03554726,31.19324684,30.62324905
9873,31.03592491,31.19371605,30.6233654
9881,31.03739738,31.19572639,30.62407494
9886,31.03876114,31.1973896,30.62455559
9889,31.03942871,31.19812202,30.62475204
9890,31.03962326,31.19833374,30.62481308
9897,31.04063606,31.19943428,30.62535667
9901,31.04109192,31.19990921,30.62578773
9904,31.04145622,31.20022964,30.62602043
9907,31.04190826,31.20049667,30.62618256
9912,31.04272652,31.20100594,30.62635994
9913,31.04287529,31.20114326,30.62638664
9917,31.04340553,31.20204163,30.62648392
9920,31.04376411,31.20320511,30.62653542
9922,31.04397011,31.20405388,30.6265583
9924,31.04417229,31.20475006,30.62657738
9925,31.04428291,31.20505714,30.62658119
9927,31.04448128,31.20559502,30.62659645
9928,31.04456711,31.20583153,30.62660599
9929,31.04464912,31.20604706,30.62661552
9930,31.0447998,31.20625114,30.62663651
9932,31.04512215,31.20661163,30.62667656
9934,31.04541969,31.20692825,30.62672615
9936,31.04570961,31.20732498,30.62680054
9941,31.04642677,31.20862579,30.62787628
9946,31.04719162,31.21135902,30.62879944
9948,31.04753876,31.2125473,30.62908745
9951,31.0483284,31.21470642,30.62942123
9953,31.04886055,31.21673393,30.62957764
9954,31.04910088,31.21761131,30.62964249
9955,31.04940224,31.21840477,30.62969971
9957,31.05006409,31.21981812,30.62980461
9961,31.05124474,31.2221489,30.62994957
9962,31.05148697,31.22260857,30.62998009
9968,31.05285072,31.22497559,30.63025665
9970,31.05335426,31.22572136,30.63032722
9973,31.05417633,31.22696304,30.63044167
9974,31.0544014,31.22735977,30.63047791
9975,31.05462265,31.22805977,30.63051033
9976,31.05483437,31.22870636,30.63054085
9978,31.05520439,31.22986412,30.63060379
9979,31.05536461,31.23037148,30.63063049
9985,31.0562191,31.23290443,30.63072014
9989,31.05673599,31.23445702,30.63097382
9990,31.0568409,31.23483658,30.63125801
9994,31.05722618,31.23608971,30.63215637
10001,31.05772209,31.23752785,30.63346672
10002,31.05797005,31.23768044,30.63365746
10003,31.05820274,31.23782539,30.63397408
10005,31.05874443,31.23807335,30.6345253
10009,31.05977821,31.23881721,30.63534546
10010,31.05998993,31.23899651,30.63550377
10011,31.06019974,31.23916054,30.63566017
10016,31.0608902,,
10017,,31.24006271,30.63615417
10021,31.06159782,,
10022,,31.24128723,30.63654327
10023,31.06184769,,
10024,,31.24173164,30.63664627
10027,31.0622921,,
10028,31.06274414,31.24248314,30.63687325
10029,,31.24264717,30.63698959
10030,31.06352997,,
10031,31.06386948,31.24297142,30.63718414
10032,,31.24316216,30.63726997
10033,31.06446648,,
10034,,31.24350929,30.63741875
10035,31.06508636,,
10036,31.06541443,31.24388885,30.63754845
10037,,31.24411201,30.63760185
10042,31.06711197,,
10043,,31.2453804,30.63784981
10046,31.06805038,,
10047,31.0682621,31.24603653,30.63806343
10048,,31.24618149,30.6381321
10049,31.06878281,,
10050,31.06910706,31.24648476,30.63824844
10051,,31.24663353,30.63829803
10052,31.06969261,,
10053,31.06995773,31.24704742,30.63838959
10054,,31.24726677,30.63843346
10056,31.07086945,,
10057,,31.24789238,30.6385479
10058,31.07146835,,
10059,,31.24830627,30.63860321
10060,31.0720768,,
10061,,31.24875641,30.63864136
10062,31.07265472,,
10063,31.0729084,31.24928665,30.63866997
10064,,31.24952507,30.63868523
10065,31.07335091,,
10066,31.07354355,31.25003624,30.63872147
10067,,31.25029755,30.63873863
10068,31.07390213,,
10069,,31.25076294,30.63878822
10070,31.07423973,,
10071,,31.25124168,30.63882446
10072,31.07457542,,
10073,31.07474518,31.25169945,30.63886261
10074,31.07495689,31.2519207,30.6388855
10075,,31.25211906,30.63890457
10077,31.07555008,,
10078,31.07574654,31.25273705,30.63897324
10079,,31.25292969,30.63901901
10081,31.07628632,,
10082,,31.25341415,30.63913918
10083,31.07658386,,
10084,,31.25367355,30.63921356
10086,31.07701874,,
10087,,31.25512505,30.63932228
10088,31.07735634,,
10089,,31.25588417,30.63939476
10090,31.07770348,,
10091,,31.25654221,30.63947105
10092,31.07804108,,
10093,,31.25721359,30.63953781
10098,31.07901001,,
10099,,31.25942039,30.63988686
10101,31.07943344,,
10102,,31.26085854,30.64003181
10103,31.0797863,,
10104,,31.26185608,30.64011574
10105,31.0801239,,
10106,,31.26272011,30.64019203
10113,31.08139992,,
10114,,31.26531792,30.64152908
10116,31.08187866,,
10117,31.08204651,31.26592255,30.64224243
10118,,31.26617432,30.64243507
10122,31.08296204,,
10123,,31.26724625,30.64319229
10125,31.0835228,,
10126,,31.2677803,30.64350891
10129,31.08412552,,
10130,,31.26861,30.64381027
10131,31.08442497,,
10132,,31.2691803,30.64392471
10135,31.08494568,,
10136,,31.27026749,30.64408112
10137,31.085186,,
10138,,31.27101135,30.64414024
10140,31.08598328,,
10141,,31.27233887,30.64422035
10142,31.08646393,,
10143,31.08667183,31.27311325,30.64427185
10144,,31.273489,30.64429665
10146,31.08718872,,
10147,,31.2744236,30.64434624
10148,31.08748436,,
10149,,31.27501297,30.64438438
10152,31.08811569,,
10153,,31.27597046,30.64450264
10154,31.08844757,,
10155,31.08860016,31.27632904,30.64455795
10156,,31.27649307,30.64458466
10157,31.08890724,,
10158,,31.27677536,30.6446228
10160,31.08950615,,
10161,,31.27714157,30.64472771
10162,31.08992767,,
10163,,31.27737617,30.64482307
10170,31.09162903,,
10171,31.0918541,31.27814484,30.64526367
10172,,31.27820778,30.64532089
10173,31.09230614,,
10174,,31.27835655,30.64541626
10176,31.09293747,,
10177,31.09321022,31.27891159,30.64554405
10178,,31.27912521,30.64558411
10179,31.09381866,,
10180,31.09414291,31.2795105,30.64564705
10181,,31.27968979,30.64567757
10182,31.0947113,,
10183,,31.28002167,30.64571953
10184,31.09521866,,
10185,31.09546661,31.28043556,30.64575386
10186,,31.2806263,30.64576912
10191,31.09669304,,
10192,31.09684753,31.28178596,30.64605522
10193,31.09699249,31.28193665,30.64611816
10194,31.0971241,31.28207779,30.64617729
10195,31.09724617,31.28223038,30.64622498
10196,,31.28236961,30.64627075
10198,31.09757042,,
10199,,31.28285408,30.64637947
10203,31.09818077,,
10204,,31.28377342,30.64651299
10205,31.09851074,,
10206,31.09871674,31.28417778,30.64654922
10207,31.09893608,31.28437233,30.64656639
10208,,31.28455734,30.64658546
10211,31.09968758,,
10212,31.09985352,31.28525925,30.64668655
10213,31.10004807,31.28541756,30.64671707
10214,31.10023689,31.28557396,30.64674187
10215,31.10041046,31.2857151,30.64677238
10216,31.10058212,31.2858448,30.64680099
10217,,31.28596687,30.64685631
10219,31.10111046,,
10220,,31.2863121,30.64700699
10222,31.10151863,,
10223,31.10163879,31.28670883,30.64712143
10224,31.10176277,31.28682137,30.64715576
10225,,31.28692436,30.64718628
10227,31.10210991,,
10228,31.10228729,31.28733063,30.64728165
10229,,31.2874794,30.64731026
10230,31.1026535,,
10231,,31.28774261,30.64735031
10236,31.10388374,,
10237,,31.29310417,30.64751816
10238,31.10430145,,
10239,31.10462761,31.29428864,30.64759064
10240,,31.2947979,30.64766884
10243,31.10591698,,
10244,,31.2971096,30.6479187
10245,31.10644913,,
10246,31.10669327,31.29807663,30.64803696
10247,,31.29850769,30.64808846
10251,31.10773849,,
10252,31.10793495,31.30017471,30.64830208
10253,,31.30042648,30.64834404
10254,31.108284,,
10255,,31.30103302,30.6484127
10260,31.10958481,,
10261,31.10974503,31.30252075,30.64947128
10262,31.10989189,31.30270958,30.64987946
10263,,31.30289078,30.65036011
10267,31.11062622,,
10268,,31.30378151,30.65214539
10271,31.11126709,,
10272,31.11155891,31.30434418,30.65302849
10273,31.11182213,31.30445862,30.65319633
10274,31.11212349,31.30456352,30.65334702
10275,,31.30478668,30.65356064
10278,31.11315918,,
10279,31.11340141,31.30550957,30.65444946
10280,31.11362267,31.30565262,30.65468788
10281,,31.30578613,30.6549015
10284,31.11433792,,
10285,31.11448669,31.30636597,30.65561295
10286,31.11462021,31.30653,30.65578842
10287,,31.30667686,30.65595055
10289,31.11505508,,
10290,,31.30706215,30.65636063
10293,31.11572456,,
10294,,31.3074913,30.65680695
10296,31.11633873,,
10297,31.11655045,31.3080616,30.65709114
10298,31.11675453,31.30822754,30.65716171
10299,31.11693954,31.30838966,30.65748405
10300,,31.30854225,30.65777588
10306,31.11815071,,
10307,,31.30931473,30.6592617
10308,31.11849213,,
10309,31.11865044,31.30972672,30.65961266
10310,,31.3099041,30.65976524
10311,31.1189537,,
10312,,31.31023026,30.6600399
10314,31.11951065,,
10315,,31.31110001,30.66037178
10316,31.12004852,,
10317,,31.31213188,30.66054535
10325,31.12251663,,
10326,,31.31539917,30.66143417
10327,31.12297058,,
10328,,31.31593513,30.66156006
10330,31.12355804,,
10331,31.12372589,31.31670761,30.66172409
10332,,31.3170166,30.66177559
10334,31.1242485,,
10335,,31.31781387,30.66191101
10339,31.12605286,,
10340,,31.31880569,30.66210938
10341,31.1266098,,
10342,,31.31909561,30.66221046
10343,31.12707329,,
10344,31.12729645,31.31934166,30.66234589
10345,31.12752724,31.31945229,30.66242218
10346,31.1278019,31.31955338,30.66249084
10347,31.12807083,31.31964684,30.66254997
10348,31.12832451,31.31973457,30.66263962
10349,,31.31983185,30.66272354
10352,31.12914848,,
10353,,31.32030487,30.66298866
10354,31.12955284,,
10355,31.12973404,31.32061005,30.66308975
10356,,31.3208046,30.66313744
10358,31.13063622,,
10359,,31.32136726,30.66327095
10360,31.13114738,,
10361,31.13137627,31.32180214,30.66465378
10362,,31.3219986,30.66531563
10364,31.1320343,,
10365,,31.32282066,30.66695976
10367,31.13297272,,
10368,31.13323975,31.32396698,30.66898918
10369,,31.3242836,30.66954041
10370,31.13429642,,
10371,,31.32481575,30.67048264
10372,31.1351738,,
10373,31.13555527,31.32525826,30.67128944
10374,,31.3254528,30.67176056
10381,31.13815498,,
10382,,31.32777023,30.67460632
10388,31.14007378,,
10389,,31.32987976,30.6767025
10391,31.14089203,,
10392,,31.33073235,30.67726326
10394,31.14170456,,
10395,31.14193916,31.3314209,30.67825699
10396,31.14219666,31.33161545,30.678545
10397,,31.33182716,30.67880821
10400,31.14313316,,
10401,31.14336777,31.33255768,30.67966461
10402,31.1436348,31.33273697,30.6798439
10403,,31.33290291,30.68000793
10404,31.14411163,,
10405,,31.33330536,30.68029022
10406,31.14452744,,
10407,31.14479065,31.33366394,30.68050957
10408,31.14503288,31.33384323,30.68060684
10409,,31.33413124,30.68069458
10410,31.14546967,,
10411,31.14566994,31.33468628,30.68085289
10412,,31.33494949,30.68092155
10413,31.14607048,,
10414,,31.33557701,30.68105125
10415,31.14644814,,
10416,,31.3361454,30.68116188
10417,31.14679527,,
10418,31.14695168,31.33666229,30.68126488
10419,,31.33690453,30.68131828
10424,31.14768791,,
10425,,31.33817101,30.68156433
10428,31.14852524,,
10429,,31.33883095,30.68218613
10431,31.14907646,,
10432,,31.33921432,30.68255806
10433,31.1495266,,
10434,,31.33946609,30.68277168
10435,31.1500721,,
10436,,31.3397274,30.68298149
10439,31.15096474,,
10440,31.15117264,31.34027672,30.6832943
10441,,31.34041977,30.68334389
10443,31.15170479,,
10444,,31.34077263,30.68350601
10446,31.15214157,,
10447,31.15246773,31.34106636,30.68373108
10448,,31.34115219,30.68379593
10449,31.15303993,,
10450,31.15334892,31.34135056,30.68392754
10451,31.1536274,31.34161186,30.68398476
10452,,31.34187317,30.68404198
10455,31.15463448,,
10456,31.15484619,31.3428688,30.68435669
10457,31.15504074,31.3430748,30.68443489
10458,31.15522385,31.34326363,30.68451118
10459,,31.34344673,30.68457794
10460,31.15570831,,
10461,31.15593719,31.34387779,30.68469048
10462,,31.34412193,30.68474197
10466,31.15743828,,
10467,,31.34590912,30.68548775
10468,31.15816689,,
10469,,31.34667587,30.68594551
10470,31.15878868,,
10471,31.15906525,31.34732628,30.68632698
10472,,31.34817314,30.68648911
10474,31.15993118,,
10475,31.16017914,31.35024071,30.68692398
10476,,31.35081291,30.68707657
10477,31.16061783,,
10478,,31.35185814,30.68734169
10480,31.16135406,,
10481,31.16166496,31.35317802,30.68766403
10482,,31.35355759,30.68775177
10485,31.16270447,,
10486,,31.35482216,30.68804359
10493,31.16451454,,
10494,,31.35658264,30.69176865
10495,31.16499138,,
10496,,31.35695457,30.69273376
10497,31.16545105,,
10498,31.16566467,31.35729218,30.6935215
10499,,31.35746002,30.69386101
10505,31.1675148,,
10506,31.16779137,31.35877037,30.69574928
10507,,31.35894203,30.69597244
10509,31.16858864,,
10510,31.16880989,31.3593998,30.69651222
10511,,31.35953712,30.69665909
10512,31.16919136,,
10513,,31.35985756,30.69691277
10522,31.1713562,,
10523,,31.36152458,30.69765472
10526,31.17199135,,
10527,,31.36215591,30.69792366
10528,31.17233658,,
10529,31.17254448,31.36263275,30.69814301
10530,,31.36283875,30.69826126
10532,31.17325401,,
10533,,31.36338043,30.69856262
10535,31.17381668,,
10536,,31.36384583,30.69883919
10537,31.17416954,,
10538,,31.36410141,30.69898605
10545,31.17557144,,
10546,,31.36528397,30.6999855
10547,31.17588806,,
10548,,31.36557007,30.70061111
10556,31.1775589,,
10557,31.17774963,31.36889839,30.70227814
10558,,31.36923027,30.70239067
10559,31.17810822,,
10560,31.1782856,31.37156868,30.70260048
10561,,31.37259483,30.70269012
10563,31.17878532,,
10564,,31.37512779,30.70289993
10569,31.17974281,,
10570,,31.37861824,30.70324326
10571,31.18003273,,
10572,,31.37953377,30.70333481
10573,31.18030548,,
10574,,31.38033676,30.70345306
10577,31.1810112,,
10578,,31.3817749,30.70371056
10582,31.18215561,,
10583,,31.38350677,30.70539284
10585,31.18284607,,
10586,,31.38427925,30.70609093
10593,31.18468094,,
10594,,31.39133644,30.70928955
10595,31.18509865,,
10596,,31.39401054,30.71410179
10599,31.18585205,,
10600,31.18604469,31.40020943,30.72242165
10601,,31.40145683,30.72401619
10604,31.18677521,,
10605,31.18693542,31.40550804,30.72900581
10606,,31.40632439,30.73002625
10608,31.18741798,,
10609,,31.40855217,30.73251534
10610,31.18771362,,
10611,31.18789482,31.40983009,30.73382378
10612,,31.41038895,30.73438263
10614,31.18837357,,
10615,,31.41182709,30.73575592
10616,31.18864059,,
10617,,31.41261673,30.73646736
10619,31.18897629,,
10620,31.18929291,31.41385841,30.73731232
10621,,31.41420364,30.73756027
10622,31.18984413,,
10623,,31.41505814,30.73799896
10625,31.19052124,,
10626,31.19071579,31.41636086,30.73850822
10627,,31.41685867,30.73865128
10628,31.19107246,,
10629,31.1914196,31.41776276,30.73889923
10630,31.19173622,31.41820908,30.73900795
10631,,31.41860771,30.73910522
10632,31.19233704,,
10633,31.19268608,31.4193058,30.73927307
10634,,31.4196167,30.73934555
10637,31.19426155,,
10638,,31.42092705,30.73988914
10640,31.19521332,,
10641,31.19548035,31.42168808,30.74018288
10642,,31.42189789,30.74028206
10645,31.19637871,,
10646,31.19671822,31.42261314,30.7406292
10647,,31.42276001,30.74070358
10652,31.19840813,,
10653,,31.42340469,30.74109268
10654,31.19881248,,
10655,,31.42355919,30.74215698
10656,31.19942856,,
10657,31.19971657,31.42368889,30.74304581
10658,,31.42374611,30.74343491
10659,31.20028305,,
10660,31.20054817,31.42394447,30.7441082
10661,,31.42403412,30.74440002
10663,31.20170784,,
10664,,31.42445755,30.74510384
10665,31.20288658,,
10666,,31.42489815,30.74563217
10667,31.20385361,,
10668,,31.42530251,30.74622345
10670,31.2050972,,
10671,31.20550346,31.42579842,30.74691963
10672,,31.42593765,30.74710846
10673,31.20624161,,
10674,31.20656967,31.42617989,30.74744034
10675,31.20687103,31.42628098,30.74759293
10676,31.2071476,31.42638588,30.74773216
10677,,31.42648315,30.74785805
10678,31.20762444,,
10679,,31.42667389,30.74808884
10682,31.2085495,,
10683,,31.42699432,30.74847984
10685,31.20924377,,
10686,31.20949936,31.42718506,30.74869919
10687,,31.42724228,30.74876022
10693,31.21105385,,
10694,,31.42754555,30.74904823
10695,31.21146202,,
10696,,31.42761612,30.74910736
10697,31.21187592,,
10698,,31.42767906,30.7491684
10703,31.21310616,,
10704,,31.42808723,30.74930763
10706,31.21408653,,
10707,,31.42840958,30.74937248
10713,31.21608925,,
10714,,31.42951202,30.74953079
10716,31.21682358,,
10717,,31.42993927,30.74962234
10718,31.21743011,,
10719,,31.43026543,30.74977875
10720,31.21807861,,
10721,,31.43053055,30.74991226
10722,31.21871185,,
10723,,31.43095589,30.75003433
10726,31.21975517,,
10727,,31.43157005,30.75026131
10730,31.22056198,,
10731,,31.43223572,30.750494
10732,31.22102356,,
10733,31.22126961,31.43255234,30.75073814
10734,,31.43268776,30.75084305
10739,31.22255325,,
10740,,31.43331718,30.75148392
10745,31.22358131,,
10746,,31.43371201,30.75380707
10747,31.22385216,,
10748,,31.433815,30.75683784
10753,31.22455025,,
10754,,31.43463135,30.76334763
10756,31.22501183,,
10757,,31.43621254,30.76622581
10759,31.22577477,,
10760,,31.4375267,30.76836967
10763,31.22685051,,
10764,31.22723198,31.43880463,30.77039146
10765,31.22759628,31.43907738,30.77078056
10766,,31.43932724,30.77112961
10767,31.22823143,,
10768,31.22852135,31.43977165,30.77172279
10769,31.22878456,31.43997383,30.77197456
10770,,31.44016457,30.77220345
10772,31.23065186,,
10773,31.23118973,31.44073296,30.77276421
10774,,31.44089508,30.77292442
10776,31.23262215,,
10777,31.23301315,31.44134712,30.77332306
10778,,31.44150352,30.77342987
10781,31.23443794,,
10782,,31.44201851,30.77377129
10784,31.23571968,,
10785,31.23608208,31.44233704,30.77394676
10786,,31.44242668,30.77399254
10788,31.23704147,,
10789,31.23743248,31.44288254,30.77412415
10790,31.23779869,31.44302368,30.77416229
10791,,31.44316673,30.77419662
10797,31.24008179,,
10798,,31.4442234,30.7744236
10807,31.2425499,,
10808,31.24285126,31.44514847,30.7746048
10809,31.24312592,31.44521713,30.77462959
10810,,31.44528008,30.77465057
10812,31.24394989,,
10813,31.24427414,31.44551277,30.77471733
10814,31.24463654,31.44557762,30.77474594
10815,,31.44564056,30.77485657
10816,31.24536514,,
10817,31.24590683,31.44575119,30.77504539
10818,,31.44579887,30.77513123
10819,31.2468853,,
10820,31.24731445,31.44588852,30.77626228
10821,,31.44593048,30.77676964
10829,31.25146675,,
10830,31.25190544,31.44640732,30.77965355
10831,31.25230408,31.44649506,30.77984428
10832,,31.44657898,30.78001785
10833,31.25299644,,
10834,31.25331879,31.44675827,30.78031158
10835,,31.44685364,30.78043747
10836,31.25387955,,
10837,,31.44709015,30.78065872
10842,31.2551651,,
10843,31.25534821,31.44911575,30.78110313
10844,,31.45006752,30.78118515
10845,31.25576973,,
10846,,31.4518795,30.78136063
10847,31.25624657,,
10848,31.25645638,31.45360374,30.78150558
10849,,31.45444679,30.78156853
10852,31.25735664,,
10853,,31.4571991,30.78178787
10858,31.25921631,,
10859,31.25962067,31.46033669,30.78202438
10860,31.26006317,31.46076965,30.78205872
10861,,31.46118546,30.78208923
10862,31.26087189,,
10863,,31.46193886,30.78215027
10864,31.26194763,,
10865,,31.46258163,30.78220367
10867,31.26329041,,
10868,31.26366043,31.46355438,30.78226471
10869,,31.4638176,30.78230095
10871,31.26460457,,
10872,,31.46454048,30.78255081
10874,31.2657547,,
10875,31.26611137,31.46541405,30.78300285
10876,31.26643944,31.46572876,30.78313637
10877,,31.46601486,30.78325653
10879,31.26770782,,
10880,,31.46724701,30.7835865
10881,31.26852608,,
10882,,31.46806145,30.78377914
10886,31.27013779,,
10887,31.27044106,31.46959877,30.78416061
10888,31.27072906,31.46983147,30.78421593
10889,,31.47004509,30.78426933
10891,31.27146339,,
10892,,31.47059441,30.78442192
10893,31.27193642,,
10894,,31.47092628,30.78450394
10895,31.27238846,,
10896,,31.47121239,30.78457069
10898,31.27357483,,
10899,,31.47155952,30.78466225
10901,31.27466583,,
10902,31.2749939,31.47187996,30.78475761
10903,,31.47198105,30.78478622
10907,31.27657509,,
10908,,31.47271538,30.78569412
10913,31.27875328,,
10914,,31.47392464,30.78674126
10916,31.27996635,,
10917,,31.47508049,30.78753662
10920,31.28144073,,
10921,31.28181076,31.47634506,30.78865814
10922,31.28215981,31.4766407,30.78904724
10923,,31.47695351,30.78939629
10925,31.28314209,,
10926,,31.47781372,30.79083061
10927,31.28373146,,
10928,,31.47835732,30.79174995
10931,31.28467178,,
10932,31.28487396,31.47997093,30.79312706
10933,31.2850666,31.48029327,30.793396
10934,31.28524208,31.48059082,30.79363632
10935,,31.48086166,30.79385567
10939,31.28594398,,
10940,,31.48192596,30.79519463
10942,31.28627205,,
10943,,31.48253441,30.7959137
10945,31.2865696,,
10946,,31.48302841,30.79644585
10948,31.28692627,,
10949,31.28706551,31.48348045,30.79682732
10950,,31.48362541,30.7969265
10952,31.28765106,,
10953,31.2878418,31.48408318,30.79725456
10954,31.28802681,31.48425102,30.7973423
10955,,31.48442459,30.79744339
10956,31.28859329,,
10957,31.28894234,31.48473549,30.79761696
10958,31.28926086,31.484869,30.79769135
10959,31.28960419,31.48499107,30.79776192
10960,,31.48518181,30.79783249
10962,31.29055595,,
10963,,31.48597527,30.79800224
10964,31.29115868,,
10965,,31.48644066,30.79810905
10966,31.2916832,,
10967,31.29191017,31.48684311,30.79821587
10968,31.29224014,31.48701477,30.79826736
10969,,31.48717308,30.79831696
10971,31.29309654,,
10972,31.29333878,31.48764038,30.79848099
10973,31.29356575,31.48778534,30.79864693
10974,,31.48792076,30.79880142
10978,31.29454041,,
10979,,31.48871231,30.79938316
10980,31.29492188,,
10981,31.29508972,31.48914146,30.79953766
10982,,31.4893856,30.79960442
10983,31.29541016,,
10984,31.2955513,31.48982811,30.79972458
10985,,31.49002647,30.79977608
10987,31.29592705,,
10988,,31.49059486,30.79995346
10989,31.29615211,,
10990,31.29627991,31.49131966,30.80004692
10991,31.29641151,31.49181175,30.80008316
10992,31.29653358,31.49225616,30.80011749
10993,,31.49267006,30.80015373
11008,31.29890633,,
11009,,31.49840164,30.80082703
11011,31.29959679,,
11012,31.29986572,31.49902344,30.8013134
11013,,31.49920082,30.80147362
11020,31.30157089,,
11021,,31.50031853,30.80232239
11022,31.30241966,,
11023,,31.50060272,30.80249977
11024,31.3031311,,
11025,,31.50087738,30.80264473
11031,31.30629158,,
11032,,31.50172424,30.80303574
11034,31.30725288,,
11035,31.30754089,31.50334167,30.80315208
11036,31.30785179,31.50419235,30.80318832
11037,31.30813599,31.50496674,30.80322456
11038,,31.50566673,30.80326843
11039,31.30870247,,
11040,,31.50867081,30.80365944
11041,31.30919266,,
11042,,31.51111412,30.80455399
11044,31.3098278,,
11045,31.31001472,31.51397324,30.80768394
11046,,31.51474953,30.80853271
11055,31.31171036,,
11056,31.31201553,31.51969719,30.81875038
11057,,31.52000999,30.81931877
11067,31.31604958,,
11068,,31.522295,30.82286835
11070,31.31715393,,
11071,,31.52262497,30.82334518
11072,31.31802368,,
11073,31.31852531,31.52279663,30.82367516
11074,,31.52287674,30.82381439
11076,31.31991577,,
11077,,31.52314568,30.82416344
11081,31.32209969,,
11082,,31.52350235,30.82453156
11083,31.32310486,,
11084,,31.52365685,30.82525826
11089,31.3252182,,
11090,31.32546425,31.52450752,30.82674026
11091,31.32569122,31.52461052,30.82691956
11092,31.32589531,31.52470779,30.82708168
11093,,31.52480698,30.82723045
11095,31.32657242,,
11096,,31.52507591,30.82761574
11099,31.32742119,,
11100,31.32760048,31.52536011,30.82859421
11101,,31.52542686,30.82878304
11102,31.32795143,,
11103,,31.52558327,30.82911682
11109,31.32932472,,
11110,,31.52613068,30.83057404
11114,31.33050728,,
11115,,31.52662086,30.83125687
11116,31.33089638,,
11117,31.33120537,31.52939415,30.83145714
11118,,31.53058243,30.83154297
11119,31.3317852,,
11120,,31.53264236,30.83170509
11127,31.33372498,,
11128,31.33396721,31.53786469,30.83207512
11129,,31.53829193,30.83210945
11130,31.33444214,,
11131,,31.53903961,30.8321743
11133,31.33506966,,
11134,,31.54018211,30.83226013
11138,31.33596802,,
11139,,31.54164505,30.83237839
11146,31.33720016,,
11147,31.33737564,31.54370499,30.83249283
11148,,31.54399872,30.8325119
11150,31.33869553,,
11151,,31.54475403,30.83259201
11152,31.33970642,,
11153,,31.54516602,30.83281136
11155,31.34090424,,
11156,31.34130096,31.54566956,30.83321953
11157,,31.5458107,30.83333015
11159,31.34232712,,
11160,31.342659,31.54617882,30.83361244
11161,,31.54628181,30.83372307
11163,31.34391212,,
11164,31.34426498,31.54656982,30.83399391
11165,31.34458733,31.54667473,30.83434677
11166,,31.54676819,30.83474159
11183,31.34922791,,
11184,,31.54774666,30.84934044
11192,31.35107613,,
11193,,31.54824638,30.85169601
11195,31.35159111,,
11196,31.35174561,31.54838562,30.85210228
11197,,31.54842949,30.85221863
11199,31.35216141,,
11200,31.35228348,31.54857254,30.8524971
11201,,31.54865456,30.85257721
11202,31.35249901,,
11203,,31.54898453,30.85271454
11205,31.35309792,,
11206,31.35332298,31.5495224,30.85288239
11207,,31.54974174,30.85293388
11209,31.35394478,,
11210,,31.55031395,30.85310745
11213,31.35486031,,
11214,31.35507011,31.55093384,30.853302
11215,31.35526085,31.55117989,30.85335159
11216,,31.5514164,30.85339355
11218,31.35590172,,
11219,31.35608482,31.55202866,30.853508
11220,31.35626411,31.55230141,30.85354042
11221,31.35643005,31.55254555,30.85357285
11222,,31.55276871,30.85359955
11224,31.35707855,,
11225,31.35728836,31.55413246,30.85380173
11226,,31.55503082,30.85386467
11227,31.35773277,,
11228,,31.55660057,30.85398674
11229,31.35815811,,
11230,,31.5579052,30.85409546
11231,31.35858154,,
11232,31.3588047,31.55920792,30.85421371
11233,,31.55982971,30.85430527
11234,31.35919189,,
11235,,31.56089401,30.85445595
11238,31.3598175,,
11239,,31.56264114,30.85470009
11244,31.36071205,,
11245,31.36084175,31.56439781,30.85492706
11246,,31.56460381,30.85495377
11249,31.36131859,,
11250,,31.56584549,30.85504532
11253,31.36169052,,
11254,31.36188698,31.56734276,30.8551178
11255,,31.5676384,30.85513115
11256,31.36226654,,
11257,,31.56817627,30.85515594
11258,31.3627243,,
11259,,31.56863976,30.85518837
11262,31.36382866,,
11263,,31.56939125,30.85525513
11271,31.3654747,,
11272,31.36561966,31.57056427,30.85537148
11273,,31.57066345,30.85538292
11274,31.36589813,,
11275,,31.57084656,30.85540581
11278,31.3675499,,
11279,,31.57115555,30.85546112
11281,31.36876106,,
11282,31.36915398,31.57133484,30.85549736
11283,31.36951637,31.57139015,30.85551262
11284,,31.57143974,30.85552788
11289,31.37212372,,
11290,,31.5724926,30.85559654
11293,31.3732872,,
11294,31.37352753,31.57311058,30.85564613
11295,31.37374496,31.57324219,30.85566139
11296,31.37398338,31.57336998,30.85567665
11297,31.37421036,31.57349205,30.85569191
11298,,31.57360458,30.85570717
11302,31.37594414,,
11303,,31.57437515,30.85622025
11304,31.37652969,,
11305,,31.57471085,30.85638237
11306,31.37717628,,
11307,,31.57499695,30.85651398
11308,31.377882,,
11309,,31.5753479,30.8566227
11310,31.37854767,,
11311,,31.57570267,30.85674286
11318,31.38082314,,
11319,31.38104439,31.57693291,30.85713959
11320,31.38124657,31.57705879,30.85717201
11321,,31.57717323,30.85719872
11322,31.38161469,,
11323,31.3817997,31.57774734,30.85731316
11324,,31.57817078,30.85739517
11325,31.38226318,,
11326,,31.57899475,30.85753441
11329,31.38332748,,
11330,,31.58213043,30.85777283
11331,31.38377762,,
11332,,31.58329582,30.85786057
11335,31.38460922,,
11336,,31.58504868,30.85798454
11341,31.38574028,,
11342,,31.58706093,30.8582058
11347,31.38670731,,
11348,,31.58841324,30.85855865
11350,31.38729286,,
11351,,31.58895111,30.85899734
11353,31.38807297,,
11354,31.38840103,31.58943367,30.85931778
11355,31.38870239,31.58957672,30.85941315
11356,31.38898468,31.58970833,30.85949898
11357,,31.58984947,30.85957909
11361,31.39028931,,
11362,31.39054298,31.59085655,30.85987282
11363,,31.59116936,30.8599205
11364,31.39099312,,
11365,,31.59172249,30.86000633
11370,31.39216042,,
11371,,31.59298706,30.86023331
11375,31.39484787,,
11376,,31.59395599,30.8603363
11383,31.39869118,,
11384,31.39902306,31.59555244,30.86096191
11385,,31.59572411,30.86100769
11391,31.40076065,,
11392,,31.59692001,30.86383057
11393,31.40122032,,
11394,,31.59718323,30.8648243
11395,31.40162277,,
11396,31.40180588,31.5976696,30.86564827
11397,,31.59797287,30.86600876
11399,31.40236282,,
11400,31.40254021,31.59874535,30.86689758
11401,,31.59896851,30.86713982
11408,31.40439987,,
11409,31.40462112,31.60056496,30.86851883
11410,,31.60074043,30.86863899
11412,31.40534019,,
11413,,31.60119629,30.86895752
11414,31.40574265,,
11415,31.40591812,31.6014843,30.86912918
11416,,31.601614,30.86920357
11418,31.4064312,,
11419,,31.60194778,30.86942482
11421,31.40686989,,
11422,,31.60250092,30.86964798
11425,31.4076252,,
11426,,31.60359001,30.87107277
11427,31.40797615,,
11428,31.40812492,31.60407257,30.87160873
11429,31.40826035,31.60429192,30.87185478
11430,31.40841675,31.60449982,30.87207603
11431,,31.60469055,30.87227631
11435,31.40995026,,
11436,31.41027451,31.60558128,30.87301826
11437,,31.60572815,30.87312126
11439,31.41131592,,
11440,,31.60645676,30.87338448
11443,31.41254425,,
11444,,31.60716629,30.87363815
11451,31.41440773,,
11452,31.41462135,31.60872078,30.87450409
11453,31.41481781,31.60890007,30.87459373
11454,,31.6090641,30.87471008
11455,31.41545677,,
11456,,31.60936165,30.87491035
11459,31.41652298,,
11460,31.4167614,31.60989952,30.87521744
11461,,31.61030006,30.87528801
11466,31.41823387,,
11467,31.41856003,31.61227989,30.87559891
11468,31.41889191,31.61258125,30.87563896
11469,,31.61294746,30.8756752
11472,31.41999435,,
11473,,31.6143074,30.87579727
11476,31.42081833,,
11477,,31.61537743,30.87589264
11478,31.4211998,,
11479,,31.6159668,30.87593079
11481,31.42179871,,
11482,31.42197227,31.61673546,30.87600327
11483,31.4221344,31.61697006,30.87602997
11484,31.42229271,31.61720467,30.87610817
11485,,31.61748505,30.87617874
11486,31.42258835,,
11487,31.42271996,31.61798096,30.87631798
11488,,31.61819458,30.87638474
11490,31.4233284,,
11491,,31.61873627,30.87654877
11493,31.42414284,,
11494,,31.61920547,30.87668419
11497,31.42559052,,
11498,,31.62032509,30.87682724
11499,31.4263401,,
11500,,31.62153244,30.87708473
11503,31.42751884,,
11504,,31.62343788,30.87780762
11505,31.4280529,,
11506,,31.62418556,30.87806892
11507,31.42851257,,
11508,31.42875099,31.62481308,30.87865257
11509,31.429245,31.62509346,30.87890434
11510,,31.62535095,30.87912941
11518,31.43231201,,
11519,,31.62738228,30.88036919
11520,31.43279457,,
11521,,31.62776566,30.88054848
11523,31.43362808,,
11524,31.43387794,31.62861252,30.88076782
11525,,31.6288681,30.88082695
11527,31.43490028,,
11528,31.43533325,31.62976074,30.88098526
11529,,31.63006973,30.88103485
11531,31.43869781,,
11532,,31.63149071,30.88117218
11533,31.44138145,,
11534,,31.6324749,30.88124847
11535,31.44356346,,
11536,,31.63332748,30.88135719
11538,31.4463253,,
11539,31.44714165,31.6346817,30.88148117
11540,,31.63520241,30.8815136
11541,31.44859505,,
11542,,31.63611412,30.88157463
11543,31.44986916,,
11544,,31.63690186,30.88162804
11547,31.45234108,,
11548,31.45288658,31.63811302,30.8817215
11549,31.45340347,31.63835716,30.88174248
11550,31.45387077,31.63857841,30.88176346
11551,31.45431519,31.63878059,30.88178062
11552,31.45472336,31.63897324,30.88179779
11553,,31.6391468,30.88181496
11555,31.45596123,,
11556,,31.63962173,30.88196373
11557,31.45668793,,
11558,31.45699883,31.63991165,30.88204384
11559,,31.64008713,30.88207626
11564,31.45889473,,
11565,31.45922089,31.64095688,30.88224602
11566,,31.6410675,30.88226891
11568,31.46010971,,
11569,31.46036339,31.64134216,30.8823204
11570,31.46064568,31.64141655,30.88233566
11571,,31.64150238,30.88234901
11575,31.46321678,,
11576,,31.64198685,30.88240051
11578,31.46432686,,
11579,,31.64284897,30.88244247
11581,31.46521759,,
11582,,31.64386749,30.88248444
11583,31.46574783,,
11584,,31.64494133,30.88250351
11588,31.4672699,,
11589,,31.64778709,30.8825779
11591,31.46828461,,
11592,31.4686451,31.64929771,30.88272667
11593,31.46897507,31.64975548,30.88278961
11594,,31.65017319,30.88285446
11595,31.46956253,,
11596,31.46983147,31.65106583,30.88303375
11597,31.47011566,31.65154648,30.88313484
11598,31.47037506,31.65213776,30.8832283
11599,31.47062302,31.65271187,30.88331223
11600,,31.65327454,30.88339615
11601,31.47115898,,
11602,31.47139549,31.65426636,30.88355637
11603,31.47164917,31.65470123,30.88362885
11604,,31.65509415,30.88369942
11608,31.47279358,,
11609,,31.65661621,30.8840065
11610,31.47317505,,
11611,,31.65707779,30.88414955
11613,31.47372627,,
11614,,31.65777397,30.88434219
11615,31.47410774,,
11616,31.47431183,31.65818977,30.88444519
11617,,31.6583786,30.88449097
11618,31.47485924,,
11619,31.47521019,31.65872002,30.8845787
11620,,31.65888405,30.88461494
11622,31.47615814,,
11623,31.47646141,31.65933228,30.8847065
11624,31.47678566,31.6594677,30.88473511
11625,,31.65959549,30.88476181
11634,31.47942924,,
11635,,31.66591263,30.8852272
11636,31.48013115,,
11637,,31.66674995,30.8854084
11638,31.48079872,,
11639,31.48109818,31.66748047,30.88562965
11640,31.48136902,31.66781998,30.88575172
11641,,31.66814613,30.88586044
11643,31.48205566,,
11644,,31.66914368,30.88614082
11646,31.48265457,,
11647,,31.67020035,30.88635445
11650,31.48327065,,
11651,31.48339844,31.67156219,30.88656998
11652,,31.67197037,30.8866272
11656,31.48412704,,
11657,31.48445129,31.67526436,30.88683891
11658,31.48474503,31.6759758,30.88686943
11659,,31.67663193,30.88689423
11663,31.48604774,,
11664,31.4862957,31.68229675,30.88709259
11665,,31.6832962,30.88718033
11668,31.48731041,,
11669,31.48756027,31.68645096,30.88763809
11670,,31.68707085,30.88774109
11672,31.48835182,,
11673,,31.68867493,30.88798332
11674,31.48880959,,
11675,,31.68952751,30.888134
11676,31.48922729,,
11677,31.48940659,31.69027519,30.88825417
11678,,31.69062042,30.88830948
11683,31.49082756,,
11684,,31.69238663,30.88859749
11685,31.49144745,,
11686,31.49171638,31.69285393,30.88868904
11687,,31.69305611,30.8887291
11689,31.49315834,,
11690,,31.69360924,30.88890076
11691,31.49409485,,
11692,,31.69391251,30.88910103
11693,31.49502754,,
11694,31.49548149,31.69415474,30.88929558
11695,,31.69451904,30.88938141
11697,31.4966507,,
11698,31.49699211,31.6954174,30.88973045
11699,,31.69566154,30.88992119
11701,31.49792862,,
11702,,31.69628334,30.89040756
11704,31.49869156,,
11705,31.4989357,31.69676208,30.89081764
11706,31.49917221,31.6968956,30.89093018
11707,31.49939537,31.69701767,30.89102745
11708,31.4996109,31.69713783,30.89111137
11709,31.49980545,31.69724846,30.89120293
11710,,31.69735909,30.89128685
11713,31.5008564,,
11714,,31.69845581,30.89155579
11719,31.50240707,,
11720,,31.70100594,30.89188194
11722,31.50304222,,
11723,,31.70186996,30.89201164
11724,31.50341606,,
11725,,31.70235252,30.89209557
11727,31.50403404,,
11728,31.50427818,31.70294189,30.89235687
11729,31.50454903,31.70312309,30.8925209
11730,31.5048008,31.70328522,30.89266777
11731,31.50502777,31.7034893,30.89280319
11732,31.50525856,31.70367241,30.8932972
11733,,31.70384407,30.89374352
11735,31.50588989,,
11736,,31.7042923,30.89483833
11740,31.50694466,,
11741,,31.70519638,30.89619255
11742,31.5073967,,
11743,,31.70556259,30.89663696
11746,31.5083847,,
11747,,31.70615196,30.89739037
11749,31.50912857,,
11750,31.50942039,31.70658302,30.89780617
11751,,31.70672035,30.89792633
11755,31.510849,,
11756,31.51112556,31.70839691,30.89839172
11757,,31.70877266,30.89954567
11759,31.51184464,,
11760,31.51205063,31.70997429,30.90241241
11761,,31.71032715,30.90319061
11762,31.51244164,,
11763,,31.71116447,30.90452576
11769,31.51361465,,
11770,,31.71332741,30.90752602
11772,31.51412773,,
11773,,31.71395111,30.90829659
11775,31.51458931,,
11776,31.51473045,31.71484756,30.90888786
11777,,31.71511078,30.90904999
11779,31.51725388,,
11780,31.51795578,31.71578217,30.90952492
11781,,31.71596718,30.90966606
11785,31.52078056,,
11786,,31.71674347,30.91020584
11788,31.52199745,,
11789,31.52234459,31.7171402,30.9105072
11790,,31.71725655,30.91059685
11791,31.52300644,,
11792,,31.71747971,30.91075516
11793,31.52363014,,
11794,,31.71772575,30.9108963
11795,31.52420998,,
11796,31.52445793,31.71822929,30.91101646
11797,,31.71862411,30.91106987
11799,31.52514267,,
11800,,31.71963692,30.91127586
11802,31.52576256,,
11803,,31.72039795,30.9114418
11805,31.52667809,,
11806,,31.72097015,30.91159058
11807,31.52747154,,
11808,,31.72128677,30.91169548
11810,31.52853394,,
11811,,31.72167397,30.91182709
11813,31.52940941,,
11814,,31.72204018,30.91219521
11815,31.53005219,,
11816,31.5303421,31.72224808,30.91267776
11817,,31.72236252,30.91289139
11818,31.5308876,,
11819,,31.72271919,30.91327095
11822,31.5318718,,
11823,,31.72345543,30.91390228
11824,31.53228569,,
11825,,31.72386932,30.91416168
11828,31.53313065,,
11829,,31.72484207,30.91454506
11832,31.53379631,,
11833,,31.72630882,30.91480446
11834,31.53407478,,
11835,,31.72711182,30.91490936
11836,31.53431511,,
11837,,31.72776604,30.9149971
11839,31.53476143,,
11840,31.53490639,31.72866631,30.91512108
11841,31.53504562,31.72894478,30.91515541
11842,31.5351944,31.72920227,30.91518784
11843,31.53533554,31.72944832,30.91521454
11844,,31.72967339,30.91524124
11845,31.53568268,,
11846,,31.73013687,30.9153347
11847,31.53601456,,
11848,,31.73054504,30.91545105
11849,31.53633308,,
11850,,31.730896,30.91556168
11857,31.53765106,,
11858,31.5377903,31.7319355,30.9159584
11859,,31.73204041,30.91603661
11863,31.53853035,,
11864,,31.73249245,30.91638947
11868,31.53929138,,
11869,,31.73359108,30.916605
11873,31.54000282,,
11874,,31.73467064,30.91677666
11880,31.54198265,,
11881,31.54222298,31.73719025,30.9180851
11882,31.54244423,31.7377243,30.91826057
11883,,31.73820877,30.91842079
11886,31.54365349,,
11887,31.54395485,31.73973465,30.91901779
11888,31.54424477,31.7400322,30.91915512
11889,,31.74029541,30.91928101
11894,31.54576683,,
11895,31.54598999,31.74145889,30.91986275
11896,,31.74160576,30.91993141
11898,31.54660797,,
11899,31.5468998,31.74197006,30.92009163
11900,,31.74207497,30.92013359
11907,31.54892731,,
11908,31.54916,31.74271393,30.92045975
11909,,31.74280548,30.9205246
11911,31.54987717,,
11912,31.55009651,31.7431488,30.92068672
11913,31.55030441,31.74325943,30.92074966
11914,,31.74336433,30.92080688
11915,31.55091095,,
11916,,31.74354935,30.92089844
11918,31.55200386,,
11919,31.55232239,31.74380684,30.92101479
11920,,31.74388123,30.92104912
11923,31.55336761,,
11924,,31.74417114,30.92129517
11925,31.55383873,,
11926,,31.74428368,30.92153549
11927,31.55424309,,
11928,,31.74442673,30.92173195
11929,31.55480194,,
11930,,31.74458694,30.92188454
11932,31.55556297,,
11933,31.55577469,31.74513054,30.92206192
11934,31.55596924,31.74533463,30.92212105
11935,,31.7455368,30.92217636
11937,31.55664063,,
11938,,31.74620056,30.92231178
11944,31.55892754,,
11945,,31.75043488,30.92260361
11947,31.55994415,,
11948,31.56057739,31.75306702,30.92271233
11949,31.5612545,31.7537899,30.92274666
11950,,31.75444412,30.92281723
11952,31.56300735,,
11953,,31.75607681,30.92300606
11956,31.5648365,,
11957,31.56520653,31.75767708,30.92317772
11958,,31.7579937,30.92320824
11959,31.5659523,,
11960,31.56639099,31.75859642,30.92325974
11961,,31.75886345,30.92328453
11963,31.56752205,,
11964,,31.75953293,30.92334175
11968,31.56906128,,
11969,,31.76155281,30.92343521
11971,31.56995964,,
11972,,31.76269913,30.92347336
11974,31.57083321,,
11975,,31.76395607,30.92350388
11978,31.57253265,,
11979,31.5728817,31.76551628,30.92354393
11980,,31.76583862,30.92357254
11981,31.57354927,,
11982,,31.7665081,30.92362404
11984,31.5745945,,
11985,,31.7674675,30.92367554
11986,31.57520485,,
11987,,31.76800537,30.92393494
11988,31.57589912,,
11989,,31.7684536,30.92415047
11993,31.57757378,,
11994,,31.76928329,30.92521095
11995,31.57830238,,
11996,,31.76952744,30.92568398
11997,31.57924843,,
11998,31.5797863,31.76978302,30.92611694
11999,,31.76991844,30.92632294
12000,31.58079147,,
12001,31.58124352,31.77017784,30.92667007
12002,31.58165741,31.77029037,30.92684364
12003,31.58222008,31.77038956,30.92699623
12004,,31.77048111,30.92714119
12007,31.5845108,,
12008,,31.77077103,30.92760086
12016,31.58815384,,
12017,31.58856583,31.77127647,30.92815208
12018,31.58895493,31.77134705,30.92819595
12019,31.58931923,31.77143288,30.92825127
12020,,31.77169037,30.92830086
12021,31.58996773,,
12022,,31.77218628,30.9283905
12024,31.59081268,,
12025,31.59107399,31.77287865,30.92850304
12026,,31.77308655,30.92853355
12027,31.59165764,,
12028,,31.77347374,30.92859268
12031,31.59269142,,
12032,31.59306145,31.77426338,30.92870712
12033,,31.77447891,30.9287281
12036,31.59428024,,
12037,,31.77525139,30.92878914
12039,31.59508133,,
12040,,31.77580643,30.9288311
12043,31.5961895,,
12044,,31.77639389,30.92899513
12051,31.59778595,,
12052,,31.77842522,30.93758965
12054,31.59830284,,
12055,31.59846306,31.77912712,30.94033813
12056,,31.77931786,30.94107437
12062,31.60011482,,
12063,,31.78042412,30.94454575
12065,31.60116005,,
12066,,31.78092003,30.94540977
12070,31.60283089,,
12071,,31.78175545,30.9463768
12073,31.60363579,,
12074,,31.78220749,30.94678116
12075,31.60411644,,
12076,31.6043644,31.78247261,30.94700432
12077,,31.78259087,30.94710159
12078,31.60481262,,
12079,,31.78339958,30.94727325
12080,31.60524368,,
12081,,31.78434372,30.94741631
12084,31.60603714,,
12085,,31.78619957,30.94761658
12087,31.60671997,,
12088,,31.78718948,30.94772148
12091,31.60764313,,
12092,,31.78820419,30.94787407
12095,31.60852242,,
12096,31.60871696,31.78895378,30.9480381
12097,31.60896873,31.78931427,30.94814873
12098,,31.78968811,30.948246
12101,31.60982513,,
12102,,31.79099083,30.94856453
12103,31.61019135,,
12104,31.61039925,31.79157829,30.94868279
12105,31.61059189,31.79191589,30.94873047
12106,,31.79222488,30.94877434
12108,31.6113205,,
12109,,31.79315376,30.94891739
12111,31.61242485,,
12112,,31.79389763,30.94903564
12126,31.61665344,,
12127,,31.80116081,30.94950485
12128,31.61734009,,
12129,,31.80166245,30.94955635
12133,31.61878204,,
12134,,31.80263329,30.94966316
12135,31.61952591,,
12136,,31.80292892,30.94969749
12139,31.62088585,,
12140,,31.80341721,30.94976044
12142,31.62166786,,
12143,,31.8042717,30.94979858
12145,31.6223278,,
12146,31.62254143,31.80541611,30.94996071
12147,,31.80575943,30.95000076
12150,31.62356949,,
12151,31.62381172,31.80723,30.95021057
12152,,31.80755615,30.95027542
12154,31.62446976,,
12155,,31.8083992,30.95048332
12158,31.62517357,,
12159,,31.80948257,30.95080376
12163,31.62610054,,
12164,,31.81060028,30.95113754
12165,31.62642097,,
12166,,31.81149483,30.95125198
12168,31.62685966,,
12169,,31.81336784,30.9515419
12173,31.62752724,,
12174,31.62764549,31.81651688,30.95200729
12175,,31.81700706,30.95209122
12176,31.62786102,,
12177,,31.81786156,30.95223045
12178,31.62805748,,
12179,,31.81857872,30.95238495
12180,31.62822914,,
12181,,31.81929207,30.95250893
12182,31.62845421,,
12183,,31.81998444,30.95265961
12187,31.63135338,,
12188,31.63196754,31.82163048,30.95302391
12189,,31.82197189,30.95310211
12190,31.63303375,,
12191,,31.82258987,30.95335197
12200,31.63766861,,
12201,,31.82563591,30.95458221
12202,31.63833618,,
12203,,31.82618332,30.95473671
12204,31.63927269,,
12205,,31.82668877,30.95486069
12207,31.64072037,,
12208,31.64123726,31.82735062,30.95500374
12209,,31.82756233,30.95504189
12210,31.64213943,,
12211,,31.82834435,30.95511055
12212,31.64337921,,
12213,,31.82902527,30.95518875
12214,31.64443207,,
12215,,31.82979584,30.95537949
12219,31.64652824,,
12220,31.64689064,31.83148193,30.95599556
12221,31.64722252,31.8317337,30.95609474
12222,31.6475296,31.83196259,30.95618629
12223,,31.83221436,30.95627213
12224,31.64812469,,
12225,,31.83267784,30.95642471
12226,31.64869118,,
12227,31.64893913,31.83307838,30.95655441
12228,31.64920425,31.83328819,30.95660973
12229,,31.83348465,30.95666122
12234,31.65158272,,
12235,,31.83478928,30.95692635
12240,31.65409088,,
12241,,31.8359108,30.95720482
12243,31.65503311,,
12244,,31.83637428,30.95731163
12248,31.65640259,,
12249,31.65675545,31.83695221,30.95759964
12250,31.65711594,31.83704376,30.95763969
12251,,31.83712578,30.95768356
12252,31.65778923,,
12253,31.65811539,31.83738708,30.95900917
12254,31.65841675,31.83750343,30.96017075
12255,31.65869331,31.83761024,30.96121979
12256,31.65894699,31.83770561,30.96216202
12257,,31.83778954,30.96301079
12258,31.65939522,,
12259,31.65962029,31.83795929,30.96446228
12260,31.65986443,31.83804703,30.96508598
12261,31.66012955,31.83818436,30.96564865
12262,31.66036797,31.83836365,30.96622086
12263,31.66068268,31.8386116,30.96673393
12264,,31.83883476,30.96719933
12265,31.66125488,,
12266,,31.83921814,30.9679966
12267,31.66184998,,
12268,31.66210556,31.8395462,30.96865463
12269,,31.83974457,30.96893501
12271,31.66280746,,
12272,,31.84036064,30.96963882
12274,31.66337585,,
12275,,31.8411808,30.9701767
12277,31.66391563,,
12278,31.66414642,31.84205246,30.97058487
12279,31.66436005,31.84231377,30.9706974
12280,,31.84261131,30.9708004
12282,31.6649971,,
12283,31.6651783,31.84564781,30.97104836
12284,,31.84682846,30.97111511
12288,31.66603851,,
12289,31.66620445,31.85124969,30.97138786
12290,,31.85193443,30.97144318
12291,31.66652298,,
12292,31.66666794,31.85314369,30.97153473
12293,31.66680717,31.85367775,30.97157669
12294,31.66695213,31.85419083,30.97161674
12295,,31.8548851,30.97165298
12299,31.66761589,,
12300,31.66772842,31.85756302,30.97179794
12301,,31.85797501,30.97183418
12304,31.6681881,,
12305,,31.85944939,30.97199059
12306,31.66839218,,
12307,31.66849899,31.86059761,30.97229958
12308,,31.8611908,30.97255516
12309,31.66871262,,
12310,31.66880798,31.8622551,30.97299385
12311,,31.86272812,30.9731884
12312,31.66915512,,
12313,31.66947746,31.86355972,30.97352219
12314,,31.8639164,30.97366524
12315,31.67007065,,
12316,,31.8645668,30.97391129
12318,31.67081833,,
12319,,31.86538887,30.97420311
12322,31.67214584,,
12323,,31.86621666,30.9745388
12324,31.67296028,,
12325,,31.866539,30.97467995
12327,31.6742363,,
12328,,31.86696434,30.97486877
12329,31.67499352,,
12330,,31.86724472,30.97497559
12339,31.67844582,,
12340,,31.86882782,30.97538757
12342,31.68010902,,
12343,31.68073463,31.86922646,30.97554016
12344,31.68131447,31.86935234,30.97559166
12345,,31.86947441,30.97563744
12346,31.68231773,,
12347,,31.86972809,30.97571945
12354,31.68667603,,
12355,,31.87061882,30.97591591
12358,31.6882515,,
12359,31.68863869,31.87099648,30.97599602
12360,,31.8710804,30.976017
12361,31.6893177,,
12362,,31.87129021,30.97611237
12363,31.68989754,,
12364,,31.87153053,30.9762249
12369,31.69119453,,
12370,,31.87240219,30.97669411
12371,31.69166374,,
12372,31.69192886,31.8726368,30.97685051
12373,,31.87273979,30.97691917
12375,31.69258499,,
12376,,31.87325287,30.97709656
12378,31.69311523,,
12379,31.69328117,31.87379265,30.97723579
12380,,31.87395477,30.97727203
12381,31.69384003,,
12382,,31.87445068,30.97733307
12387,31.69572639,,
12388,,31.87661171,30.97743416
12392,31.69769478,,
12393,,31.87838936,30.97746468
12395,31.6988163,,
12396,,31.87932777,30.97747231
12397,31.69948006,,
12398,31.69978905,31.87993431,30.9775486
12399,,31.88020325,30.97758293
12403,31.70215225,,
12404,31.70259094,31.88126183,30.97770691
12405,31.70302391,31.88143539,30.97772408
12406,,31.88160515,30.97773743
12411,31.70565414,,
12412,,31.88244057,30.97784042
12413,31.70646477,,
12414,31.70710373,31.88269234,30.97870445
12415,,31.88280678,30.97907639
12417,31.70879555,,
12418,,31.88502693,30.98005295
12421,31.71083832,,
12422,,31.88746452,30.98124504
12424,31.71220589,,
12425,,31.88896942,30.98189163
12427,31.71327019,,
12428,,31.89021873,30.98283195
12429,31.71389198,,
12430,31.71419334,31.89092445,30.98366547
12431,31.71446991,31.89124107,30.98402786
12432,,31.89152908,30.98435402
12433,31.71503067,,
12434,,31.89219093,30.98491478
12436,31.71602249,,
12437,,31.89306068,30.98557854
12439,31.71684265,,
12440,,31.89381027,30.98613548
12442,31.71791077,,
12443,31.71845627,31.89444351,30.98654366
12444,31.71895599,31.89462471,30.98665619
12445,31.71945572,31.89478493,30.98676109
12446,,31.89493179,30.98692131
12447,31.72119713,,
12448,31.72199631,31.89519882,30.98718834
12449,31.7227478,31.89531136,30.98730087
12450,,31.89541245,30.98740196
12451,31.7240448,,
12452,,31.89561653,30.98756599
12454,31.72560883,,
12455,31.72613716,31.89601517,30.98777962
12456,,31.89616013,30.98785782
12458,31.7276516,,
12459,31.72807693,31.89657974,30.98893929
12460,,31.89671326,30.98937607
12465,31.73040581,,
12466,,31.89811134,30.99123001
12468,31.73197365,,
12469,,31.89858627,30.99181747
12471,31.73321724,,
12472,31.73358917,31.89901161,30.99227715
12473,31.7339325,31.89918137,30.99240685
12474,,31.89933777,30.99252892
12478,31.73529243,,
12479,,31.90008736,30.99297905
12484,31.73666954,,
12485,,31.90175438,30.99331093
12486,31.73713875,,
12487,,31.90226364,30.99339485
12492,31.73923874,,
12493,,31.90398026,30.9935627
12495,31.7401104,,
12496,31.74035835,31.9048233,30.99363136
12497,31.74058914,31.90505981,30.99365234
12498,,31.90528679,30.99367523
12502,31.74203491,,
12503,,31.9079895,30.99380875
12510,31.7440815,,
12511,,31.91120911,30.99477005
12512,31.7446022,,
12513,,31.91238022,30.99542427
12515,31.74672699,,
12516,,31.9138279,30.99618912
12520,31.75030518,,
12521,,31.9168663,30.99705696
12523,31.75193596,,
12524,31.75240898,31.91837883,30.99744797
12525,,31.91880798,30.99755669
12526,31.75331879,,
12527,,31.91958046,30.9977417
12528,31.75408936,,
12529,31.75445557,31.92033958,30.99788666
12530,31.7548008,31.92066765,30.9979496
12531,,31.92096329,30.99800873
12532,31.75540733,,
12533,,31.92154884,30.998106
12534,31.75601959,,
12535,,31.92204094,30.99818993
12536,31.75662041,,
12537,31.75697136,31.92247581,30.99826813
12538,,31.92267227,30.99836349
12540,31.75787926,,
12541,,31.92323494,30.9985981
12542,31.75837708,,
12543,,31.92354965,30.99872017
12549,31.76010132,,
12550,31.7603035,31.93124008,30.99899292
12551,,31.93232346,30.99905396
12552,31.76075554,,
12553,31.76096535,31.93434715,30.9991703
12554,,31.93530846,30.99922371
12561,31.76264572,,
12562,,31.94065475,30.99954224
12564,31.76320648,,
12565,,31.94197655,30.99964333
12567,31.76366806,,
12568,,31.94301033,30.99972916
12570,31.76418114,,
12571,,31.94380188,30.99980927
12572,31.76466751,,
12573,31.76488495,31.9442215,30.99989128
12574,31.76509857,31.94441414,30.99992752
12575,,31.94465637,30.99999237
12577,31.76568413,,
12578,,31.94525528,31.0001545
12580,31.76693726,,
12581,31.76741409,31.94582558,31.00032997
12582,,31.9459877,31.00038528
12584,31.76872444,,
12585,,31.94641685,31.00079727
12586,31.76950264,,
12587,,31.94668198,31.00133705
12588,31.7704525,,
12589,31.77099037,31.94691277,31.00177002
12590,,31.94706535,31.00195503
12592,31.77235985,,
12593,,31.94748306,31.00274086
12598,31.77492905,,
12599,,31.94861984,31.00409317
12601,31.77593803,,
12602,,31.94925117,31.00452995
12603,31.77657127,,
12604,,31.94969559,31.00476837
12605,31.77713966,,
12606,31.77746391,31.95020103,31.00499725
12607,,31.95045853,31.00510025
12609,31.77840424,,
12610,,31.95118141,31.00535202
12613,31.77944946,,
12614,31.77973366,31.95224571,31.00558472
12615,,31.95246887,31.00563622
12616,31.78027725,,
12617,,31.95295334,31.00574112
12620,31.78126335,,
12621,,31.95369339,31.0059185
12622,31.78167915,,
12623,,31.95396614,31.00603294
12626,31.78244781,,
12627,31.78266525,31.95445251,31.00625038
12628,31.78287506,31.95455933,31.00631332
12629,31.78311539,31.9546566,31.00636864
12630,,31.95474815,31.00641823
12631,31.78355026,,
12632,,31.95492172,31.00650597
12633,31.78391075,,
12634,31.78407288,31.95508194,31.00658035
12635,31.78422356,31.95515442,31.00665665
12636,,31.95522308,31.00673294
12640,31.7850666,,
12641,31.78523445,31.95574951,31.0070591
12642,,31.95583534,31.00712204
12643,31.78560638,,
12644,,31.95598793,31.00734138
12645,31.78608131,,
12646,,31.95614052,31.00752068
12648,31.78689766,,
12649,,31.95635796,31.00773811
12651,31.78785324,,
12652,31.78813171,31.95849037,31.00790215
12653,31.78840065,31.95937729,31.00795364
12654,,31.96018028,31.00800323
12655,31.78889656,,
12656,,31.96156311,31.00816917
12658,31.78960037,,
12659,,31.96337891,31.00849342
12660,31.79009628,,
12661,31.79031372,31.96439171,31.00884628
12662,,31.96484184,31.00907516
12663,31.79075241,,
12664,31.79095078,31.96566391,31.00946617
12665,,31.9660778,31.00963402
12666,31.79131508,,
12667,,31.96680641,31.00992393
12668,31.79178047,,
12669,,31.96742249,31.01017189
12670,31.79234123,,
12671,,31.96793938,31.01037407
12673,31.79304123,,
12674,,31.96857262,31.01063156
12675,31.79341316,,
12676,31.79372215,31.96896553,31.01076508
12677,,31.96915627,31.01091194
12681,31.79595184,,
12682,,31.96994781,31.01163864
12683,31.79781914,,
12684,31.79862785,31.97021103,31.01202202
12685,31.79935837,31.97032738,31.01218414
12686,31.80003738,31.97048759,31.01233101
12687,,31.97063446,31.01246643
12688,31.80126572,,
12689,31.80182457,31.97092247,31.01269722
12690,31.80234718,31.97106171,31.0127964
12691,,31.97119904,31.01288605
12695,31.80463791,,
12696,,31.97270203,31.01323128
12698,31.80585861,,
12699,,31.97427368,31.01345253
12700,31.80661011,,
12701,,31.97536659,31.01361275
12703,31.80775261,,
12704,31.80820656,31.97730637,31.01382637
12705,31.80862617,31.97784615,31.01388359
12706,,31.97833824,31.01394272
12710,31.81035233,,
12711,,31.98080826,31.01417542
12716,31.81178474,,
12717,31.81199074,31.98321724,31.01609802
12718,,31.98359299,31.01700592
12719,31.81234932,,
12720,,31.98427963,31.01856613
12722,31.81320381,,
12723,,31.98509407,31.02040291
12724,31.81379318,,
12725,,31.98556709,31.02141953
12727,31.81464958,,
12728,,31.98649216,31.02268219
12731,31.81779671,,
12732,,31.98744583,31.0239048
12734,31.81952667,,
12735,,31.98798752,31.02455711
12736,31.82045746,,
12737,,31.98828697,31.02628899
12740,31.82193947,,
12741,31.82223511,31.98878098,31.03112793
12742,,31.98888969,31.03206062
12745,31.82323456,,
12746,,31.98940468,31.03538132
12748,31.82384872,,
12749,,31.98976517,31.03715324
12751,31.82444572,,
12752,,31.99012566,31.03849411
12753,31.82482338,,
12754,31.82500267,31.99033928,31.03919411
12755,,31.99048615,31.03949165
12765,31.82789421,,
12766,,31.99761009,31.0419426
12769,31.82870102,,
12770,,31.99934959,31.04236794
12774,31.82969093,,
12775,31.82985878,32.00110245,31.0430603
12776,31.83006859,32.00138474,31.04341888
12777,31.83027267,32.00164413,31.04374313
12778,31.8304615,32.00188065,31.04403687
12779,31.83063316,32.00209045,31.04429817
12780,,32.00228119,31.0445385
12785,31.83158112,,
12786,,32.0031929,31.04556465
12790,31.83239937,,
12791,31.83262062,32.00368118,31.0464592
12792,31.83282852,32.00375366,31.04661942
12793,31.83302689,32.00382996,31.04676247
12794,,32.00389862,31.04711533
12798,31.83407974,,
12799,31.83436012,32.00439453,31.04840851
12800,,32.00447845,31.04859352
12803,31.83592033,,
12804,,32.00481796,31.04918289
12806,31.83736801,,
12807,31.83787346,32.00502014,31.04953575
12808,31.83834648,32.00508118,31.04964066
12809,31.83877182,32.0051384,31.04974556
12810,,32.00519562,31.04984093
12811,31.83951759,,
12812,,32.00546646,31.05001068
12813,31.84014511,,
12814,31.84043694,32.00585556,31.0501709
12815,,32.00602341,31.05024338
12816,31.84109116,,
12817,,32.00632477,31.05040932
12820,31.8425045,,
12821,31.84281158,32.00677872,31.05066109
12822,,32.00687027,31.05071068
12823,31.84340858,,
12824,31.84370041,32.0070343,31.05080795
12825,,32.00710297,31.05086136
12828,31.84586334,,
12829,,32.00742722,31.05105782
12830,31.84686661,,
12831,,32.00761414,31.05112839
12837,31.84961891,,
12838,31.84991646,32.0080452,31.05135536
12839,,32.00808716,31.05138206
12842,31.85117722,,
12843,,32.00824356,31.05157089
12846,31.85300064,,
12847,31.8535099,32.008461,31.05172157
12848,,32.00852966,31.05175209
12849,31.85461617,,
12850,,32.00865936,31.05264854
12851,31.85580063,,
12852,31.85635567,32.00881958,31.05337906
12853,,32.00891495,31.05368805
12855,31.8577404,,
12856,,32.00915527,31.05443573
12857,31.85867119,,
12858,31.85926819,32.00928879,31.05482292
12859,,32.00934601,31.05498886
12862,31.86118317,,
12863,,32.00955963,31.05613708
12864,31.86208534,,
12865,31.86260033,32.00965118,31.05739021
12866,31.86316872,32.00969696,31.05792427
12867,31.86368179,32.00973892,31.05840302
12868,,32.00978851,31.0588398
12869,31.86462021,,
12870,,32.00987625,31.05958176
12871,31.8656826,,
12872,31.86613846,32.00995255,31.06018639
12873,,32.00999069,31.06044579
12877,31.86806107,,
12878,,32.01036453,31.06140709
12881,31.86926079,,
12882,,32.01056671,31.06220627
12883,31.8699913,,
12884,,32.01064301,31.06282234
12885,31.87070656,,
12886,,32.01070023,31.06332588
12888,31.87160301,,
12889,31.87187576,32.01081848,31.06399727
12890,,32.01086426,31.06418228
12891,31.87244987,,
12892,,32.01094055,31.06450081
12896,31.87407303,,
12897,31.87437248,32.01132202,31.06610107
12898,,32.01140213,31.06639099
12899,31.87489319,,
12900,31.87511826,32.01156998,31.06891632
12901,,32.01164627,31.07001495
12908,31.87702179,,
12909,,32.01257706,31.07602882
12911,31.87760353,,
12912,31.87777138,32.01346588,31.07731819
12913,,32.01372528,31.07766724
12914,31.8781662,,
12915,31.87835312,32.01419449,31.07826233
12916,,32.01440048,31.07851791
12918,31.8788681,,
12919,31.87903214,32.01493835,31.07914734
12920,,32.01510239,31.079319
12922,31.87946701,,
12923,31.87962914,32.01568222,31.07982635
12924,,32.01587296,31.07997322
12926,31.88020515,,
12927,31.88049507,32.01639938,31.08035088
12928,31.88075829,32.01659775,31.08045578
12929,31.88100243,32.01679993,31.08054924
12930,,32.01698303,31.08063316
12931,31.8814621,,
12932,,32.01729584,31.08081818
12938,31.88279915,,
12939,,32.01835251,31.08141518
12944,31.88425064,,
12945,,32.01914597,31.08198929
12947,31.88501358,,
12948,,32.0195694,31.08221626
12953,31.88635254,,
12954,,32.02020645,31.08250618
12955,31.88679123,,
12956,,32.02036667,31.08258438
12959,31.88756943,,
12960,31.88776398,32.02064133,31.08272552
12961,31.88794708,32.02070618,31.08275795
12962,31.88811874,32.02076721,31.08278847
12963,,32.02088547,31.08281708
12964,31.88843918,,
12965,31.88859558,32.02108383,31.08288956
12966,,32.0211792,31.08293152
12967,31.88887596,,
12968,31.88903046,32.02161789,31.08300781
12969,,32.02180862,31.08304214
12976,31.89123344,,
12977,,32.02404404,31.08419037
12979,31.89222908,,
12980,31.89262772,32.02494431,31.08458138
12981,31.89299202,32.02519989,31.08469963
12982,,32.02543259,31.08480644
12985,31.89476395,,
12986,31.89527321,32.02622986,31.08520126
12987,31.89574051,32.02639008,31.08528328
12988,,32.02656174,31.08535957
13002,31.90123177,,
13003,,32.02919006,31.0905838
13006,31.90251541,,
13007,,32.03123474,31.09228706
13008,31.90345192,,
13009,,32.03325653,31.0929203
13010,31.90455818,,
13011,,32.03493118,31.09346008
13013,31.90653229,,
13014,,32.0369339,31.09410095
13017,31.90884399,,
13018,31.90949631,32.03847885,31.09456825
13019,31.91014099,32.0389328,31.09469604
13020,,32.03934097,31.09481049
13023,31.91283989,,
13024,31.9135437,32.04071426,31.09516144
13025,,32.04098892,31.09524155
13028,31.91647911,,
13029,31.91718102,32.04191589,31.09549904
13030,,32.04211426,31.09556389
13033,31.91980362,,
13034,,32.0427742,31.09582138
13037,31.92195892,,
13038,31.92243576,32.04327774,31.09605598
13039,,32.04339218,31.09610748
13042,31.92435074,,
13043,,32.04379272,31.09641647
13044,31.92530441,,
13045,,32.0439415,31.09652901
13047,31.92655182,,
13048,31.92691612,32.0441246,31.09669495
13049,,32.04418564,31.09673309
13050,31.92756844,,
13051,31.92785263,32.04429626,31.09680176
13052,,32.04435349,31.09686089
13058,31.93003082,,
13059,,32.04518127,31.09718704
13063,31.93138504,,
13064,,32.04680252,31.09737396
13065,31.93184853,,
13066,,32.04756927,31.09742165
13067,31.93231201,,
13068,,32.04826736,31.09746361
13070,31.93368912,,
13071,,32.04927444,31.09752083
13074,31.93543816,,
13075,31.93580055,32.05043411,31.09765625
13076,,32.05074692,31.09768677
13079,31.93713188,,
13080,,32.051754,31.097826
13081,31.93785858,,
13082,31.93831062,32.05217743,31.09788895
13083,,32.05237961,31.09791374
13088,31.94093895,,
13089,31.94131851,32.05356216,31.09809685
13090,31.94165993,32.05419159,31.09812164
13091,,32.05475998,31.09814644
13094,31.94336128,,
13095,,32.05653381,31.09824181
13096,31.94425583,,
13097,,32.05719376,31.09828377
13100,31.94586372,,
13101,31.9461956,32.05830383,31.09835625
13102,,32.05857849,31.09846497
13103,31.9467659,,
13104,,32.05905533,31.09866333
13105,31.94726944,,
13106,31.94762993,32.05945969,31.09883881
13107,31.94796753,32.05964279,31.09891129
13108,,32.0598259,31.09897614
13110,31.94990349,,
13111,31.95057297,32.06028366,31.09919739
13112,,32.06041336,31.09926605
13116,31.95340919,,
13117,,32.0609169,31.09964752
13120,31.95606804,,
13121,31.95670891,32.06126404,31.10009193
13122,31.9573307,32.06135941,31.10020065
13123,31.95789719,32.06144714,31.10030365
13124,31.9584465,32.06153488,31.10038757
13125,,32.06161499,31.10046577
13126,31.95950127,,
13127,31.95998192,32.0618248,31.10074615
13128,,32.06191254,31.1008873
13129,31.96096611,,
13130,,32.06207657,31.10112953
13133,31.96306801,,
13134,31.96371841,32.06236649,31.10380745
13135,,32.06242752,31.10449409
13144,31.96935081,,
13145,,32.06300735,31.10857201
13148,31.97151566,,
13149,,32.06360626,31.10934258
13150,31.97242355,,
13151,31.97282791,32.0639534,31.10963821
13152,,32.06410599,31.10976601
13154,31.97508621,,
13155,,32.06467438,31.11008072
13158,31.97822952,,
13159,31.97889328,32.06529999,31.11054611
13160,31.97962379,32.06542587,31.11064148
13161,,32.06554413,31.11073303
13162,31.98089409,,
13163,31.98144531,32.06603241,31.11099243
13164,31.98196602,32.06624222,31.11115074
13165,,32.0664978,31.11129379
13166,31.98314667,,
13167,31.98365784,32.06696701,31.11161041
13168,31.98418617,32.06718063,31.11192513
13169,,32.0674057,31.11221313
13173,31.98739052,,
13174,,32.06847,31.11330414
13175,31.9884491,,
13176,,32.06888199,31.11363411
13181,31.99090958,,
13182,31.99134445,32.07022095,31.11438751
13183,,32.07051849,31.11447716
13190,31.99463081,,
13191,,32.07522964,31.1157856
13193,31.99641228,,
13194,,32.07802582,31.11610603
13195,31.99791527,,
13196,,32.07953262,31.11626625
13198,31.99983978,,
13199,,32.08138275,31.11647034
13201,32.00166702,,
13202,,32.08283615,31.11666679
13203,32.00275803,,
13204,32.00332642,32.08360672,31.11677361
13205,,32.08395004,31.1168251
13206,32.00431442,,
13207,32.00474167,32.08455276,31.11695099
13208,,32.08482361,31.11701775
13210,32.00584793,,
13211,32.00616837,32.08551407,31.11718559
13212,32.00646591,32.08570862,31.11723137
13213,32.0067749,32.08588409,31.11726761
13214,,32.0860939,31.11729813
13217,32.00779724,,
13218,,32.08700943,31.11777496
13219,32.00824356,,
13220,,32.08737183,31.11795998
13221,32.00868988,,
13222,32.00890732,32.08768082,31.11812019
13223,,32.08781433,31.11819077
13224,32.00937653,,
13225,,32.08804703,31.11835289
13227,32.01012802,,
13228,32.01036453,32.08834076,31.12022018
13229,32.0105896,32.08843613,31.12098312
13230,32.01079559,32.08852005,31.12166977
13231,,32.08860016,31.12228966
13232,32.01119614,,
13233,,32.0887413,31.12335396
13234,32.01159286,,
13235,32.01177979,32.08896255,31.12421989
13236,,32.08905792,31.12458992
13238,32.01238632,,
13239,,32.0893898,31.12550354
13240,32.01279831,,
13241,,32.08959579,31.12598228
13243,32.01424789,,
13244,32.0148468,32.08989716,31.12659073
13245,32.01542282,32.09000397,31.1267662
13246,32.01598358,32.09010315,31.12692833
13247,,32.09026718,31.1270752
13250,32.020401,,
13251,,32.09098816,31.12810516
13253,32.02374268,,
13254,,32.09149933,31.12866402
13255,32.02566528,,
13256,,32.09184265,31.1289463
13261,32.03059769,,
13262,,32.09319305,31.13035393
13265,32.03295517,,
13266,32.03343582,32.09438705,31.13119316
13267,,32.09481812,31.13136101
13270,32.03525162,,
13271,32.03565979,32.09622955,31.13222313
13272,,32.09651566,31.13262939
13274,32.0366745,,
13275,32.03694916,32.09726334,31.13362312
13276,,32.09748077,31.13389397
13278,32.03768539,,
13279,32.03792572,32.09812927,31.13457298
13280,,32.09831619,31.13481712
13281,32.03838348,,
13282,32.03858948,32.09873199,31.1352253
13283,,32.09893036,31.13540268
13284,32.03911591,,
13285,32.0393486,32.09929276,31.13571167
13286,32.03956985,32.09954453,31.13584328
13287,,32.09978867,31.13595963
13289,32.04106522,,
13290,32.04161835,32.10041046,31.13631439
13291,32.04211807,32.10059357,31.13646317
13292,,32.10076904,31.13659859
13294,32.04413223,,
13295,,32.10122681,31.13693237
13297,32.04618454,,
13298,,32.10163116,31.13719559
13299,32.04774857,,
13300,,32.10195541,31.1373291
13302,32.0496254,,
13303,,32.10260391,31.13750839
13304,32.05064392,,
13305,,32.1031723,31.13762283
13309,32.05276489,,
13310,32.0531311,32.10437393,31.13788033
13311,,32.10456467,31.13804817
13317,32.05973434,,
13318,,32.10554504,31.13958931
13322,32.06390762,,
13323,,32.10623932,31.1427002
13326,32.06617737,,
13327,,32.10677719,31.14430046
13330,32.06773758,,
13331,,32.10731888,31.14535713
13333,32.06858444,,
13334,,32.10851288,31.14598274
13336,32.06931686,,
13337,32.06956482,32.11088562,31.14646721
13338,,32.11153793,31.14660263
13342,32.07063675,,
13343,32.07089233,32.11397934,31.14709473
13344,,32.11441803,31.14724159
13345,32.07136536,,
13346,32.07185745,32.11522293,31.14763641
13347,32.07230377,32.11558914,31.14787292
13348,,32.11593628,31.14809036
13349,32.07312393,,
13350,32.07349014,32.11655426,31.14847374
13351,32.07382965,32.11683273,31.14863586
13352,,32.11708832,31.14878654
13354,32.07473373,,
13355,,32.11773682,31.14915466
13358,32.07660675,,
13359,,32.1185112,31.15059471
13361,32.07782364,,
13362,32.07831955,32.11899567,31.15135384
13363,,32.11917114,31.15155792
13364,32.07922745,,
13365,,32.11953354,31.15192223
13367,32.08046722,,
13368,32.08084106,32.12004471,31.15236282
13369,32.08135223,32.12018967,31.15256119
13370,,32.12033081,31.15274239
13371,32.08225632,,
13372,32.08270264,32.12057877,31.15318298
13373,,32.12082291,31.15337753
13374,32.08367157,,
13375,,32.12126541,31.15372086
13377,32.08517075,,
13378,,32.12182236,31.15413857
13385,32.08855057,,
13386,32.08894348,32.12327576,31.15485191
13387,32.08930588,32.12373734,31.15490723
13388,32.08966064,32.12416077,31.15496826
13389,,32.12455368,31.15501976
13392,32.09117508,,
13393,,32.12579727,31.15521812
13403,32.09415054,,
13404,32.09454346,32.13019943,31.15560722
13405,32.09490204,32.131073,31.15563011
13406,32.09523773,32.13189316,31.15565109
13407,,32.13278961,31.15567207
13408,32.09586334,,
13409,,32.13432693,31.15570831
13412,32.09721375,,
13413,32.09752655,32.1367569,31.15588379
13414,,32.1375618,31.15594482
13419,32.0991745,,
13420,,32.14112473,31.15621376
13428,32.10181046,,
13429,,32.1438446,31.15663719
13431,32.10335159,,
13432,,32.14435959,31.15685272
13433,32.10477448,,
13434,,32.14468384,31.15696716
13435,32.10599899,,
13436,32.10654068,32.14506912,31.15707207
13437,32.10703659,32.14528275,31.15712357
13438,32.1075058,32.14547729,31.15716934
13439,32.10793304,32.14568329,31.1572113
13440,32.10833359,32.14587021,31.15748787
13441,,32.14608765,31.15773773
13442,32.10920334,,
13443,,32.14646149,31.15816498
13445,32.11071014,,
13446,,32.14694214,31.15866661
13447,32.11178589,,
13448,32.1122551,32.14725494,31.15945053
13449,32.11267853,32.1473999,31.15979767
13450,32.11307144,32.14753342,31.1601162
13451,,32.14766312,31.16040421
13454,32.11437988,,
13455,32.11468506,32.14808655,31.16139793
13456,,32.14817429,31.16160965
13462,32.11663818,,
13463,32.11703491,32.14868546,31.16270447
13464,32.11739731,32.14875412,31.16280556
13465,,32.14881897,31.16295052
13467,32.11843491,,
13468,,32.14897919,31.16345978
13471,32.12102127,,
13472,32.12179947,32.14915466,31.1640377
13473,,32.14919281,31.16414642
13475,32.12376404,,
13476,32.12435532,32.14931107,31.16452789
13477,,32.14934158,31.1646328
13481,32.12779617,,
13482,32.12864304,32.14973831,31.16516876
13483,,32.14985275,31.1652832
13489,32.13320541,,
13490,32.13370514,32.1509285,31.16596603
13491,,32.15112686,31.16606903
13500,32.13833237,,
13501,32.1388092,32.15826035,31.167202
13502,,32.1588707,31.16738701
13506,32.14087677,,
13507,32.14129639,32.16235352,31.16822433
13508,,32.16304016,31.16835594
13509,32.14204788,,
13510,,32.16422272,31.16858864
13517,32.1450119,,
13518,,32.1672821,31.16925049
13520,32.1463356,,
13521,,32.16795349,31.16945648
13524,32.14789581,,
13525,32.14858627,32.16939926,31.16968346
13526,32.14921188,32.16978455,31.16972923
13527,,32.17013931,31.1697731
13530,32.15129089,,
13531,,32.17177963,31.16996574
13537,32.153965,,
13538,,32.1744957,31.17106056
13539,32.15449905,,
13540,,32.17590332,31.17148781
13543,32.15590668,,
13544,,32.17829895,31.1721611
13545,32.15655518,,
13546,32.15685654,32.17922592,31.17243958
13547,32.15713882,32.17962646,31.17256355
13548,32.157444,32.18001556,31.1726799
13549,32.15773773,32.18036652,31.1727829
13550,32.15806198,32.18069839,31.17287636
13551,,32.18099976,31.17296791
13552,32.15863419,,
13553,,32.18177414,31.17311859
13555,32.15964508,,
13556,32.16008759,32.18268585,31.17331123
13557,,32.18294907,31.17337036
13559,32.16124725,,
13560,,32.18434143,31.17351341
13562,32.16216278,,
13563,,32.18666077,31.17362404
13565,32.16292572,,
13566,32.16316223,32.18838882,31.17371178
13567,,32.18886185,31.17373466
13570,32.16407776,,
13571,,32.19062805,31.17401886
13575,32.16560364,,
13576,,32.19251633,31.17487526
13583,32.17064667,,
13584,32.17131805,32.19509506,31.17567635
13585,,32.19543457,31.17575645
13588,32.17361069,,
13589,,32.1965332,31.17718124
13594,32.176548,,
13595,,32.19788742,31.17851067
13598,32.17816162,,
13599,32.17849731,32.19884491,31.17910004
13600,,32.19909286,31.17949677
13604,32.17999649,,
13605,32.18033981,32.20008469,31.18153572
13606,32.18066025,32.2002449,31.18188667
13607,32.18097305,32.20040131,31.18220329
13608,,32.20060349,31.1824894
13612,32.18304062,,
13613,,32.20137024,31.18360519
13619,32.18584442,,
13620,,32.20238113,31.18483543
13624,32.18795395,,
13625,32.18836212,32.2031517,31.18565559
13626,,32.20326614,31.18578339
13630,32.19024277,,
13631,,32.20392609,31.18724442
13634,32.19139481,,
13635,,32.20438766,31.18835258
13636,32.19184494,,
13637,32.19205093,32.20459366,31.18876839
13638,,32.2046814,31.18895912
13642,32.19320297,,
13643,,32.20512009,31.18966866
13646,32.19395065,,
13647,32.19412613,32.20549393,31.1901474
13648,,32.20559692,31.19068909
13651,32.19478607,,
13652,32.19496536,32.20601654,31.19237518
13653,,32.20615768,31.19269943
13655,32.19543839,,
13656,,32.20652008,31.19376564
13658,32.19594193,,
13659,,32.20682907,31.1945591
13660,32.19639587,,
13661,32.19659042,32.20708847,31.19497871
13662,32.19680786,32.20721054,31.19539452
13663,,32.20732498,31.19577408
13664,32.19723129,,
13665,,32.20756149,31.19643021
13672,32.19970322,,
13673,,32.20860672,31.19821358
13675,32.20069885,,
13676,32.20100021,32.20902252,31.19859886
13677,32.20128632,32.20914841,31.19870758
13678,32.2015686,32.20932007,31.19880486
13679,,32.20950317,31.1988945
13681,32.20227814,,
13682,,32.20996857,31.19910622
13683,32.20294952,,
13684,32.20335388,32.21025848,31.19923019
13685,32.20427322,32.210392,31.19928741
13686,,32.21051407,31.19934273
13691,32.20916748,,
13692,32.20986557,32.21125031,31.19976807
13693,,32.21138382,31.19982338
13697,32.21264648,,
13698,32.21313095,32.21202087,31.20003128
13699,32.21387482,32.21214676,31.20006561
13700,,32.21225739,31.20010567
13702,32.21595383,,
13703,,32.21261597,31.200243
13706,32.21819305,,
13707,32.21867371,32.21391678,31.20042038
13708,,32.21419144,31.20045471
13711,32.22169876,,
13712,,32.21506119,31.20095825
13713,32.22347641,,
13714,32.22445297,32.21548843,31.20127869
13715,32.2253418,32.21569443,31.20145226
13716,,32.21588135,31.20160866
13724,32.23149872,,
13725,32.23210144,32.2172966,31.20303535
13726,,32.21749496,31.20341492
13729,32.23444748,,
13730,,32.21820831,31.20462418
13735,32.23679352,,
13736,,32.21915436,31.20614052
13737,32.23744583,,
13738,32.23780823,32.21944046,31.20649529
13739,32.23814011,32.21957779,31.20664978
13740,,32.21984863,31.20679092
13742,32.23903275,,
13743,32.23931885,32.22056198,31.20721245
13744,,32.22076416,31.2073555
13750,32.24132156,,
13751,32.24160004,32.22190475,31.20835876
13752,32.24185562,32.22220612,31.20850754
13753,,32.22248459,31.20863533
13765,32.24465561,,
13766,,32.22517014,31.20974922
13767,32.24503326,,
13768,,32.22537231,31.2099781
13769,32.24544907,,
13770,32.24578476,32.22554398,31.21016502
13771,,32.22562027,31.21025276
13778,32.24882507,,
13779,32.24919128,32.22751236,31.21099281
13780,,32.22766876,31.21110916
13788,32.25330734,,
13789,32.25382996,32.22900009,31.21284485
13790,,32.22929001,31.21302223
13792,32.2551384,,
13793,32.25555801,32.23001099,31.2134552
13794,,32.23020935,31.21358299
13796,32.25663376,,
13797,,32.23075485,31.21393776
13798,32.25718689,,
13799,32.2574234,32.23124695,31.2141552
13800,,32.23147583,31.21424484
13802,32.25806808,,
13803,32.2583046,32.23215103,31.214468
13804,,32.23237228,31.21453094
13806,32.25894547,,
13807,,32.23352051,31.21469498
13815,32.26199341,,
13816,,32.24050903,31.21499634
13817,32.26261902,,
13818,32.26292038,32.24245834,31.21504402
13819,,32.24330139,31.21506691
13820,32.26348877,,
13821,,32.24473953,31.21512222
13825,32.26504135,,
13826,,32.2475853,31.21531677
13829,32.26676559,,
13830,32.26715469,32.2491684,31.21554375
13831,32.26750565,32.24947739,31.21559143
13832,,32.24976349,31.21564102
13837,32.2700119,,
13838,,32.25114059,31.21622658
13839,32.27064133,,
13840,32.27091217,32.25149918,31.2169075
13841,,32.25175476,31.21725082
13842,32.27139282,,
13843,,32.25222015,31.21784782
13845,32.27209473,,
13846,,32.25592041,31.21855545
13849,32.27319336,,
13850,,32.25963211,31.21932602
13851,32.27402496,,
13852,,32.26109314,31.21961403
13854,32.27515793,,
13855,,32.26383972,31.21994591
13858,32.27661133,,
13859,,32.26847458,31.22027779
13860,32.27724838,,
13861,32.27754211,32.27033997,31.2204113
13862,32.27786636,32.27122879,31.22047234
13863,,32.27209854,31.22053909
13864,32.27859116,,
13865,,32.27361679,31.22065163
13866,32.27931976,,
13867,,32.2748909,31.2207489
13870,32.28050995,,
13871,32.28078842,32.27680206,31.22096252
13872,,32.2771759,31.22101021
13875,32.28172302,,
13876,32.28190994,32.27839661,31.22120857
13877,,32.27862549,31.22126198
13878,32.28237915,,
13879,,32.27902222,31.22135925
13880,32.28290558,,
13881,,32.27957153,31.22151947
13884,32.28377914,,
13885,32.28396606,32.28043365,31.22178459
13886,32.28413773,32.2806015,31.22192764
13887,32.2843132,32.28082657,31.2222023
13888,32.28449631,32.28103256,31.22245216
13889,,32.28122711,31.22276306
13893,32.28546143,,
13894,,32.28240204,31.22395515
13896,32.286129,,
13897,,32.28528214,31.22445679
13899,32.28685379,,
13900,,32.28821945,31.22636032
13901,32.28735352,,
13902,,32.28973007,31.22784424
13909,32.28957367,,
13910,32.28993225,32.29368973,31.23169327
13911,,32.29408264,31.23202896
13912,32.29061127,,
13913,,32.29476929,31.23260689
13915,32.29188156,,
13916,,32.2958107,31.23327446
13917,32.29314041,,
13918,,32.2964325,31.2336235
13919,32.29430008,,
13920,32.29491425,32.29695511,31.23392105
13921,32.29547119,32.29734039,31.23405266
13922,,32.29775238,31.23417091
13926,32.29850006,,
13927,,32.29938126,31.23480606
13929,32.29994583,,
13930,,32.30012512,31.23542786
13931,32.30080414,,
13932,,32.30062866,31.23605537
13934,32.30198669,,
13935,32.30236053,32.30143356,31.23679543
13936,,32.30172729,31.23700142
13938,32.30331421,,
13939,,32.3024826,31.23753738
13941,32.30410767,,
13942,32.30432129,32.30345917,31.23804665
13943,32.30466461,32.30374146,31.23818779
13944,,32.3040123,31.23832893
13954,32.3107872,,
13955,,32.30679321,31.23923492
13958,32.31295395,,
13959,,32.3074913,31.23943138
13960,32.31381226,,
13961,32.3141861,32.30783463,31.23952103
13962,32.31455231,32.30801773,31.23956108
13963,,32.30818939,31.23959541
13965,32.31586075,,
13966,,32.30966187,31.23977661
13968,32.31719208,,
13969,,32.31122971,31.23995399
13971,32.3182106,,
13972,,32.31240845,31.24011421
13974,32.3190918,,
13975,,32.31344223,31.24029922
13977,32.31983185,,
13978,32.3200798,32.31430054,31.24056053
13979,,32.3145752,31.2406292
13981,32.32075882,,
13982,32.32097626,32.3163147,31.24079895
13983,,32.31680679,31.24085426
13984,32.32154083,,
13985,,32.31765366,31.24098396
13986,32.32347107,,
13987,,32.31838608,31.24111938
13989,32.32753372,,
13990,32.32865906,32.31976318,31.24129105
13991,32.3298378,32.32047272,31.24134827
13992,32.33097839,32.32116699,31.24140549
13993,32.33214188,32.32181168,31.24145889
13994,32.33322144,32.32239532,31.24151039
13995,,32.32293701,31.2415638
13996,32.33527756,,
13997,32.33617783,32.32398987,31.24165535
13998,32.33699799,32.32453156,31.24170494
13999,,32.32504272,31.24175262
14003,32.34032822,,
14004,,32.32744598,31.24206161
14008,32.34332657,,
14009,,32.32923889,31.24248695
14012,32.34560013,,
14013,,32.33047485,31.24280167
14014,32.34669495,,
14015,,32.33096313,31.24295044
14018,32.34807587,,
14019,,32.33153915,31.24350739
14023,32.35010529,,
14024,32.35044861,32.33226013,31.24432945
14025,32.35080719,32.33240891,31.24448776
14026,,32.33254623,31.24463654
14027,32.35143661,,
14028,,32.33282089,31.24493599
14032,32.35264587,,
14033,32.35286331,32.33420181,31.24548721
14034,32.35310745,32.33454895,31.24557686
14035,32.35333633,32.33489609,31.24567032
14036,32.35357285,32.33521271,31.24575615
14037,,32.33549881,31.24594307
14038,32.35398865,,
14039,32.35416794,32.33600998,31.24629974
14040,,32.33625031,31.2464695
14041,32.35451508,,
14042,32.35472107,32.33667755,31.24679184
14043,32.3551178,32.3381424,31.24694061
14044,,32.33946228,31.24706841
14046,32.35637665,,
14047,32.3567276,32.34282303,31.2474041
14048,,32.34375381,31.24749756
14050,32.3576355,,
14051,,32.34608078,31.24773026
14053,32.35841751,,
14054,,32.34796906,31.24790573
14057,32.35932541,,
14058,,32.34998322,31.24845505
14059,32.36022949,,
14060,,32.35090256,31.24879074
14062,32.36138153,,
14063,,32.35203552,31.24918175
14070,32.36379242,,
14071,,32.35407639,31.25372314
14075,32.3657608,,
14076,,32.35499573,31.25583267
14077,32.36652756,,
14078,,32.35533524,31.25657272
14080,32.36762619,,
14081,32.36796188,32.35577011,31.25744057
14082,,32.35591125,31.25767708
14083,32.36854172,,
14084,32.36878586,32.35615921,31.25808525
14085,,32.35626984,31.25825882
14086,32.36931229,,
14087,,32.35656357,31.25857162
14089,32.370327,,
14090,,32.35692215,31.25899696
14101,32.3743515,,
14102,,32.35951233,31.26034546
14104,32.37520599,,
14105,,32.36029816,31.26137352
14107,32.37593079,,
14108,,32.36088562,31.26262665
14109,32.37646103,,
14110,,32.3612175,31.26327896
14111,32.37704849,,
14112,32.37732697,32.36151123,31.2638092
14113,,32.36164093,31.26404572
14118,32.37874985,,
14119,32.37895966,32.36229324,31.2664566
14120,32.37915421,32.36237717,31.26695633
14121,,32.3625145,31.26741982
14122,32.3795433,,
14123,32.37979126,32.36281586,31.2682209
14124,32.38002014,32.36295319,31.26856232
14125,32.38024139,32.36307907,31.26887321
14126,,32.3631897,31.26917839
14127,32.38072968,,
14128,,32.36339569,31.26979446
14129,32.38137817,,
14130,,32.36357498,31.27049255
14132,32.38312531,,
14133,,32.36384201,31.27156067
14135,32.38449478,,
14136,,32.36407089,31.27252579
14138,32.38562012,,
14139,,32.36425781,31.27326775
14149,32.38906479,,
14150,32.38936234,32.36475372,31.27476501
14151,,32.36479568,31.27485466
14157,32.39171219,,
14158,32.39202118,32.36519623,31.27551842
14159,32.39237213,32.365242,31.27561188
14160,,32.36528397,31.27569389
14161,32.393013,,
14162,32.39329147,32.36535645,31.27588463
14163,,32.36539459,31.27597618
14169,32.3960228,,
14170,,32.36568832,31.27655029
14171,32.39668274,,
14172,,32.36579895,31.27669907
14174,32.39774323,,
14175,,32.36617279,31.27692223
14178,32.39889145,,
14179,32.39913177,32.36687469,31.27724648
14180,,32.36701584,31.27731514
14181,32.39967346,,
14182,32.40002823,32.36729431,31.27748108
14183,32.40037155,32.36742783,31.27758026
14184,32.40069199,32.36758423,31.27766991
14185,,32.36772919,31.27793312
14186,32.40127563,,
14187,,32.36798477,31.27844238
14189,32.40227509,,
14190,32.40256882,32.36868286,31.27917099
14191,,32.36896515,31.27941513
14192,32.40310669,,
14193,32.40335083,32.36945724,31.27984428
14194,,32.36970139,31.28003311
14195,32.40386963,,
14196,,32.37012863,31.28036308
14198,32.40480423,,
14199,32.40512085,32.37063599,31.28076553
14200,,32.37078476,31.28088188
14204,32.40641022,,
14205,32.40662003,32.37163162,31.28236771
14206,32.40681839,32.37177277,31.28270531
14207,,32.37189865,31.28301048
14209,32.40756607,,
14210,,32.37224579,31.28376007
14212,32.40857697,,
14213,32.40886688,32.37255478,31.28436852
14214,32.40914154,32.37266159,31.28456688
14215,,32.37275696,31.28474617
14224,32.4113121,,
14225,,32.37388992,31.28607368
14226,32.41173935,,
14227,32.41197205,32.3746376,31.28628159
14228,,32.37520981,31.28636932
14229,32.41241074,,
14230,32.41261292,32.37630081,31.28652
14231,32.41279221,32.37678528,31.28658676
14232,32.41295624,32.37723541,31.2866478
14233,,32.3776474,31.2867012
14236,32.41362,,
14237,,32.37900162,31.2877636
14238,32.41400146,,
14239,,32.37964249,31.28819275
14252,32.41744232,,
14253,,32.38324738,31.29348755
14258,32.41865921,,
14259,32.41883469,32.38407898,31.2980957
14260,,32.38422775,31.29875565
14261,32.41921616,,
14262,,32.38448715,31.30187798
14263,32.41957474,,
14264,,32.3847084,31.30462456
14269,32.4204483,,
14270,32.42061234,32.3862381,31.3102169
14271,32.42077637,32.38651276,31.31085587
14272,,32.38676453,31.31143379
14277,32.42636871,,
14278,,32.38819122,31.31388283
14282,32.42943192,,
14283,,32.38955688,31.31507683
14284,32.43041992,,
14285,,32.38993835,31.3169384
14286,32.43136597,,
14287,,32.39024353,31.31850624
14292,32.43557739,,
14293,,32.39090347,31.32397461
14295,32.43762207,,
14296,,32.39117813,31.32565308
14300,32.4402771,,
14301,32.44073868,32.39155579,31.32757568
14302,,32.39161682,31.3278656
14305,32.44258499,,
14306,32.44298172,32.39189529,31.33061028
14307,,32.39196777,31.33114243
14312,32.4450531,,
14313,,32.39239502,31.33340263
14314,32.44565582,,
14315,32.44592667,32.39257431,31.33402824
14316,,32.39266586,31.33430099
14319,32.44696808,,
14320,32.4471817,32.39305878,31.3352108
14321,,32.39319611,31.33539963
14324,32.44820023,,
14325,32.44843292,32.39384079,31.33607101
14326,,32.39398193,31.33621025
14331,32.45058823,,
14332,,32.39487457,31.33703995
14337,32.45287323,,
14338,,32.39684677,31.33751106
14339,32.4535675,,
14340,32.45389557,32.39744568,31.33763885
14341,,32.39775467,31.3377037
14346,32.45552826,,
14347,32.4557457,32.39966583,31.33832359
14348,32.45594406,32.40006256,31.33841133
14349,32.45615768,32.40043259,31.33850479
14350,,32.40077209,31.33858871
14352,32.45698929,,
14353,32.45733643,32.40163803,31.33882332
14354,32.45780182,32.40187454,31.33889198
14355,32.45823288,32.40209198,31.33895302
14356,32.45862961,32.40230179,31.33900833
14357,,32.40252304,31.3390789
14358,32.45932388,,
14359,32.45966721,32.40293884,31.33920479
14360,,32.40312195,31.3392601
14362,32.46062088,,
14363,32.46090698,32.4036026,31.33939362
14364,32.46116638,32.40374374,31.33942986
14365,,32.40389252,31.33946228
14366,32.46164703,,
14367,,32.40414429,31.3395195
14368,32.46210861,,
14369,,32.40437317,31.33959198
14371,32.46268463,,
14372,,32.40483475,31.33968544
14376,32.46379089,,
14377,,32.4056015,31.33981895
14379,32.46538162,,
14380,,32.40600586,31.33990479
14382,32.46816635,,
14383,,32.40668106,31.34000587
14386,32.4708786,,
14387,32.4714241,32.40751266,31.34023857
14388,,32.40769196,31.34030151
14390,32.47283554,,
14391,32.47328949,32.40826035,31.34055901
14392,,32.40848541,31.34064865
14395,32.47484589,,
14396,,32.40925598,31.34097862
14397,32.47548676,,
14398,32.47589111,32.40958786,31.34127235
14399,32.47661972,32.409729,31.34148979
14400,32.47729111,32.40986252,31.34168625
14401,32.47838593,32.41001511,31.34198761
14402,,32.41015244,31.34225845
14406,32.48263168,,
14407,,32.41128922,31.34344673
14410,32.48526382,,
14411,,32.4128952,31.34409142
14413,32.48667145,,
14414,32.48707199,32.41396332,31.34451485
14415,32.48746109,32.41427231,31.34463501
14416,32.48782349,32.41457748,31.34474564
14417,,32.41485977,31.34484291
14418,32.48845291,,
14419,,32.41537476,31.34509659
14439,32.49356842,,
14440,32.49388504,32.41835403,31.34864426
14441,,32.41843033,31.34931564
14443,32.49470901,,
14444,,32.41867828,31.35095978
14445,32.49548721,,
14446,32.49598312,32.4188652,31.35180092
14447,32.49642944,32.41894913,31.35216331
14448,,32.41902542,31.35248947
14449,32.49737167,,
14450,32.49779129,32.41929626,31.35305977
14451,32.49817657,32.41941071,31.35330582
14452,32.4985466,32.4195137,31.35352516
14453,32.498909,32.41960526,31.35372734
14454,32.49924088,32.41968918,31.35390854
14455,,32.41976166,31.35407639
14456,32.49981308,,
14457,,32.41990662,31.35436058
14458,32.50033951,,
14459,,32.42004395,31.35507202
14460,32.50082016,,
14461,32.50104141,32.42024231,31.35608864
14462,32.50131226,32.42033768,31.35652351
14463,32.50156021,32.42044067,31.35692406
14464,32.50182724,32.42058563,31.35728836
14465,32.50223541,32.42071915,31.35761833
14466,,32.42084122,31.35791588
14471,32.50462723,,
14472,32.50498581,32.42206955,31.35934448
14473,,32.42227554,31.35956955
14474,32.50572205,,
14475,,32.42264175,31.35995483
14480,32.50747681,,
14481,32.50774765,32.43040085,31.36083794
14482,,32.43148804,31.36112404
14483,32.50823975,,
14484,,32.43338013,31.36161423
14486,32.50906372,,
14487,32.50933075,32.43564987,31.36233521
14488,32.50959015,32.43629456,31.36255074
14489,32.5098381,32.43694305,31.36275101
14490,,32.43753433,31.3629303
14500,32.51283264,,
14501,32.51306534,32.44264221,31.36484146
14502,32.51327896,32.44303894,31.36546707
14503,32.51347733,32.44339752,31.36603546
14504,,32.44381332,31.36655426
14505,32.51391983,,
14506,32.51424789,32.44466019,31.36743546
14507,,32.4450264,31.36781311
14509,32.51529694,,
14510,,32.44594574,31.36872292
14511,32.51592636,,
14512,,32.44643784,31.36924744
14515,32.51700211,,
14516,,32.44744873,31.37005806
14518,32.51771545,,
14519,,32.44833755,31.37047958
14524,32.51906967,,
14525,,32.44960403,31.37107277
14526,32.51954269,,
14527,32.51977539,32.44992447,31.37121964
14528,32.52000046,32.45022964,31.3712883
14529,32.52023697,32.45062256,31.37135124
14530,,32.45100021,31.37141037
14534,32.5214653,,
14535,,32.45269775,31.37170219
14536,32.52189636,,
14537,,32.45330429,31.37184334
14538,32.52231979,,
14539,,32.45383072,31.37195396
14544,32.52338409,,
14545,,32.4552269,31.37224007
14546,32.52367783,,
14547,32.52382278,32.45562363,31.3723278
14548,32.52397537,32.45580673,31.37236786
14549,32.52422714,32.45597839,31.37245941
14550,,32.45613861,31.37258148
14551,32.52466965,,
14552,,32.45661545,31.37281227
14558,32.52605438,,
14559,,32.45798874,31.37338829
14560,32.52653122,,
14561,,32.45828247,31.37349129
14563,32.52719116,,
14564,32.52741623,32.45895004,31.3736763
14565,,32.45915985,31.37372208
14570,32.52863693,,
14571,,32.46007919,31.37401199
14572,32.52900696,,
14573,,32.4603157,31.37412643
14574,32.52947617,,
14575,32.52978134,32.46050644,31.37425232
14576,,32.46060181,31.37430573
14577,32.53038788,,
14578,,32.46079254,31.37442589
14585,32.53280258,,
14586,,32.46177673,31.37480354
14587,32.53331757,,
14588,32.53356171,32.46202087,31.37487411
14589,,32.46214294,31.37490654
14598,32.5358963,,
14599,,32.46429443,31.38007927
14602,32.53693771,,
14603,,32.46531296,31.38464737
14605,32.53764725,,
14606,32.5378685,32.46598434,31.38703156
14607,,32.46619797,31.38768196
14614,32.53948975,,
14615,32.53979874,32.46749496,31.39117622
14616,32.54008102,32.46762848,31.39146233
14617,,32.46775818,31.39172363
14621,32.54124832,,
14622,32.54156113,32.46844864,31.39271355
14623,32.54184723,32.46858597,31.39286232
14624,,32.46891403,31.39299583
14628,32.5431366,,
14629,,32.47017288,31.3939476
14632,32.54404831,,
14633,,32.47106171,31.39454269
14635,32.5446701,,
14636,32.54485321,32.47179794,31.39485359
14637,32.54503632,32.47200775,31.39493942
14638,32.54524231,32.47219849,31.39501381
14639,,32.47238159,31.39508247
14642,32.54613876,,
14643,,32.47338104,31.39531708
14644,32.54679108,,
14645,32.54719543,32.47385788,31.39595985
14646,32.5475769,32.47406387,31.39623451
14647,,32.47432709,31.3964901
14649,32.5487175,,
14650,32.54903793,32.47502518,31.39713669
14651,32.54933167,32.47522736,31.39732361
14652,,32.47547913,31.39749908
14653,32.5499649,,
14654,32.55027008,32.47625732,31.39779282
14655,,32.47660446,31.39792061
14657,32.55165482,,
14658,,32.47753525,31.39828873
14661,32.55327225,,
14662,,32.47859573,31.39865875
14664,32.55419922,,
14665,32.55455017,32.47936249,31.39886665
14666,32.55490494,32.47962189,31.3989296
14667,32.55522919,32.4798584,31.39898872
14668,32.55559158,32.48007584,31.39904022
14669,,32.48027802,31.39912033
14670,32.55627441,,
14671,,32.48067093,31.39927483
14673,32.5572319,,
14674,,32.48138809,31.39946747
14675,32.55781937,,
14676,32.55817795,32.48179626,31.39958382
14677,32.55849838,32.48197174,31.39964104
14678,32.558815,32.48213577,31.39969063
14679,,32.48228455,31.3997345
14684,32.56040192,,
14685,,32.48314285,31.40012741
14686,32.56085968,,
14687,,32.48336029,31.40022087
14688,32.56137466,,
14689,,32.48357773,31.40030479
14690,32.56203842,,
14691,,32.48381424,31.40072441
14693,32.56314468,,
14694,,32.48421097,31.40123177
14697,32.56467438,,
14698,,32.48496628,31.40174103
14699,32.56528091,,
14700,32.56574249,32.48534012,31.40193558
14701,,32.48552704,31.40201569
14704,32.56753159,,
14705,,32.48633575,31.40226746
14708,32.56973648,,
14709,32.57040024,32.48739624,31.40317345
14710,32.57118225,32.48770905,31.40350914
14711,,32.48799515,31.40381432
14712,32.57294464,,
14713,,32.48880386,31.40434074
14714,32.57477951,,
14715,,32.48954773,31.40478516
14716,32.5763855,,
14717,32.57712936,32.49033356,31.40528297
14718,,32.49074936,31.40550613
14719,32.57867813,,
14720,,32.49146271,31.40589523
14721,32.58003616,,
14722,32.58063889,32.49208069,31.40622139
14723,,32.49235153,31.40636444
14727,32.58431244,,
14728,,32.49352646,31.40695953
14729,32.58563995,,
14730,,32.49390793,31.40713501
14733,32.58787537,,
14734,32.58832932,32.4946785,31.407444
14735,32.58875656,32.49487305,31.40750504
14736,32.58914948,32.49505234,31.40755653
14737,,32.49528122,31.40760231
14741,32.59119415,,
14742,,32.49680328,31.41197586
14747,32.59331894,,
14748,,32.50470352,31.41587639
14750,32.59421539,,
14751,,32.50859833,31.41710281
14752,32.59500504,,
14753,32.59535599,32.51060867,31.41773224
14754,,32.51146698,31.41800117
14756,32.59642029,,
14757,,32.51366806,31.41866302
14759,32.59752274,,
14760,,32.51528549,31.41915703
14764,32.59895706,,
14765,32.59921265,32.51720428,31.41980743
14766,,32.51750183,31.41993713
14767,32.59977341,,
14768,32.60004425,32.51810455,31.42016411
14769,,32.51836777,31.4202652
14770,32.60058212,,
14771,,32.51887131,31.42044067
14773,32.60138321,,
14774,,32.51963043,31.42064285
14776,32.60267258,,
14777,,32.52027512,31.420784
14778,32.60380554,,
14779,,32.52065659,31.42086411
14780,32.60481644,,
14781,,32.52101517,31.4209404
14782,32.60568237,,
14783,,32.52137375,31.42100334
14786,32.60746384,,
14787,32.60845566,32.5220108,31.42109871
14788,32.60940933,32.5221405,31.4211216
14789,,32.52225876,31.42114258
14799,32.61658478,,
14800,,32.52386093,31.42170143
14802,32.61785889,,
14803,,32.52468872,31.42186356
14804,32.61870575,,
14805,32.61909866,32.52514267,31.42194557
14806,,32.52536011,31.4219799
14807,32.61983871,,
14808,32.62015915,32.52577972,31.42204285
14809,,32.52597427,31.42207146
14810,32.62075806,,
14811,,32.52631378,31.42212486
14816,32.62292099,,
14817,32.62359238,32.52702332,31.42249298
14818,,32.52710342,31.42256737
14820,32.62532806,,
14821,,32.52736664,31.42277718
14834,32.63158798,,
14835,,32.52858734,31.42900658
14836,32.63242722,,
14837,32.63282776,32.52875137,31.43021774
14838,,32.52883911,31.43073654
14841,32.63411713,,
14842,32.6343689,32.52910995,31.43241119
14843,,32.52916336,31.43275452
14852,32.6388092,,
14853,,32.52971268,31.43504143
14856,32.64173889,,
14857,,32.5299263,31.43562889
14860,32.64406967,,
14861,,32.53014374,31.4360218
14863,32.64546585,,
14864,,32.53029633,31.43623352
14865,32.64644623,,
14866,,32.53038788,31.43641663
14868,32.64767456,,
14869,,32.53056335,31.43663216
14870,32.64833832,,
14871,32.64863205,32.53075409,31.43679047
14872,,32.53088379,31.43688393
14874,32.64947891,,
14875,,32.53130341,31.43712425
14878,32.65131378,,
14879,,32.53192139,31.43734932
14884,32.65630722,,
14885,32.65701294,32.53263474,31.43761444
14886,,32.53281784,31.43765068
14887,32.65859604,,
14888,,32.53321457,31.4377346
14889,32.65995789,,
14890,,32.5336647,31.43791389
14893,32.66334534,,
14894,,32.53455353,31.43817711
14895,32.66624832,,
14896,32.66750336,32.53495407,31.43828201
14897,32.66867447,32.53513336,31.4383316
14898,,32.53531265,31.43837547
14899,32.67073441,,
14900,32.67167282,32.53600693,31.4384613
14901,,32.53630447,31.43850136
14903,32.67402649,,
14904,,32.53707123,31.43860054
14910,32.67914963,,
14911,32.67974472,32.53832626,31.43884468
14912,,32.5395546,31.43887711
14916,32.68204498,,
14917,32.68241501,32.54432297,31.43901253
14918,,32.54517365,31.43903542
14919,32.68314743,,
14920,32.68349075,32.54664612,31.43907166
14921,32.68386078,32.54727936,31.43908691
14922,32.68427277,32.54784775,31.43910217
14923,32.68471146,32.54839325,31.43911552
14924,,32.54893875,31.43912888
14925,32.6855011,,
14926,32.68595505,32.54987335,31.4391613
14927,,32.55027771,31.43917656
14931,32.6879158,,
14932,,32.55179977,31.43926239
14933,32.68849945,,
14934,32.68880844,32.55236053,31.4393158
14935,32.68909454,32.55267334,31.4393425
14936,32.68937683,32.55295944,31.43936157
14937,,32.55321884,31.43938065
14939,32.69039917,,
14940,32.69071579,32.55495834,31.43942451
14941,,32.55559158,31.43943596
14946,32.69216537,,
14947,,32.55846024,31.4394989
14949,32.69271088,,
14950,32.69287872,32.55951691,31.43955994
14951,32.69303894,32.55982208,31.43961143
14952,,32.56010056,31.43976402
14957,32.69387817,,
14958,,32.56245422,31.44046593
14968,32.69633865,,
14969,,32.56532669,31.44240189
14970,32.69678879,,
14971,,32.56599045,31.44267845
14974,32.69774246,,
14975,32.69799423,32.56719971,31.44309235
14976,,32.56747437,31.44316864
14981,32.69916153,,
14982,32.69935226,32.56906128,31.44356728
14983,32.69953156,32.56963348,31.44363594
14984,32.69970703,32.57015991,31.44370079
14985,32.69994736,32.57064438,31.44381714
14986,32.70017242,32.5710907,31.44392204
14987,32.70038986,32.57151031,31.4442482
14988,,32.57201385,31.44454384
14989,32.70090866,,
14990,,32.57288742,31.44504356
14995,32.70237732,,
14996,,32.5748558,31.44605064
14997,32.70284653,,
14998,,32.57531357,31.44628525
14999,32.70329285,,
15000,,32.57571793,31.44647598
15007,32.70520782,,
15008,32.70544052,32.57736588,31.4470768
15009,32.70565796,32.57761383,31.44713211
15010,,32.57792664,31.44717979
15011,32.70605469,,
15012,,32.57900238,31.4472599
15020,32.70774078,,
15021,32.70793915,32.58192062,31.44759178
15022,,32.58215714,31.44763184
15024,32.70848465,,
15025,32.70940018,32.58276749,31.44775391
15026,32.71022415,32.58294296,31.44779587
15027,,32.58311844,31.44783592
15031,32.71427155,,
15032,32.71494675,32.58390808,31.44804573
15033,,32.58403397,31.44809341
15034,32.7161026,,
15035,,32.58427048,31.44817352
15037,32.71752548,,
15038,,32.58465958,31.44828033
15040,32.71923065,,
15041,,32.58511734,31.44837379
15043,32.72065353,,
15044,,32.58548737,31.44847107
15046,32.72179031,,
15047,32.72211456,32.58578873,31.44856453
15048,,32.58594131,31.44859695
15049,32.72275543,,
15050,32.72306061,32.58626556,31.44874001
15051,,32.58640671,31.44880486
15052,32.72387695,,
15053,,32.5867424,31.4489193
15055,32.72536469,,
15056,,32.5872345,31.45020866
15057,32.72619247,,
15058,,32.58750534,31.45122147
15059,32.72689438,,
15060,32.72723389,32.5879364,31.45207977
15061,32.72755814,32.58812714,31.45245171
15062,32.72785568,32.58831787,31.45278358
15063,,32.58849716,31.45307922
15064,32.72851944,,
15065,32.72888947,32.58911514,31.45359993
15066,,32.58952713,31.4538269
15068,32.72993469,,
15069,32.73025513,32.59057617,31.45438576
15070,32.73055649,32.59087372,31.45453835
15071,32.73093033,32.59114838,31.45467377
15072,32.73137283,32.59140015,31.45479393
15073,32.73183823,32.59162903,31.45490265
15074,32.73226929,32.59183884,31.45500374
15075,32.73266602,32.59202957,31.45509338
15076,,32.59220505,31.45518303
15077,32.73342896,,
15078,,32.59250259,31.45541191
15084,32.73590088,,
15085,,32.59319305,31.45617676
15086,32.73669052,,
15087,,32.59331894,31.4565239
15088,32.73744583,,
15089,32.73792267,32.59347534,31.45681381
15090,,32.59354401,31.45693779
15092,32.73918915,,
15093,32.73955536,32.59374619,31.45726013
15094,32.73991776,32.59383774,31.45734978
15095,,32.59395599,31.45743179
15099,32.74162292,,
15100,,32.59461212,31.45772362
15101,32.74232483,,
15102,,32.59486771,31.4577961
15103,32.74295807,,
15104,32.74325562,32.59512329,31.45785522
15105,,32.59526825,31.45788002
15106,32.74377823,,
15107,32.74403381,32.59591675,31.45792198
15108,32.74427032,32.59638214,31.45796013
15109,,32.59680176,31.45799255
15114,32.74559402,,
15115,32.74579239,32.59925842,31.45816803
15116,,32.59959793,31.45819092
15121,32.74723816,,
15122,32.74746704,32.6016655,31.45828819
15123,32.74769211,32.60226059,31.45830345
15124,32.74791336,32.60280228,31.4583168
15125,,32.60332489,31.45833397
15126,32.74839783,,
15127,32.74865341,32.60424042,31.45835686
15128,32.74913025,32.60464478,31.4583683
15129,32.74995041,32.60503006,31.45839882
15130,,32.60538864,31.45842361
15131,32.75152969,,
15132,,32.60602951,31.45870209
15138,32.75571442,,
15139,,32.60928345,31.45936775
15143,32.7581749,,
15144,,32.61209488,31.45965004
15146,32.75934601,,
15147,,32.61324692,31.45975876
15157,32.76388168,,
15158,,32.61697769,31.46024513
15159,32.76459503,,
15160,,32.61734009,31.46035767
15166,32.76707077,,
15167,32.76738358,32.61830521,31.46062851
15168,,32.61840439,31.46065331
15169,32.768013,,
15170,32.76834106,32.61862946,31.46069336
15171,,32.61878967,31.46071053
15173,32.76999283,,
15174,32.7705307,32.6191864,31.46075249
15175,32.77101898,32.61929321,31.46076965
15176,32.77146912,32.6193924,31.460783
15177,32.77187729,32.61948395,31.46080208
15178,,32.61956787,31.46081734
15180,32.77309036,,
15181,32.77364349,32.62028122,31.46086121
15182,32.77423859,32.6205101,31.46087646
15183,32.77477264,32.62071609,31.46089935
15184,,32.62090683,31.46091652
15187,32.77648163,,
15188,,32.62157822,31.46229744
15192,32.78173828,,
15193,,32.62379456,31.46721649
15194,32.78364944,,
15195,,32.62444305,31.46858215
15197,32.78602219,,
15198,,32.62521744,31.47015953
15200,32.78779221,,
15201,32.78907776,32.62580109,31.4713192
15202,32.79024506,32.62596512,31.47163391
15203,,32.62611771,31.47192001
15208,32.79528046,,
15209,32.79586792,32.62688828,31.47323227
15210,,32.62698746,31.47338295
15212,32.79734802,,
15213,32.79776764,32.62733459,31.47376633
15214,32.79814911,32.62745667,31.47387123
15215,,32.62764359,31.47396851
15216,32.79886627,,
15217,32.79917908,32.62801361,31.47413254
15218,,32.62820435,31.47420692
15221,32.80022049,,
15222,,32.62882996,31.47469711
15223,32.80067062,,
15224,,32.6292038,31.47488976
15225,32.80109024,,
15226,32.80127716,32.62963867,31.47504997
15227,,32.62985229,31.47512054
15229,32.80187225,,
15230,,32.63039398,31.47542953
15235,32.80312729,,
15236,32.80331802,32.6320343,31.4759388
15237,,32.6323204,31.47599602
15239,32.8038559,,
15240,,32.63304901,31.4761467
15242,32.80437469,,
15243,32.80463409,32.63407516,31.47627258
15244,,32.63458252,31.47630692
15245,32.80509949,,
15246,,32.63547134,31.47636795
15249,32.80617142,,
15250,,32.63684464,31.47646713
15251,32.80682373,,
15252,,32.63738251,31.47650719
15253,32.80744934,,
15254,32.80787659,32.63784409,31.47654915
15255,,32.63804626,31.47657585
15259,32.80968857,,
15260,,32.63889313,31.47677994
15261,32.81040955,,
15262,,32.6391449,31.47689247
15263,32.81122971,,
15264,32.8116684,32.63937378,31.47698784
15265,32.81206512,32.63948441,31.47703171
15266,,32.63958359,31.47707748
15269,32.81343842,,
15270,32.81385803,32.64006042,31.47723961
15271,,32.64017487,31.47727966
15275,32.81561279,,
15276,,32.64096451,31.47775841
15280,32.81771088,,
15281,32.81818771,32.64362335,31.4781208
15282,,32.64427185,31.47817421
15283,32.81917953,,
15284,,32.64539337,31.47826958
15285,32.82009506,,
15286,32.82050323,32.64670563,31.47834587
15287,32.8208847,32.64744568,31.4783802
15288,,32.64810944,31.47840691
15289,32.8217392,,
15290,,32.6492424,31.47846222
15291,32.8226738,,
15292,,32.6502037,31.47857857
15293,32.82386398,,
15294,,32.65098572,31.47873306
15297,32.82610703,,
15298,,32.65216064,31.4789753
15301,32.8279686,,
15302,32.82836533,32.65299606,31.47916412
15303,,32.65316391,31.47920799
15306,32.82981491,,
15307,32.83013535,32.65372467,31.47935295
15308,,32.65386963,31.47938538
15312,32.83153915,,
15313,32.83176422,32.6546669,31.47949409
15314,,32.65481567,31.47950363
15317,32.83306122,,
15318,,32.65538025,31.47956085
15319,32.83364868,,
15320,32.83390808,32.65561676,31.47960472
15321,,32.65572357,31.47962952
15322,32.83437347,,
15323,32.83459091,32.65599442,31.4797287
15324,,32.65611267,31.4797821
15334,32.83711243,,
15335,,32.65892029,31.48018265
15336,32.8376503,,
15337,,32.65937805,31.48025322
15339,32.83837891,,
15340,,32.65995789,31.48039246
15342,32.83912659,,
15343,,32.66054916,31.48049545
15345,32.83980942,,
15346,32.8400383,32.66109085,31.48072815
15347,32.84024811,32.6612587,31.48083687
15348,,32.66141129,31.48094368
15349,32.84065628,,
15350,,32.6616745,31.48115921
15351,32.84121323,,
15352,32.84149551,32.66190338,31.48134613
15353,32.8417511,32.66200638,31.48143005
15354,,32.66209793,31.48150444
15355,32.84220123,,
15356,,32.66226578,31.48168755
15359,32.8430748,,
15360,,32.66268539,31.48198318
15364,32.8441925,,
15365,,32.66466904,31.4822464
15366,32.84464645,,
15367,,32.66562653,31.48234177
15368,32.84511566,,
15369,32.84537888,32.66658401,31.4824276
15370,32.84563828,32.66706467,31.48247528
15371,,32.66749954,31.48251724
15372,32.8461647,,
15373,,32.66824341,31.48269844
15374,32.84673691,,
15375,,32.66887665,31.48285866
15376,32.84730148,,
15377,,32.66944504,31.4830265
15378,32.84788895,,
15379,,32.66993332,31.48317528
15381,32.8493576,,
15382,,32.67058945,31.48338127
15385,32.85097885,,
15386,,32.67155457,31.48361015
15389,32.85228348,,
15390,,32.67315292,31.48377037
15392,32.85311508,,
15393,32.85339737,32.67578506,31.48417854
15394,,32.6776886,31.48448753
15397,32.85454559,,
15398,,32.68463898,31.48650551
15399,32.85523987,,
15400,,32.68782425,31.48747063
15401,32.85643005,,
15402,,32.69052887,31.48826408
15406,32.86091995,,
15407,,32.69530487,31.48966217
15408,32.86263275,,
15409,,32.69675064,31.49005127
15411,32.86468887,,
15412,32.86532211,32.69843292,31.49052238
15413,,32.69889069,31.49065781
15415,32.86690903,,
15416,,32.70003128,31.49099541
15417,32.86775589,,
15418,32.86813354,32.70062256,31.49121666
15419,32.86852264,32.70087814,31.49135971
15420,32.8688736,32.70110703,31.4914875
15421,32.86920547,32.70131683,31.49160957
15422,,32.70151138,31.4917202
15423,32.87004471,,
15424,,32.70184326,31.49191093
15427,32.87178802,,
15428,,32.70248413,31.49224091
15429,32.87250137,,
15430,32.8728447,32.70279694,31.49236679
15431,,32.70293427,31.4924202
15433,32.87390137,,
15434,,32.70326996,31.49256516
15439,32.87577438,,
15440,,32.70392227,31.49283409
15444,32.87733459,,
15445,,32.70485687,31.4930706
15448,32.87869263,,
15449,32.87906265,32.705616,31.49345016
15450,32.87945938,32.70576477,31.49357224
15451,,32.7059021,31.49368286
15452,32.88017273,,
15453,32.88050079,32.70615005,31.49390984
15454,,32.70625687,31.49402237
15456,32.88151169,,
15457,32.88182831,32.70663452,31.49438477
15458,,32.7067337,31.49456024
15459,32.88244247,,
15460,32.88276291,32.70690918,31.49486923
15461,32.88306808,32.70701599,31.49500847
15462,32.88342285,32.70711517,31.49513435
15463,,32.70720673,31.49524689
15466,32.88475418,,
15467,32.88505936,32.70750427,31.49568176
15468,,32.70756531,31.49583435
15470,32.88602448,,
15471,,32.70772171,31.49621582
15472,32.88671875,,
15473,,32.70782852,31.496418
15475,32.88762283,,
15476,32.88792419,32.70802307,31.49666023
15477,,32.70808411,31.49672318
15479,32.8888092,,
15480,,32.70823669,31.49688721
15481,32.88936615,,
15482,,32.70835114,31.49698448
15484,32.89012909,,
15485,32.89035416,32.70853043,31.49715042
15486,32.89057541,32.70859528,31.49722481
15487,32.89078522,32.70866776,31.49728966
15488,,32.70873642,31.49734688
15489,32.89118195,,
15490,32.89140701,32.70887375,31.49744797
15491,32.89161682,32.7089386,31.49750137
15492,32.89183807,32.70899963,31.49755669
15493,,32.70906448,31.49760628
15497,32.89277267,,
15498,,32.70931625,31.49802971
15502,32.89385223,,
15503,,32.70952225,31.49999809
15505,32.89451981,,
15506,,32.70962524,31.50191689
15508,32.89513779,,
15509,,32.70970535,31.50369072
15518,32.90009689,,
15519,,32.71037674,31.50746918
15520,32.90074921,,
15521,32.90104675,32.71051788,31.50790215
15522,,32.71058273,31.50808144
15523,32.90159225,,
15524,,32.71071243,31.5083847
15526,32.90233231,,
15527,32.90258408,32.71124649,31.50891304
15528,,32.71139145,31.50908661
15529,32.90301514,,
15530,,32.71220016,31.50950432
15531,32.90346909,,
15532,,32.71288681,31.50984764
15534,32.90466309,,
15535,32.90499496,32.71472168,31.51053429
15536,,32.71523666,31.51076698
15539,32.90761948,,
15540,,32.71683884,31.51151657
15541,32.90919876,,
15542,32.90999985,32.71746826,31.51180267
15543,,32.71775818,31.51194382
15544,32.91139221,,
15545,,32.71844482,31.51218987
15548,32.91363907,,
15549,,32.71995163,31.51259995
15550,32.91458893,,
15551,32.91505432,32.72061539,31.51276779
15552,,32.72093582,31.51283836
15554,32.91622162,,
15555,,32.72184753,31.51301003
15557,32.91723633,,
15558,32.91760254,32.72264481,31.51313019
15559,32.91804886,32.72289658,31.51340866
15560,,32.72311783,31.51365662
15567,32.92114639,,
15568,,32.72512054,31.51492119
15569,32.92193985,,
15570,,32.72546768,31.51509857
15571,32.92279816,,
15572,32.92323685,32.7257576,31.5152359
15573,,32.72588348,31.51528931
15576,32.92472458,,
15577,,32.72629547,31.51550102
15580,32.92607498,,
15581,32.92642593,32.72662354,31.5156517
15582,32.92678833,32.7266922,31.51570702
15583,,32.72675323,31.51575661
15585,32.92777252,,
15586,,32.72698212,31.51586533
15587,32.92834854,,
15588,32.92886734,32.72716141,31.51592445
15589,32.92933655,32.72724152,31.51595306
15590,,32.72731781,31.51598358
15594,32.93127441,,
15595,,32.72766495,31.51610756
15597,32.93251038,,
15598,32.93287277,32.72784424,31.51621056
15599,,32.72789764,31.5162468
15605,32.93493652,,
15606,32.93519211,32.72836685,31.51663399
15607,32.93558884,32.72841644,31.51667023
15608,,32.72854233,31.51670647
15609,32.93635941,,
15610,,32.72875595,31.51676369
15614,32.93879318,,
15615,,32.72919464,31.51687813
15622,32.94257355,,
15623,32.94299316,32.72997284,31.51704025
15624,,32.73018646,31.51706123
15631,32.94558716,,
15632,,32.73199463,31.51727676
15633,32.94609833,,
15634,,32.73246384,31.51733398
15635,32.94664383,,
15636,32.94690323,32.73291016,31.51740074
15637,,32.73310471,31.51743317
15642,32.94834518,,
15643,,32.73401642,31.51760483
15644,32.94883347,,
15645,32.94907379,32.73429489,31.51767349
15646,,32.73441315,31.5177021
15649,32.9503746,,
15650,,32.73481369,31.51803589
15652,32.95131683,,
15653,32.95158005,32.73507309,31.51866913
15654,32.95186996,32.7351532,31.51884651
15655,,32.73522949,31.51900101
15656,32.95243835,,
15657,32.95270538,32.7366333,31.51926041
15658,,32.73725891,31.51937294
15660,32.95349121,,
15661,,32.73885345,31.51965523
15678,32.9601326,,
15679,32.96042633,32.74417496,31.52690315
15680,,32.74435043,31.52765465
15683,32.96191025,,
15684,,32.74536514,31.53011131
15685,32.96252823,,
15686,32.96285629,32.74601364,31.53105545
15687,,32.74632263,31.53146744
15690,32.96469879,,
15691,,32.74748611,31.5327301
15692,32.96580124,,
15693,,32.74794388,31.53318787
15694,32.96687698,,
15695,32.96741486,32.74831009,31.53356552
15696,,32.74846649,31.53372955
15697,32.96834183,,
15698,32.96884537,32.74880981,31.53407288
15699,,32.74900055,31.53422356
15702,32.97058868,,
15703,,32.74961853,31.53469086
15705,32.97203445,,
15706,32.97256851,32.74996948,31.53491783
15707,,32.75014114,31.53498268
15709,32.9739418,,
15710,,32.75112915,31.53525162
15712,32.97504425,,
15713,,32.75283432,31.53564453
15714,32.97570801,,
15715,,32.75378799,31.53585625
15717,32.97756577,,
15718,,32.75495911,31.53610992
15722,32.97990417,,
15723,,32.7563591,31.53673553
15724,32.98067474,,
15725,32.98101807,32.75708771,31.53696823
15726,,32.7573967,31.53819275
15727,32.9816246,,
15728,,32.75795364,31.54028702
15730,32.98273468,,
15731,,32.75866699,31.54272461
15734,32.98480225,,
15735,,32.76006699,31.54500008
15736,32.98577499,,
15737,,32.76088333,31.54581833
15739,32.98717499,,
15740,,32.76187134,31.54681396
15742,32.98854065,,
15743,32.98916626,32.76268768,31.54756355
15744,32.98976517,32.76295853,31.54776382
15745,,32.76320648,31.54794502
15747,32.99136734,,
15748,32.99199295,32.76386261,31.54838753
15749,32.99275208,32.76406097,31.5485096
15750,,32.76424408,31.54862213
15751,32.99423599,,
15752,,32.7645607,31.54880714
15756,32.99785614,,
15757,,32.76513672,31.54916
15759,33.00008774,,
15760,33.00088882,32.76559067,31.54933548
15761,,32.76583862,31.54939079
15766,33.00545502,,
15767,,32.7669754,31.5496521
15768,33.00673676,,
15769,,32.76724243,31.54970932
15771,33.00823212,,
15772,,32.76757813,31.54977798
15774,33.00944901,,
15775,33.00984955,32.7678566,31.54987144
15776,33.0102272,32.76795578,31.54991913
15777,,32.76804733,31.5499649
15780,33.0114975,,
15781,33.01179504,32.76864624,31.55014229
15782,,32.76882935,31.55017662
15787,33.01334,,
15788,,32.76976013,31.55049324
15790,33.01398849,,
15791,33.01417542,32.77012634,31.55061722
15792,,32.77022934,31.55065536
15793,33.01454163,,
15794,33.01472092,32.77040863,31.55071831
15795,,32.77048874,31.55076027
15796,33.0153923,,
15797,,32.77085876,31.55083275
15800,33.01660919,,
15801,33.01687622,32.7716217,31.55096245
15802,33.01714325,32.77178574,31.55100441
15803,,32.77193451,31.55104637
15808,33.01857758,,
15809,,32.77295685,31.55131721
15815,33.02130508,,
15816,,32.77442169,31.55210114
15817,33.02215576,,
15818,,32.77473068,31.5523262
15824,33.02671814,,
15825,33.02735901,32.77743149,31.55322647
15826,,32.7778511,31.55335617
15829,33.02973557,,
15830,33.03031158,32.77915955,31.55375671
15831,33.03083801,32.77941132,31.55384064
15832,,32.7796402,31.55391502
15834,33.0326767,,
15835,,32.78199768,31.55410385
15837,33.0349617,,
15838,,32.78462219,31.55426407
15839,33.03632736,,
15840,33.03697205,32.7859993,31.55435562
15841,33.03756714,32.78662872,31.55445862
15842,,32.78720093,31.55455017
15844,33.03961182,,
15845,33.04051208,32.78863144,31.5547905
15846,33.04133606,32.78903198,31.55486488
15847,33.04208755,32.78938675,31.55493164
15848,,32.78971863,31.55501175
15850,33.04419327,,
15851,33.04484177,32.79068375,31.55521393
15852,,32.79096222,31.55527115
15855,33.04693985,,
15856,33.04735947,32.79273987,31.55545425
15857,,32.79327393,31.55574226
15859,33.04841995,,
15860,,32.79457855,31.55644798
15864,33.05078125,,
15865,,32.7961235,31.55724144
15869,33.05295563,,
15870,33.05334854,32.79732132,31.55802917
15871,,32.79751205,31.5581398
15881,33.05698776,,
15882,,32.80002594,31.55885315
15884,33.05797958,,
15885,,32.80064774,31.55903053
15889,33.05975723,,
15890,,32.80160522,31.55929756
15891,33.06054688,,
15892,,32.8019104,31.55949402
15894,33.06199646,,
15895,33.06249237,32.80252075,31.55977821
15896,,32.80273819,31.55985451
15898,33.06388855,,
15899,33.06432343,32.80328751,31.56010437
15900,33.06474686,32.80351639,31.56018829
15901,,32.8037262,31.56027222
15902,33.06550598,,
15903,33.06587982,32.80413437,31.56041336
15904,33.06621933,32.80434418,31.56078911
15905,,32.80453491,31.56113243
15909,33.06812668,,
15910,33.06860733,32.80602264,31.56248856
15911,33.06904984,32.80628204,31.56269455
15912,33.06949615,32.80651855,31.56287575
15913,33.06990051,32.80675507,31.56303787
15914,,32.80698013,31.56318283
15916,33.07105255,,
15917,,32.80766296,31.56354713
15918,33.07231903,,
15919,,32.80813599,31.56372833
15920,33.07394028,,
15921,,32.80857086,31.56388474
15922,33.07529068,,
15923,,32.8090744,31.56400871
15925,33.07773209,,
15926,,32.80968475,31.56416893
15929,33.08172989,,
15930,,32.81041336,31.56439018
15932,33.08411407,,
15933,33.08487701,32.81093979,31.56451035
15934,33.08557892,32.81109238,31.56454277
15935,,32.81124496,31.5645771
15937,33.08737946,,
15938,,32.81165695,31.56463814
15939,33.08872223,,
15940,33.0893364,32.81193542,31.56466675
15941,33.08989334,32.8120575,31.56467819
15942,33.09041595,32.81217194,31.56469345
15943,,32.81227875,31.56471062
15945,33.09180832,,
15946,,32.81262589,31.56479454
15947,33.09255981,,
15948,33.09288406,32.81285095,31.56489372
15949,,32.81294632,31.5649395
15951,33.09382248,,
15952,,32.81326675,31.56507492
15953,33.0945816,,
15954,33.09510803,32.81346512,31.56515312
15955,,32.81356812,31.56518555
15956,33.09617233,,
15957,,32.81375122,31.56524658
15958,33.09726715,,
15959,,32.81391525,31.56529808
15963,33.09983444,,
15964,33.10032272,32.81435394,31.56543159
15965,33.10076904,32.81444168,31.56545258
15966,33.10118866,32.81452179,31.56547546
15967,,32.81460953,31.56550598
15969,33.10255051,,
15970,33.10309982,32.81487656,31.56559181
15971,33.10359573,32.81495667,31.56562042
15972,,32.8150444,31.56565094
15974,33.10485077,,
15975,33.10522842,32.8152771,31.56572723
15976,33.10559082,32.81533813,31.56575012
15977,,32.81539536,31.56577492
15979,33.10654449,,
15980,,32.81558228,31.56583977
15983,33.10771942,,
15984,,32.8158989,31.56592178
15988,33.10892487,,
15989,,32.816185,31.56633949
15991,33.10984802,,
15992,,32.81632233,31.5671463
15996,33.11227798,,
15997,,32.81650162,31.56812477
15998,33.11330032,,
15999,33.11385727,32.8165741,31.56843948
16000,33.11436081,32.81661224,31.56856918
16001,33.11484146,32.81664658,31.56869888
16002,33.11531448,32.81668091,31.56881142
16003,,32.81671906,31.56891632
16008,33.11758423,,
16009,,32.81694412,31.56937408
16010,33.11816788,,
16011,,32.81850052,31.56949043
16014,33.1193428,,
16015,,32.82318878,31.56970978
16021,33.12126541,,
16022,,32.82788467,31.56998825
16024,33.1223526,,
16025,,32.82966232,31.57008362
16026,33.1230545,,
16027,,32.83058167,31.57012749
16030,33.12449265,,
16031,33.12482834,32.83204269,31.57024384
16032,33.12513733,32.83236313,31.57032585
16033,33.12542343,32.83265686,31.57040024
16034,33.12568665,32.83293152,31.57079506
16035,,32.83317947,31.57115936
16036,33.12623596,,
16037,,32.83363342,31.5717926
16041,33.12732697,,
16042,,32.83546829,31.57363129
16045,33.12805557,,
16046,33.12821198,32.83876038,31.57489777
16047,,32.83938599,31.57520103
16048,33.12851334,,
16049,,32.84050751,31.57572937
16052,33.12942886,,
16053,33.12970352,32.84241867,31.57671547
16054,,32.84283447,31.57692909
16056,33.13046646,,
16057,33.13070679,32.84396744,31.57752991
16058,,32.84428787,31.57769203
16063,33.13214874,,
16064,33.13236618,32.84571838,31.57841301
16065,,32.84592819,31.57849693
16067,33.13304138,,
16068,33.13329315,32.84646606,31.57876015
16069,33.13356018,32.84663773,31.57887459
16070,33.13384628,32.84679031,31.57899475
16071,,32.84695816,31.57910156
16073,33.134758,,
16074,,32.84739304,31.57936859
16075,33.13552475,,
16076,33.1359024,32.84764862,31.57951927
16077,,32.84777451,31.57958603
16079,33.13786316,,
16080,,32.84807968,31.57974434
16084,33.14131546,,
16085,,32.84846878,31.57991791
16089,33.14395905,,
16090,,32.84878922,31.58003426
16092,33.14546204,,
16093,33.14587402,32.84983063,31.58015823
16094,,32.85011673,31.58021355
16098,33.14785385,,
16099,,32.85121536,31.58044434
16103,33.1495285,,
16104,,32.85202408,31.5806179
16105,33.15007782,,
16106,33.15032959,32.85236359,31.58111382
16107,,32.85264206,31.58181763
16108,33.15081406,,
16109,,32.85314178,31.58301544
16111,33.15155029,,
16112,33.15181732,32.85372925,31.58440399
16113,,32.85388947,31.58477402
16115,33.1525116,,
16116,,32.85432053,31.58587074
16118,33.15312576,,
16119,,32.85468674,31.58965874
16122,33.15383911,,
16123,,32.85526276,31.59475517
16126,33.15489578,,
16127,,32.85581589,31.59812737
16129,33.15576553,,
16130,33.15611267,32.85622406,31.5998764
16131,33.15643692,32.85634995,31.60034561
16132,33.15673447,32.85646439,31.60076904
16133,,32.85656738,31.60115433
16134,33.15726089,,
16135,33.15753937,32.8567543,31.60182381
16136,,32.85683823,31.60211182
16141,33.15937042,,
16142,,32.85758209,31.60332298
16143,33.15998459,,
16144,33.16027832,32.8577652,31.60358429
16145,,32.85784912,31.60369682
16150,33.16192245,,
16151,33.16222763,32.85833359,31.60432625
16152,,32.85847092,31.60440063
16153,33.16397476,,
16154,33.16472244,32.85870743,31.60454559
16155,33.16539383,32.85881424,31.60461235
16156,,32.85891342,31.60467529
16158,33.16723251,,
16159,,32.85920715,31.60481834
16162,33.16980743,,
16163,33.17049026,32.85966492,31.60497284
16164,33.17117691,32.85984039,31.60500717
16165,,32.86062241,31.60504341
16168,33.17376709,,
16169,,32.86331558,31.60517311
16171,33.17567825,,
16172,,32.86483383,31.60525513
16176,33.17920303,,
16177,33.17980957,32.8667984,31.60539246
16178,33.18041992,32.86709595,31.60552788
16179,33.18096924,32.86743546,31.60565948
16180,,32.86774063,31.60578918
16182,33.18243027,,
16183,33.18284607,32.86854935,31.60612106
16184,,32.86878586,31.60621834
16192,33.18757248,,
16193,33.1879921,32.87090302,31.6069355
16194,,32.87132645,31.60702515
16196,33.18905258,,
16197,33.18936539,32.87238312,31.60727882
16198,,32.87267685,31.60735512
16200,33.19018555,,
16201,,32.87342834,31.60757256
16206,33.19145584,,
16207,,32.87464523,31.60795975
16208,33.19184875,,
16209,33.19225693,32.87508774,31.60823059
16210,,32.87528229,31.60835075
16211,33.19297028,,
16212,33.19329453,32.87561798,31.60856628
16213,,32.87576294,31.60866737
16214,33.19389343,,
16215,,32.87621689,31.60887527
16221,33.19571686,,
16222,,32.87741089,31.60938263
16224,33.19646072,,
16225,,32.87775421,31.60951614
16227,33.1970253,,
16228,,32.87805939,31.60962486
16231,33.19804764,,
16232,33.19831467,32.87840271,31.60984802
16233,33.19856644,32.878479,31.60991096
16234,33.19882584,32.8785553,31.60996819
16235,,32.87862396,31.61001968
16236,33.19932556,,
16237,,32.87875366,31.6101284
16241,33.20120621,,
16242,,32.87903976,31.61034775
16245,33.20245743,,
16246,,32.87924194,31.61046982
16247,33.20298767,,
16248,,32.87938309,31.61054993
16249,33.20370102,,
16250,33.20420837,32.87952042,31.61066055
16251,,32.87958908,31.61071205
16252,33.20539093,,
16253,,32.87972641,31.61080742
16256,33.207901,,
16257,33.20846176,32.88022614,31.61104774
16258,33.20898438,32.88037109,31.61124611
16259,,32.88050842,31.61142731
16266,33.21512604,,
16267,,32.88142776,31.61248398
16273,33.21968842,,
16274,,32.88214874,31.61296654
16275,33.22100449,,
16276,33.22161484,32.88228989,31.61307335
16277,,32.88235092,31.6131382
16278,33.22267914,,
16279,33.22328949,32.88250351,31.61327553
16280,33.22389603,32.88259125,31.61333656
16281,,32.88267517,31.61339951
16282,33.22502136,,
16283,33.22557068,32.88283539,31.61352158
16284,,32.88290787,31.6135788
16286,33.22808838,,
16287,,32.8830986,31.61439896
16289,33.23030853,,
16290,33.23094559,32.88331604,31.61577797
16291,,32.88342285,31.61616707
16294,33.23329544,,
16295,33.23383713,32.88386536,31.61753082
16296,,32.8840332,31.61786461
16297,33.23478699,,
16298,33.23522186,32.88433075,31.61940002
16299,,32.88454056,31.62007141
16308,33.241436,,
16309,,32.88594437,31.62411499
16310,33.24237823,,
16311,33.24282837,32.88616943,31.62455559
16312,,32.88630295,31.62475014
16313,33.24373245,,
16314,,32.88655472,31.62509537
16316,33.24514389,,
16317,,32.88684464,31.62552643
16318,33.24599457,,
16319,,32.88710022,31.62575531
16322,33.24744415,,
16323,33.24776077,32.88771439,31.62610435
16324,,32.8878479,31.62617493
16326,33.24872971,,
16327,33.24902725,32.8885231,31.62635422
16328,33.24930573,32.8889122,31.62641144
16329,33.24958801,32.88926697,31.62649155
16330,33.24988937,32.88959503,31.62656784
16331,33.25017548,32.88991928,31.62664032
16332,33.25062561,32.8902092,31.62670326
16333,33.25105667,32.89047623,31.62680817
16334,,32.89072418,31.62689972
16336,33.25220108,,
16337,,32.89157486,31.6271553
16338,33.25305939,,
16339,,32.89216995,31.62738609
16340,33.25379181,,
16341,,32.8927536,31.62767601
16342,33.25442505,,
16343,,32.89328766,31.62790489
16345,33.25540543,,
16346,33.25569153,32.89590073,31.62817192
16347,33.25597763,32.89692307,31.6282444
16348,,32.89803696,31.62831116
16352,33.25748444,,
16353,,32.90420914,31.62955856
16355,33.25859451,,
16356,,32.90694809,31.63058281
16357,33.25941849,,
16358,,32.90838623,31.63114166
16363,33.2622261,,
16364,33.26279449,32.91515732,31.63258171
16365,33.26331711,32.91599274,31.63276672
16366,,32.91674805,31.63293266
16367,33.26473618,,
16368,,32.91804886,31.63323784
16371,33.26691818,,
16372,33.26739502,32.9200592,31.63371468
16373,,32.92045212,31.63380814
16376,33.26954269,,
16377,,32.92169189,31.63441658
16381,33.27212524,,
16382,33.27289963,32.92271805,31.63561821
16383,33.27364349,32.9229126,31.6359005
16384,33.27433014,32.92315674,31.63615608
16385,33.27495956,32.92338943,31.63639069
16386,,32.92360687,31.63660431
16387,33.27653122,,
16388,,32.92402649,31.63697433
16391,33.27980804,,
16392,33.28052902,32.92465973,31.63752365
16393,,32.92478561,31.63763618
16395,33.28240967,,
16396,,32.92512894,31.63791466
16398,33.28394318,,
16399,33.28436661,32.92540359,31.63811111
16400,,32.92547989,31.63817406
16402,33.28570175,,
16403,33.28620148,32.92566681,31.63834763
16404,,32.92572021,31.63839722
16409,33.28913879,,
16410,,32.92604065,31.63896751
16414,33.2917366,,
16415,,32.92707825,31.63954544
16423,33.29982758,,
16424,,32.92933273,31.64018059
16426,33.30215454,,
16427,33.302845,32.92985535,31.64030266
16428,,32.9301033,31.6403389
16430,33.3046875,,
16431,33.30519485,32.93072128,31.64042473
16432,,32.93090057,31.64044952
16433,33.30606842,,
16434,33.3064537,32.93122482,31.6404953
16435,,32.9313736,31.64051628
16440,33.30833054,,
16441,33.30861282,32.93217087,31.64062309
16442,,32.93229294,31.64064026
16444,33.30944061,,
16445,,32.93262863,31.64068413
16448,33.31030655,,
16449,,32.93296432,31.64098549
16450,33.31067657,,
16451,33.31123734,32.93312454,31.64136314
16452,,32.93320084,31.64152336
16454,33.31271744,,
16455,,32.93351746,31.64195633
16457,33.31385422,,
16458,33.31417084,32.93399811,31.64226723
16459,,32.93413925,31.64235306
16460,33.31479645,,
16461,33.31507874,32.93439102,31.64255524
16462,,32.93450165,31.64268684
16464,33.31581497,,
16465,33.31633759,32.93478775,31.64302826
16466,33.31681442,32.93486786,31.64312172
16467,,32.9349556,31.64320755
16468,33.31773758,,
16469,,32.93510056,31.64336777
16476,33.32178497,,
16477,33.32229996,32.93812561,31.64447784
16478,,32.93875122,31.64466476
16479,33.32323837,,
16480,33.3236618,32.93982315,31.64499855
16481,,32.94079208,31.64515495
16483,33.32489777,,
16484,,32.94326782,31.64554214
16486,33.32622528,,
16487,,32.94521713,31.64803886
16488,33.32772064,,
16489,,32.94749069,31.64988518
16493,33.33071518,,
16494,33.33119202,32.95417786,31.65312576
16495,33.33163071,32.95516968,31.65359497
16496,33.33205032,32.95608139,31.65402603
16497,,32.95690155,31.65442848
16498,33.33279037,,
16499,33.33312988,32.95830917,31.6551342
16500,,32.9589119,31.65543938
16503,33.3342514,,
16504,,32.9608078,31.65640831
16508,33.33529282,,
16509,,32.96240616,31.65729332
16511,33.33613968,,
16512,,32.9630394,31.65777206
16514,33.33838654,,
16515,,32.96352768,31.65813065
16518,33.34158707,,
16519,33.34226227,32.96401215,31.65848351
16520,,32.96411514,31.65855408
16525,33.34613419,,
16526,,32.96475601,31.6589241
16530,33.34838867,,
16531,,32.9657402,31.65919495
16532,33.34906006,,
16533,,32.96617889,31.65926552
16536,33.35017395,,
16537,,32.96694565,31.65938377
16539,33.35095215,,
16540,,32.96744537,31.65945244
16542,33.352005,,
16543,,32.96788788,31.65960312
16547,33.35388947,,
16548,,32.96856308,31.65982819
16549,33.354702,,
16550,,32.96878815,31.65989876
16552,33.35572052,,
16553,33.35605621,32.96907043,31.65999603
16554,,32.96915054,31.66003227
16555,33.35685349,,
16556,33.35726547,32.96930695,31.66085625
16557,33.35764313,32.96937943,31.66120529
16558,,32.96944427,31.66152
16560,33.35862732,,
16561,33.35890961,32.96960068,31.66244888
16562,33.35923767,32.96964264,31.66272926
16563,,32.96968079,31.66319466
16566,33.36039352,,
16567,33.36064148,32.96996307,31.66467667
16568,33.36088562,32.97005463,31.66500854
16569,33.36112595,32.97016525,31.66533089
16570,,32.97026825,31.66567421
16574,33.36302185,,
16575,,32.97067261,31.66705513
16576,33.36426544,,
16577,33.36483383,32.97080231,31.6674881
16578,,32.97085953,31.66768074
16579,33.36592102,,
16580,33.36643982,32.97097397,31.66801071
16581,,32.97102356,31.66815758
16582,33.36732864,,
16583,33.36777496,32.97116852,31.66841316
16584,,32.97123718,31.66852379
16585,33.3687439,,
16586,,32.97135162,31.66874313
16587,33.36983871,,
16588,,32.97146225,31.66893196
16591,33.37156677,,
16592,,32.97172928,31.66967201
16593,33.37224579,,
16594,,32.97187042,31.67005348
16599,33.37413788,,
16600,33.37445831,32.97223663,31.67100906
16601,33.37474823,32.97232437,31.67120743
16602,,32.97240829,31.67139053
16603,33.37530518,,
16604,33.3755455,32.97255707,31.67169952
16605,33.37578583,32.97262192,31.67183304
16606,,32.97268677,31.67219734
16608,33.37653732,,
16609,,32.97326279,31.67401695
16611,33.37732697,,
16612,33.37755966,32.97390747,31.67532921
16613,,32.97410583,31.6756897
16614,33.37817383,,
16615,,32.97444534,31.67631721
16623,33.38364792,,
16624,33.38498306,32.97548294,31.678442
16625,33.38620758,32.97555923,31.67857742
16626,33.38732529,32.9756279,31.67870903
16627,33.38833237,32.97569275,31.67886162
16628,,32.97574997,31.67905235
16630,33.39099884,,
16631,,32.97589874,31.68023491
16632,33.39242935,,
16633,33.39306259,32.97597885,31.68104744
16634,33.39364624,32.976017,31.68139076
16635,33.39419937,32.97606277,31.68170166
16636,33.39471436,32.97610474,31.68198967
16637,33.39518356,32.97613907,31.68224335
16638,,32.9761734,31.68260193
16639,33.39614868,,
16640,,32.97625351,31.68322182
16641,33.39706039,,
16642,,32.97632217,31.68372917
16643,33.39783859,,
16644,,32.97638702,31.6841774
16645,33.39849472,,
16646,,32.97644806,31.68455124
16647,33.39915848,,
16648,,32.97649384,31.68488312
16650,33.40011978,,
16651,33.40043259,32.9767189,31.68530846
16652,33.40080643,32.97678757,31.68543053
16653,,32.97685242,31.68554497
16655,33.40174103,,
16656,33.40200043,32.97706604,31.68591499
16657,,32.9771347,31.68606949
16658,33.40245819,,
16659,33.40267944,32.97728348,31.68632507
16660,33.40288544,32.97735596,31.68642998
16661,,32.97742462,31.68652725
16665,33.40432358,,
16666,,32.97841644,31.68816948
16668,33.40544891,,
16669,33.40576553,32.97893524,31.68885803
16670,,32.97908401,31.68904686
16674,33.40794373,,
16675,,32.9796524,31.68989563
16677,33.41033173,,
16678,33.41100693,32.9799118,31.69042397
16679,33.41163254,32.97999573,31.69062424
16680,,32.98007202,31.69080734
16681,33.41323853,,
16682,33.41429138,32.98021317,31.69310379
16683,33.4152565,32.98027802,31.69486809
16684,33.41613007,32.98034286,31.696455
16685,33.41693115,32.9804039,31.69788933
16686,,32.98046494,31.6991806
16687,33.41831589,,
16688,,32.98057556,31.70139885
16689,33.41946793,,
16690,33.41997147,32.98082733,31.70320511
16691,,32.98097229,31.70397949
16693,33.42129898,,
16694,,32.98138046,31.7059288
16706,33.42554474,,
16707,,32.98342896,31.71037483
16711,33.42726898,,
16712,,32.98425293,31.71116257
16716,33.429245,,
16717,,32.98498535,31.71164322
16723,33.43112564,,
16724,,32.98590851,31.71398735
16728,33.43345642,,
16729,,32.98635483,31.71573257
16730,33.43432617,,
16731,,32.98650742,31.71627617
16735,33.43839645,,
16736,33.43927002,32.98691559,31.71725273
16737,33.44005966,32.98699188,31.71748352
16738,,32.98706818,31.71769333
16739,33.44165802,,
16740,,32.9883194,31.71805763
16742,33.44368744,,
16743,,32.9912262,31.71847534
16745,33.4454422,,
16746,,32.99337387,31.71975136
16750,33.44783401,,
16751,,32.99593735,31.72132492
16754,33.44917679,,
16755,,32.99737167,31.72212601
16756,33.4497757,,
16757,33.45006943,32.99804688,31.722435
16758,,32.99833679,31.7225666
16760,33.45112228,,
16761,,33.00033188,31.7228756
16762,33.45178604,,
16763,33.45210648,33.00139236,31.72303581
16764,,33.00184631,31.72311211
16765,33.45267487,,
16766,,33.0026207,31.72324944
16771,33.45419312,,
16772,,33.00423431,31.7270298
16774,33.45487595,,
16775,,33.00475693,31.72965813
16776,33.45525742,,
16777,,33.00503159,31.73100662
16778,33.45563507,,
16779,,33.00526047,31.73213196
16783,33.45645142,,
16784,,33.00585175,31.73482895
16785,33.4567337,,
16786,,33.00606155,31.73655891
16789,33.45724869,,
16790,33.45754623,33.00642395,31.73921585
16791,,33.00649643,31.73973465
16795,33.45917511,,
16796,,33.00679398,31.74165344
16800,33.46049881,,
16801,,33.00705719,31.74278831
16806,33.4629631,,
16807,33.4636879,33.0073204,31.74361038
16808,,33.00736618,31.74371338
16810,33.4655571,,
16811,33.46612549,33.00748444,31.74395561
16812,33.46665192,33.00751877,31.74402428
16813,,33.0075531,31.74408722
16815,33.46806717,,
16816,33.46846008,33.00766373,31.74530983
16817,33.46886444,33.00771332,31.74564362
16818,33.46924973,33.00776291,31.74594307
16819,,33.00786972,31.74621201
16823,33.47122192,,
16824,,33.00840378,31.74737358
16825,33.47180939,,
16826,,33.00865936,31.74777985
16827,33.47230911,,
16828,33.47253036,33.00888824,31.74812126
16829,,33.00899506,31.74826813
16830,33.4729805,,
16831,33.47321701,33.00930405,31.7485199
16832,33.47343445,33.00947571,31.74863243
16833,33.47363281,33.00963211,31.74873352
16834,33.47381592,33.00977325,31.74882889
16835,,33.00998306,31.74891281
16843,33.47624207,,
16844,33.47655487,33.01229095,31.74942398
16845,33.47688675,33.01266861,31.74946022
16846,33.4771843,33.01301956,31.74949455
16847,,33.01334381,31.74952507
16852,33.4790535,,
16853,,33.01474762,31.74967575
16856,33.48028946,,
16857,,33.01532364,31.7497673
16866,33.48472214,,
16867,33.48511887,33.01639557,31.75136566
16868,,33.01647568,31.75166702
16874,33.48788834,,
16875,33.48841858,33.01702881,31.75310898
16876,,33.0171051,31.75324249
16877,33.48934555,,
16878,,33.01725769,31.75346565
16879,33.49011612,,
16880,33.49045944,33.01740646,31.75365448
16881,33.49077225,33.01747131,31.75374413
16882,33.49106216,33.01753616,31.75389671
16883,33.49132538,33.01760101,31.75403404
16884,33.49156952,33.01766586,31.75415421
16885,,33.0177269,31.75426102
16886,33.49202728,,
16887,,33.0178566,31.75444031
16888,33.49249649,,
16889,,33.01796722,31.7545681
16890,33.49298096,,
16891,33.49320984,33.01806641,31.754673
16892,33.49343109,33.01810837,31.75498009
16893,,33.01815033,31.75526047
16894,33.49391556,,
16895,,33.01823044,31.75574112
16897,33.49459839,,
16898,,33.01841354,31.75632095
16907,33.49652863,,
16908,33.49672699,33.01911545,31.76020813
16909,,33.01921463,31.76102066
16913,33.49759293,,
16914,33.49775696,33.0197525,31.76406479
16915,,33.01985931,31.76451302
16917,33.4982338,,
16918,,33.02021027,31.76560211
16922,33.49921799,,
16923,33.49940109,33.02125549,31.76690674
16924,,33.02150345,31.76709747
16926,33.50093079,,
16927,,33.02212906,31.76758385
16928,33.50175095,,
16929,,33.02249908,31.76785851
16932,33.50304031,,
16933,,33.02322388,31.76827812
16935,33.50376129,,
16936,,33.02363968,31.76852798
16937,33.50417328,,
16938,33.50435638,33.02389526,31.76866531
16939,,33.02401733,31.76872635
16941,33.50500107,,
16942,,33.02435684,31.76888275
16947,33.50653458,,
16948,,33.02501297,31.76926422
16950,33.50756454,,
16951,33.50786591,33.02527618,31.76946068
16952,,33.02542496,31.7695179
16953,33.50842285,,
16954,33.50867462,33.02570724,31.76968956
16955,,33.0258255,31.76976585
16956,33.50914001,,
16957,33.50940704,33.0274086,31.76989937
16958,,33.0282402,31.7699585
16959,33.50993729,,
16960,33.51020432,33.02967453,31.77009201
16961,33.51044464,33.0302887,31.77015305
16962,,33.03084183,31.77020645
16968,33.51202774,,
16969,33.51223755,33.03362656,31.77052116
16970,33.5124321,33.03390121,31.77056122
16971,33.51262283,33.03414917,31.77059364
16972,,33.0344162,31.77062416
16973,33.51317215,,
16974,33.51350784,33.03496933,31.77067947
16975,,33.0352211,31.77070236
16978,33.51473236,,
16979,33.51499176,33.03609085,31.77570915
16980,,33.03632355,31.77666855
16983,33.5161438,,
16984,,33.03706741,31.77966118
16986,33.51704788,,
16987,,33.03746033,31.78122902
16988,33.51759338,,
16989,,33.03767014,31.78204155
16992,33.51852036,,
16993,,33.03799438,31.78323746
16997,33.52595901,,
16998,,33.03833008,31.78419876
17000,33.52920914,,
17001,,33.0385704,31.78460121
17003,33.53165054,,
17004,,33.03887558,31.78489685
17006,33.53463745,,
17007,33.53567123,33.03918076,31.78513527
17008,33.53660583,33.03927612,31.78520203
17009,33.53744888,33.03936005,31.78526306
17010,33.53821564,33.03944778,31.78531837
17011,,33.03958511,31.78536797
17012,33.53955078,,
17013,33.54013062,33.04065704,31.7854557
17014,33.54084778,33.04138565,31.78549576
17015,33.54150391,33.04212952,31.78553391
17016,,33.04280853,31.78557205
17021,33.54417038,,
17022,,33.04581451,31.7858429
17031,33.5490303,,
17032,,33.04912567,31.78621292
17036,33.5511055,,
17037,33.55140686,33.05008698,31.78638649
17038,33.55168533,33.05025482,31.78642082
17039,,33.05040741,31.78644943
17041,33.55239105,,
17042,,33.05112457,31.78726768
17043,33.5529213,,
17044,,33.05154419,31.78768349
17057,33.55624771,,
17058,,33.0533371,31.78935623
17059,33.55670166,,
17060,,33.0534935,31.78948593
17062,33.55728149,,
17063,,33.05384827,31.78965378
17065,33.55780792,,
17066,33.55796432,33.05418396,31.78977203
17067,33.55810928,33.05439377,31.78980827
17068,,33.05458832,31.7898941
17072,33.55891037,,
17073,,33.05533218,31.79021454
17075,33.5595665,,
17076,,33.05565643,31.79043007
17077,33.55991745,,
17078,,33.05584717,31.79055405
17079,33.56024551,,
17080,,33.05604172,31.79065514
17082,33.56074142,,
17083,33.56089401,33.05628586,31.79077339
17084,,33.05635452,31.79081535
17088,33.56175995,,
17089,,33.05664063,31.79098892
17094,33.56251144,,
17095,,33.05692673,31.79456329
17097,33.56283951,,
17098,,33.05704117,31.79633904
17101,33.56328201,,
17102,33.56343079,33.05731583,31.79820061
17103,33.5635643,33.05739975,31.79857635
17104,33.56369019,33.05747986,31.79891396
17105,33.5638237,33.05757141,31.79922104
17106,,33.05767059,31.79950142
17109,33.5644989,,
17110,,33.05804825,31.80068779
17114,33.56604767,,
17115,,33.05853653,31.8020134
17117,33.56718445,,
17118,,33.05884171,31.8025341
17119,33.56829453,,
17120,33.56881332,33.05905533,31.80280113
17121,33.56929016,33.0591507,31.80291748
17122,,33.05923462,31.80302429
17126,33.57126617,,
17127,33.57159805,33.05972672,31.8034687
17128,,33.0598259,31.80355072
17129,33.57223892,,
17130,33.57252502,33.05998993,31.80369186
17131,33.57278442,33.06006241,31.80375481
17132,,33.06012726,31.80381966
17133,33.57326508,,
17134,33.57348633,33.06028366,31.80394745
17135,,33.06034851,31.80400658
17137,33.57438278,,
17138,33.57478333,33.06052399,31.80413437
17139,,33.06057739,31.80416679
17141,33.5758934,,
17142,33.5762291,33.06072998,31.80423546
17143,33.57654953,33.06078339,31.80425262
17144,33.57695007,33.06093597,31.80426598
17145,,33.0610733,31.80428123
17146,33.57768631,,
17147,33.57805252,33.06131363,31.80431366
17148,,33.06142044,31.80432701
17150,33.57912827,,
17151,33.57943344,33.06226349,31.80435753
17152,33.5797081,33.0625,31.80436707
17153,,33.06271744,31.8043766
17156,33.58144379,,
17157,,33.06341934,31.80451012
17158,33.5826683,,
17159,33.58322525,33.06374359,31.80459404
17160,,33.06388855,31.80462646
17162,33.58461761,,
17163,33.58504105,33.06425476,31.80470657
17164,,33.06435394,31.80472946
17170,33.58898163,,
17171,,33.06487656,31.80506706
17172,33.59016418,,
17173,33.59067535,33.06503677,31.80518341
17174,,33.06510925,31.80524063
17175,33.59164429,,
17176,,33.06524277,31.80535507
17179,33.59552383,,
17180,,33.06544876,31.8055687
17189,33.60207748,,
17190,33.60256577,33.06612396,31.8059082
17191,33.60301208,33.06620407,31.80595016
17192,,33.06630325,31.80599976
17195,33.60475159,,
17196,,33.06668854,31.80617142
17205,33.60852432,,
17206,,33.06758499,31.8066349
17207,33.60927963,,
17208,33.60962677,33.06781006,31.80672646
17209,33.61005783,33.06790924,31.80677032
17210,,33.06800079,31.8068161
17211,33.61081696,,
17212,,33.06816864,31.80695724
17213,33.61146927,,
17214,,33.06861496,31.80716705
17215,33.61216354,,
17216,,33.06929398,31.80740166
17217,33.61272812,,
17218,,33.06987,31.80760193
17220,33.61357498,,
17221,33.61392593,33.07056808,31.80785751
17222,33.61436081,33.07077789,31.80792999
17223,33.61495972,33.07097244,31.80799675
17224,,33.07114792,31.80805588
17228,33.61787415,,
17229,33.61878586,33.07184982,31.80830002
17230,,33.07196426,31.80833054
17233,33.62171555,,
17234,,33.07255173,31.80849648
17238,33.6246376,,
17239,,33.07368469,31.80871391
17244,33.6272049,,
17245,33.62755966,33.07566833,31.8088913
17246,33.62788391,33.07600021,31.80892181
17247,33.62818146,33.07630539,31.80894661
17248,33.62845993,33.07659531,31.80896759
17249,,33.07686996,31.80898476
17253,33.6296196,,
17254,,33.07979965,31.80904579
17257,33.63034439,,
17258,33.63053513,33.08364487,31.80911255
17259,33.63077545,33.08447647,31.80912971
17260,,33.08522415,31.80914688
17261,33.63119888,,
17262,33.63138962,33.08658981,31.80916977
17263,33.63157272,33.08721924,31.80918312
17264,,33.08780289,31.80919647
17265,33.63192749,,
17266,,33.08879852,31.80924225
17268,33.63238525,,
17269,,33.09006882,31.80930519
17275,33.63344574,,
17276,,33.09209061,31.80941582
17279,33.63406372,,
17280,,33.09287643,31.80946159
17281,33.63438797,,
17282,,33.09331512,31.8094883
17286,33.63536835,,
17287,,33.09445953,31.80956459
17289,33.63670731,,
17290,,33.094944,31.80961227
17292,33.63788986,,
17293,33.63824463,33.09540176,31.80965233
17294,33.63869476,33.09558487,31.80966759
17295,33.63914871,33.09575653,31.80967903
17296,,33.09598541,31.80969429
17297,33.63999176,,
17298,33.64038849,33.09643936,31.80972481
17299,,33.09669495,31.80974007
17305,33.64349365,,
17306,,33.09850311,31.80986404
17310,33.64666748,,
17311,33.64725876,33.09996796,31.8099308
17312,,33.10023117,31.80994415
17313,33.6482811,,
17314,,33.10069656,31.80995941
17315,33.64918137,,
17316,33.64956665,33.10165024,31.80998611
17317,,33.10208893,31.80999947
17320,33.65099335,,
17321,,33.10390091,31.81003952
17323,33.65190887,,
17324,33.65215683,33.10490417,31.81010628
17325,,33.10518265,31.81012535
17330,33.65333557,,
17331,33.65350342,33.10647964,31.81020355
17332,,33.10666275,31.810215
17333,33.653862,,
17334,,33.10708618,31.8102169
17335,33.65419006,,
17336,,33.10749817,31.81021881
17337,33.65451431,,
17338,,33.10803986,31.81020927
17339,33.65481567,,
17340,,33.10850143,31.81020737
17343,33.65561295,,
17344,,33.10950089,31.81022835
17347,33.65659714,,
17348,33.65685272,33.11105728,31.81024551
17349,33.65711594,33.11151886,31.81024933
17350,33.65736008,33.11222076,31.81024933
17351,,33.11287689,31.81025124
17355,33.65849304,,
17356,,33.1156044,31.81032372
17358,33.65955353,,
17359,,33.11772156,31.8104744
17360,33.6602478,,
17361,33.66056061,33.11911774,31.81061172
17362,33.66086578,33.11972809,31.81067085
17363,33.6611557,33.12028122,31.81072235
17364,33.66143036,33.12081146,31.81077957
17365,,33.12129211,31.81084633
17366,33.66194916,,
17367,33.66218948,33.12317657,31.81096649
17368,,33.12400055,31.81101799
17371,33.66302872,,
17372,,33.12660217,31.81123161
17374,33.66355133,,
17375,,33.12799835,31.81134224
17377,33.6641655,,
17378,,33.12915802,31.81143188
17379,33.6645546,,
17380,33.6647377,33.12989426,31.81163597
17381,33.66490936,33.13020706,31.81172752
17382,,33.13049316,31.81181145
17385,33.66553879,,
17386,,33.13148117,31.81208229
17389,33.66612625,,
17390,,33.13224792,31.8122921
17391,33.6664772,,
17392,,33.13256073,31.81236839
17394,33.66705704,,
17395,,33.13296127,31.81245995
17396,33.66755295,,
17397,,33.13322449,31.81250954
17398,33.6680069,,
17399,,33.13345337,31.81255913
17404,33.66946411,,
17405,,33.13433075,31.81269646
17407,33.67025757,,
17408,,33.13478851,31.81274605
17409,33.67069244,,
17410,33.67090988,33.13506699,31.81277275
17411,,33.13521194,31.81278229
17413,33.67152023,,
17414,,33.13568115,31.81280327
17415,33.67198563,,
17416,,33.13595581,31.81281471
17418,33.67277527,,
17419,,33.13629913,31.81285477
17420,33.6733551,,
17421,,33.13650513,31.81290436
17429,33.67595673,,
17430,,33.13727188,31.81304932
17433,33.67710876,,
17434,,33.13751221,31.81310844
17435,33.67764664,,
17436,33.67789078,33.13761139,31.81314087
17437,33.67811966,33.13766479,31.81316185
17438,,33.13772202,31.81318665
17439,33.67898941,,
17440,33.67943192,33.13785553,31.81323814
17441,,33.13793945,31.81325912
17446,33.68292236,,
17447,33.68357468,33.13842773,31.81357765
17448,33.68419647,33.13851547,31.81368446
17449,,33.13859177,31.81378365
17451,33.68604279,,
17452,,33.13879013,31.81402779
17453,33.6871376,,
17454,,33.13890839,31.81415558
17455,33.68811035,,
17456,,33.13900757,31.8142662
17465,33.6928978,,
17466,33.6933136,33.13970184,31.81485367
17467,,33.13976669,31.81492233
17468,33.69405365,,
17469,33.69445038,33.13988495,31.81504822
17470,33.69504929,33.13994217,31.81510353
17471,33.69559479,33.14004135,31.81515503
17472,33.69608307,33.1401329,31.81520081
17473,,33.14021683,31.81524277
17474,33.69723511,,
17475,,33.14044189,31.81532669
17484,33.70132065,,
17485,33.70176315,33.14154434,31.81591034
17486,,33.14183426,31.81601906
17488,33.70304871,,
17489,33.70342636,33.14258575,31.81628799
17490,33.70376968,33.14281082,31.81635857
17491,,33.14302444,31.81645012
17493,33.70478821,,
17494,,33.14356232,31.81668472
17495,33.70562363,,
17496,,33.14397812,31.81681824
17497,33.70649719,,
17498,,33.14439392,31.81698799
17500,33.70772552,,
17501,,33.14490509,31.81723976
17502,33.70842743,,
17503,33.70874405,33.14525986,31.81741905
17504,,33.14545441,31.81750298
17505,33.70930099,,
17506,,33.14588928,31.81767082
17507,33.71081543,,
17508,,33.1463089,31.81781387
17516,33.71577835,,
17517,33.71641159,33.14772415,31.81824112
17518,,33.14782715,31.8182869
17520,33.71813202,,
17521,33.71870041,33.14815903,31.81840324
17522,,33.14826965,31.81843376
17527,33.72139359,,
17528,,33.14904404,31.81866646
17530,33.72317505,,
17531,,33.14945984,31.81875801
17532,33.72437668,,
17533,33.72491455,33.14973831,31.81881142
17534,,33.14986038,31.8188343
17535,33.72891617,,
17536,,33.15007019,31.81889915
17542,33.74319458,,
17543,,33.15067291,31.82086182
17544,33.7460289,,
17545,33.7472496,33.15082169,31.82156181
17546,,33.15089417,31.82231903
17551,33.75258636,,
17552,,33.15211105,31.82551765
17553,33.75378418,,
17554,,33.15249252,31.8262291
17558,33.75602341,,
17559,,33.15338516,31.82752609
17561,33.75708008,,
17562,,33.15401459,31.828125
17565,33.75815201,,
17566,,33.15507507,31.82876587
17567,33.75857162,,
17568,33.75876617,33.1557579,31.82900047
17569,,33.15607452,31.82910156
17578,33.76184845,,
17579,33.76223373,33.17233276,31.82977295
17580,,33.17344666,31.829813
17583,33.76351166,,
17584,,33.1769371,31.82996178
17585,33.76409149,,
17586,,33.17821884,31.83002853
17588,33.76486206,,
17589,,33.17976379,31.83013725
17591,33.76549149,,
17592,33.7659111,33.18107224,31.83023643
17593,33.76629639,33.18144226,31.83027077
17594,33.76665115,33.18177795,31.8303051
17595,,33.18212128,31.83033562
17598,33.76788712,,
17599,,33.18338776,31.83047676
17600,33.76849365,,
17601,,33.18399811,31.83055687
17603,33.7693634,,
17604,,33.18508148,31.83065987
17605,33.76993179,,
17606,,33.18569565,31.83072472
17611,33.77153397,,
17612,,33.18702698,31.83094025
17613,33.77202988,,
17614,,33.18733215,31.83105469
17617,33.77338028,,
17618,,33.18782806,31.83133316
17619,33.7739296,,
17620,33.77416992,33.18803024,31.83152962
17621,,33.18812943,31.83161354
17624,33.77503586,,
17625,33.77523422,33.18850327,31.83195305
17626,,33.18858337,31.83213234
17627,33.77558517,,
17628,33.77574539,33.18879318,31.83244514
17629,,33.18891907,31.8325882
17635,33.77656937,,
17636,,33.18965912,31.83333588
17638,33.77681351,,
17639,,33.18994522,31.83353043
17646,33.77824402,,
17647,,33.19067383,31.83393478
17649,33.77884674,,
17650,33.7791748,33.19115067,31.83417511
17651,33.77947617,33.19129181,31.83426476
17652,,33.19141769,31.83434677
17653,33.78011703,,
17654,,33.19164276,31.8345623
17657,33.78160095,,
17658,33.78192902,33.19204712,31.83495712
17659,,33.19213104,31.8350811
17660,33.78256607,,
17661,33.78284073,33.19228745,31.83529091
17662,33.78308868,33.19236374,31.83547401
17663,,33.19245529,31.83563995
17667,33.78438187,,
17668,,33.19324493,31.83626556
17671,33.78583145,,
17672,,33.19410324,31.83662224
17673,33.78657913,,
17674,33.78689957,33.19449615,31.83678627
17675,33.78721237,33.1946907,31.83685684
17676,33.78751373,33.19486618,31.83692169
17677,,33.19506073,31.83697891
17678,33.78805923,,
17679,33.78862762,33.19540405,31.83708954
17680,,33.19555664,31.83713722
17681,33.78960419,,
17682,,33.19583511,31.83722496
17685,33.79256821,,
17686,,33.19626999,31.83733749
17687,33.79384995,,
17688,33.79449844,33.19645691,31.8373909
17689,,33.19654465,31.83742905
17690,33.79564285,,
17691,,33.19670105,31.8374939
17692,33.79660034,,
17693,,33.19683075,31.83754158
17694,33.79740524,,
17695,,33.19695282,31.83758545
17708,33.80112457,,
17709,,33.19864655,31.83798599
17718,33.8036499,,
17719,,33.19972229,31.83849335
17721,33.80437088,,
17722,,33.19993591,31.83865738
17723,33.80484009,,
17724,,33.2003212,31.83879471
17726,33.8057251,,
17727,,33.20079803,31.83899498
17731,33.80740356,,
17732,33.80769348,33.20138931,31.83967781
17733,,33.20149612,31.84009171
17737,33.8089447,,
17738,,33.20217514,31.84177589
17739,33.80973053,,
17740,,33.20243454,31.84226799
17741,33.81050873,,
17742,,33.20284271,31.84267235
17743,33.8111763,,
17744,33.81151581,33.20349884,31.84300995
17745,,33.20412064,31.84316444
17746,33.8121376,,
17747,,33.20519257,31.84342766
17749,33.81294632,,
17750,33.81317902,33.20646667,31.84385872
17751,,33.20681763,31.84399414
17752,33.81362152,,
17753,33.81381989,33.20742416,31.84426117
17754,33.81400299,33.20776749,31.84438705
17755,33.81419373,33.20812225,31.84454727
17756,,33.20844269,31.84469414
17757,33.81454849,,
17758,,33.20911026,31.84502602
17761,33.81522369,,
17762,33.81537628,33.21022034,31.84553909
17763,,33.21045303,31.84723854
17765,33.8165741,,
17766,,33.2110672,31.85149384
17767,33.81747055,,
17768,33.8180542,33.21175766,31.85383987
17769,,33.21220016,31.85484123
17771,33.8195076,,
17772,,33.21329498,31.85737419
17774,33.82067108,,
17775,,33.21413422,31.85938835
17776,33.82168579,,
17777,33.82213593,33.21458817,31.8615303
17778,,33.21478271,31.86244583
17784,33.82513809,,
17785,33.82556534,33.21685028,31.86683464
17786,33.82596588,33.21715546,31.86725426
17787,,33.21749878,31.86763382
17788,33.82672882,,
17789,,33.21809387,31.86829376
17790,33.82746124,,
17791,33.82783127,33.21858215,31.86883354
17792,,33.21881866,31.86906624
17796,33.82948303,,
17797,,33.21987915,31.87001801
17798,33.83002472,,
17799,,33.22024536,31.87031937
17804,33.83143234,,
17805,,33.22147369,31.87102127
17808,33.83217621,,
17809,33.83232117,33.22200775,31.87131882
17810,,33.22211838,31.87138748
17811,33.83259583,,
17812,33.83275986,33.2223053,31.87150764
17813,,33.22240829,31.87156105
17816,33.8334198,,
17817,,33.22272873,31.87562943
17818,33.83382416,,
17819,,33.2228508,31.87773323
17821,33.83452606,,
17822,,33.22299576,31.88023186
17824,33.835186,,
17825,33.83538055,33.22311401,31.88210297
17826,,33.2231636,31.88261414
17827,33.83582687,,
17828,,33.22325897,31.88351822
17833,33.83726501,,
17834,33.83747864,33.22361374,31.88538933
17835,33.83768845,33.22367859,31.88561249
17836,,33.22373962,31.88581657
17837,33.83811188,,
17838,33.83831024,33.22385788,31.88617516
17839,33.83859253,33.22391129,31.88632774
17840,,33.22395706,31.88646317
17844,33.8408432,,
17845,,33.22429276,31.88696671
17847,33.8420639,,
17848,,33.22470093,31.88717842
17849,33.84274673,,
17850,,33.22507095,31.88729286
17851,33.84397888,,
17852,33.84451675,33.2254715,31.88739014
17853,,33.2256546,31.88744736
17856,33.84648895,,
17857,,33.22624588,31.88762665
17860,33.84793472,,
17861,,33.22688293,31.8877697
17862,33.84854507,,
17863,,33.22721481,31.88784599
17866,33.84959793,,
17867,33.84981155,33.22777176,31.88797379
17868,33.85005569,33.22800446,31.8880043
17869,33.85028458,33.22824097,31.88803291
17870,,33.22846603,31.88806152
17876,33.85159683,,
17877,,33.229702,31.88871765
17881,33.85272598,,
17882,,33.23060226,31.88915253
17883,33.85378647,,
17884,,33.23129654,31.8892746
17885,33.85471725,,
17886,,33.23189163,31.88937187
17889,33.85679245,,
17890,,33.23302078,31.88952255
17895,33.85967255,,
17896,,33.23430252,31.88966751
17898,33.86083221,,
17899,33.86117172,33.23483658,31.88972664
17900,33.86148834,33.23498917,31.88974953
17901,33.86181259,33.23513031,31.88976669
17902,,33.23526382,31.88978195
17903,33.8623848,,
17904,33.86283493,33.23570633,31.88981438
17905,,33.23600006,31.88983536
17906,33.86362839,,
17907,33.86399841,33.23656845,31.88987541
17908,,33.23692322,31.88989449
17912,33.86692047,,
17913,,33.23835373,31.88997459
17916,33.86896133,,
17917,,33.23933792,31.89005852
17922,33.87100983,,
17923,,33.2408905,31.89019394
17926,33.8723259,,
17927,,33.2416687,31.89025116
17936,33.87481689,,
17937,,33.24334717,31.89040947
17939,33.87561417,,
17940,,33.24416351,31.89054871
17941,33.87607574,,
17942,33.87630463,33.24459839,31.89069557
17943,33.87652588,33.24478531,31.89076233
17944,,33.24496078,31.89082146
17947,33.87736893,,
17948,33.87755203,33.24560165,31.89158249
17949,33.87804031,33.24583054,31.89215469
17950,33.87848282,33.24604034,31.89268112
17951,,33.24625015,31.89315414
17952,33.87931061,,
17953,33.87975311,33.24668503,31.89453697
17954,,33.24687576,31.89512825
17959,33.8818779,,
17960,33.88217163,33.24809647,31.89767838
17961,,33.24824524,31.89797974
17963,33.88290787,,
17964,,33.24868774,31.89880562
17967,33.88367081,,
17968,33.88383102,33.2491951,31.89959908
17969,,33.24931335,31.89975548
17972,33.88454819,,
17973,,33.24977875,31.90023804
17974,33.88532639,,
17975,33.88568878,33.2500267,31.90041542
17976,33.88602448,33.25017166,31.90098381
17977,,33.25030518,31.90149307
17978,33.88684082,,
17979,,33.25054169,31.90236282
17984,33.88924408,,
17985,33.88967514,33.25210571,31.90412903
17986,33.89007568,33.25266647,31.90433502
17987,,33.25317383,31.90452194
17989,33.89243317,,
17990,33.8932991,33.25445557,31.90498161
17991,33.89419937,33.25483322,31.90510941
17992,,33.25526428,31.90522385
17994,33.89642715,,
17995,,33.25658417,31.90550804
18000,33.89964676,,
18001,,33.25934219,31.90591812
18003,33.9010849,,
18004,,33.26036453,31.90608597
18008,33.9029274,,
18009,33.90326309,33.26165009,31.90629387
18010,,33.2618866,31.90638351
18011,33.90384674,,
18012,33.9041214,33.26229095,31.90670967
18013,,33.26246262,31.90686035
18015,33.90498352,,
18016,33.90528107,33.26293182,31.90747261
18017,33.90555954,33.26306915,31.90768242
18018,,33.26320267,31.90786934
18021,33.90644836,,
18022,,33.26353455,31.90833092
18023,33.9070282,,
18024,33.90732193,33.26371002,31.90857887
18025,,33.26379395,31.90868378
18029,33.90849304,,
18030,,33.26414108,31.90919685
18031,33.90886307,,
18032,33.90908051,33.26427078,31.90936089
18033,,33.26436996,31.9094429
18035,33.91033173,,
18036,,33.26468277,31.90966988
18038,33.91174316,,
18039,33.9121933,33.26493835,31.90993309
18040,33.9126091,33.26518631,31.91000748
18041,,33.26541138,31.91007614
18045,33.91433716,,
18046,,33.26626205,31.91033745
18047,33.91496658,,
18048,33.91543198,33.26652145,31.91064835
18049,,33.26667023,31.91077805
18050,33.91691208,,
18051,33.91773987,33.26692581,31.91100121
18052,,33.26704788,31.91109848
18054,33.91998291,,
18055,33.92069244,33.26740265,31.91133881
18056,,33.26750565,31.91140556
18058,33.92259216,,
18059,33.92317963,33.26776505,31.91157722
18060,,33.26783371,31.911623
18061,33.92422104,,
18062,33.92469788,33.26796341,31.91171646
18063,,33.26802826,31.91175652
18064,33.92566299,,
18065,,33.2681694,31.91182709
18066,33.92672729,,
18067,,33.2685051,31.9118824
18069,33.92824554,,
18070,33.92869186,33.26890182,31.91194725
18071,33.92920303,33.26903152,31.91196823
18072,33.92966461,33.26914978,31.91199112
18073,33.93008041,33.26926422,31.9120121
18074,33.93046951,33.26939774,31.91202927
18075,,33.26952362,31.91204643
18076,33.93115616,,
18077,,33.26974869,31.91207504
18081,33.93291473,,
18082,,33.2702179,31.91217995
18085,33.93466949,,
18086,,33.27056885,31.91229439
18087,33.93545914,,
18088,33.93581772,33.27074432,31.91234207
18089,,33.27082443,31.91236305
18092,33.93733597,,
18093,33.9376564,33.27126312,31.9124527
18094,,33.27137375,31.91248512
18097,33.93888092,,
18098,,33.27180862,31.91324997
18101,33.94030762,,
18102,,33.27248001,31.91459274
18103,33.9409523,,
18104,33.94124222,33.27293777,31.91507912
18105,,33.27321243,31.91528702
18109,33.94270325,,
18110,33.94298935,33.27431488,31.91608429
18111,33.94326782,33.27449799,31.91620636
18112,,33.27466583,31.91631508
18116,33.94447327,,
18117,33.9447937,33.27548218,31.91672897
18118,,33.27568817,31.91679192
18120,33.94577408,,
18121,33.94607925,33.27642822,31.91693878
18122,,33.27668762,31.91698074
18124,33.94687653,,
18125,,33.27734756,31.91709709
18126,33.94739532,,
18127,,33.2778244,31.91717529
18128,33.94803619,,
18129,33.9483757,33.27824402,31.91725731
18130,33.94869995,33.27843094,31.91789627
18131,33.94899368,33.27859497,31.91847801
18132,,33.27874756,31.91900444
18133,33.94961929,,
18134,,33.27904129,31.91989708
18135,33.95041656,,
18136,33.95085144,33.27954102,31.92061234
18137,,33.27986526,31.92092323
18140,33.95290375,,
18141,,33.28093338,31.9219017
18148,33.9587326,,
18149,33.9593544,33.28300476,31.92300415
18150,,33.28358841,31.9230957
18151,33.96044159,,
18152,,33.28460693,31.92325401
18154,33.9618721,,
18155,,33.28590393,31.92344093
18156,33.96293259,,
18157,,33.28672028,31.92355537
18158,33.96430588,,
18159,,33.28741074,31.92365265
18162,33.9664917,,
18163,,33.28849411,31.92428398
18164,33.967453,,
18165,,33.28891754,31.92451286
18169,33.96974945,,
18170,33.97016525,33.28968811,31.92493629
18171,33.97058868,33.28982544,31.9250164
18172,,33.28995132,31.92509842
18175,33.97224808,,
18176,33.97270966,33.2905159,31.92542458
18177,33.97326279,33.29065704,31.92549515
18178,33.97376633,33.2908287,31.92556572
18179,,33.29098129,31.92563248
18180,33.97465897,,
18181,33.9751091,33.29125214,31.92608833
18182,33.97614288,33.29138565,31.92644119
18183,33.9771347,33.29151154,31.92676735
18184,,33.29162216,31.92705917
18186,33.97967529,,
18187,,33.29206848,31.92777252
18192,33.98389816,,
18193,33.98456955,33.29319,31.92869377
18194,33.98517609,33.29333496,31.92880821
18195,,33.29346848,31.9289093
18196,33.98652649,,
18197,33.9871788,33.29369354,31.92908669
18198,,33.29379272,31.92916298
18199,33.98841858,,
18200,,33.2939682,31.92930412
18201,33.98946762,,
18202,33.98991776,33.29412079,31.92942429
18203,,33.29418564,31.92947769
18205,33.9911232,,
18206,,33.2943573,31.92961311
18210,33.99290466,,
18211,,33.29462051,31.92978096
18212,33.99359512,,
18213,,33.29470825,31.93000221
18218,33.99588013,,
18219,33.99622726,33.29491043,31.93049812
18220,33.99655533,33.29493713,31.93055534
18221,33.99688721,33.29496384,31.93062019
18222,33.99725723,33.2950592,31.93068314
18223,,33.29515076,31.93074226
18224,33.99793243,,
18225,,33.2953186,31.93084335
18228,33.9991188,,
18229,33.99939728,33.29560089,31.93100548
18230,,33.29566574,31.93104172
18231,33.99995422,,
18232,,33.29579163,31.93114662
18242,34.00368881,,
18243,34.00395203,33.29698563,31.93180275
18244,34.00421524,33.29722595,31.9318428
18245,,33.29743958,31.93188286
18249,34.00562286,,
18250,,33.29827118,31.93206978
18251,34.00617218,,
18252,34.00645828,33.29850388,31.93215179
18253,,33.29860306,31.93218613
18256,34.00742722,,
18257,34.00767517,33.29894257,31.93233871
18258,34.00804901,33.29901123,31.93238068
18259,,33.29907608,31.93242073
18261,34.0091362,,
18262,,33.299366,31.93254662
18264,34.0102005,,
18265,,33.29964447,31.93273163
18267,34.01135254,,
18268,,33.30089188,31.93295097
18270,34.01231384,,
18271,,33.30254745,31.93311691
18272,34.0129776,,
18273,34.01419067,33.30363464,31.93320465
18274,,33.30413818,31.93324471
18277,34.01807404,,
18278,34.01882172,33.3060112,31.93340492
18279,,33.30637741,31.93343925
18280,34.02015686,,
18281,34.02075195,33.3071785,31.93353653
18282,,33.3075943,31.9335804
18284,34.02225113,,
18285,34.02276611,33.30865097,31.93369865
18286,,33.3089447,31.93372536
18287,34.02370071,,
18288,,33.30945969,31.93379402
18293,34.02577591,,
18294,,33.31069565,31.93447876
18297,34.02713013,,
18298,34.02748108,33.31133652,31.93491554
18299,,33.31147385,31.93505478
18300,34.02812958,,
18301,,33.31176758,31.93528748
18303,34.02929306,,
18304,,33.31212234,31.93558502
18308,34.03107452,,
18309,34.0313797,33.31262207,31.93605614
18310,34.03166962,33.31272125,31.93612862
18311,34.03194046,33.31281662,31.93619728
18312,,33.31290436,31.93630409
18313,34.0324707,,
18314,,33.31377411,31.93648148
18315,34.03302765,,
18316,,33.31491852,31.93662262
18317,34.03356934,,
18318,34.03385925,33.31590652,31.93673515
18319,34.0341301,33.31635666,31.93679237
18320,,33.31676483,31.93684387
18322,34.03486252,,
18323,34.03508759,33.31780243,31.93696976
18324,34.03528976,33.31809616,31.93700027
18325,,33.31836319,31.93712044
18326,34.03565216,,
18327,34.03582382,33.31892014,31.93732452
18328,,33.31915665,31.93741417
18329,34.03616714,,
18330,34.03639603,33.31959534,31.93756676
18331,34.03661728,33.31978607,31.93763161
18332,,33.31996155,31.93769073
18335,34.03744888,,
18336,,33.32077026,31.93789673
18337,34.03780746,,
18338,34.03801346,33.32118225,31.93798828
18339,,33.32138443,31.93802261
18340,34.038414,,
18341,34.03863144,33.32196808,31.93810844
18342,,33.322258,31.93816757
18343,34.03904724,,
18344,34.03930283,33.32276154,31.93827438
18345,,33.32298279,31.93832207
18348,34.04068756,,
18349,,33.32368088,31.9386692
18350,34.04150391,,
18351,,33.32395554,31.93898201
18352,34.04242706,,
18353,,33.32419586,31.93925476
18355,34.04402542,,
18356,34.04460144,33.32470322,31.94053459
18357,34.04512405,33.32497025,31.94088554
18358,34.04562759,33.32521439,31.94120026
18359,,33.32543564,31.94153023
18360,34.04655075,,
18361,34.0470314,33.32582855,31.94244576
18362,,33.32600403,31.94299698
18367,34.05203247,,
18368,34.0530014,33.3274231,31.94535828
18369,34.05387497,33.32762146,31.94564247
18370,,33.32780457,31.94589806
18372,34.05623627,,
18373,,33.32830811,31.94653511
18374,34.05772018,,
18375,,33.32862854,31.94687462
18377,34.0595932,,
18378,,33.32937622,31.94726563
18379,34.06058502,,
18380,,33.32987976,31.9474659
18385,34.06277847,,
18386,,33.33108521,31.94789505
18387,34.06333923,,
18388,34.06372833,33.3313942,31.94800377
18389,34.06410217,33.33153152,31.94805145
18390,34.06444931,33.33166504,31.94809532
18391,34.064888,33.33178711,31.94813347
18392,,33.33189774,31.94816971
18395,34.06637192,,
18396,34.06669617,33.33231735,31.94831657
18397,,33.33241653,31.94834709
18399,34.06751633,,
18400,,33.33289719,31.94843674
18401,34.06797409,,
18402,,33.33320618,31.94851112
18404,34.06864929,,
18405,,33.33359146,31.94862366
18406,34.06907654,,
18407,,33.33381653,31.94869995
18408,34.06945801,,
18409,,33.33403397,31.94876862
18413,34.07077408,,
18414,34.071064,33.33480835,31.94915962
18415,,33.33494568,31.94924355
18418,34.07220078,,
18419,34.07278442,33.33547974,31.94948769
18420,34.07331085,33.33558273,31.94953537
18421,,33.33592224,31.94958305
18422,34.07429504,,
18423,,33.33652496,31.94967651
18425,34.07596207,,
18426,,33.33736038,31.94978523
18430,34.07907486,,
18431,,33.33850098,31.94992065
18437,34.08243561,,
18438,,33.33948898,31.95013428
18442,34.08437729,,
18443,,33.34060669,31.95028687
18445,34.08553314,,
18446,,33.34236145,31.95035362
18449,34.08682251,,
18450,,33.34401703,31.95041084
18453,34.08810043,,
18454,,33.34512711,31.9504509
18457,34.08966446,,
18458,34.09008026,33.34606171,31.95053101
18459,34.09047699,33.34632492,31.95055199
18460,34.09084702,33.34670258,31.95057487
18461,,33.3470459,31.95060158
18463,34.0917778,,
18464,34.09204865,33.34811401,31.95066643
18465,,33.34853745,31.95068169
18466,34.09254456,,
18467,,33.34962463,31.95070076
18472,34.09449387,,
18473,34.09489822,33.35324097,31.95077133
18474,,33.35389328,31.95078468
18475,34.09601974,,
18476,34.09656525,33.35504532,31.95079422
18477,,33.35572815,31.95079994
18478,34.09753799,,
18479,34.09797668,33.35702515,31.95080757
18480,,33.35759354,31.95081139
18481,34.09873581,,
18482,34.09906769,33.35858917,31.95082474
18483,34.09937668,33.3590126,31.95083237
18484,,33.35942841,31.95084381
18485,34.10018158,,
18486,,33.3601532,31.95087624
18487,34.10096359,,
18488,34.10131836,33.36077118,31.95092392
18489,34.10171509,33.36106873,31.95094299
18490,,33.3613472,31.95096016
18492,34.10290146,,
18493,34.10325241,33.36205292,31.95103073
18494,,33.3622551,31.95105171
18495,34.10396576,,
18496,34.10433197,33.36261749,31.95108414
18497,34.10467148,33.36278152,31.9510994
18498,,33.36297226,31.95111275
18499,34.10546494,,
18500,34.10595322,33.36346817,31.95119286
18501,34.10642624,33.36375427,31.95125389
18502,,33.36401749,31.95131302
18507,34.10896301,,
18508,34.10939407,33.36536407,31.95160103
18509,34.1097908,33.36556625,31.9516449
18510,34.11018372,33.36576843,31.95168495
18511,,33.3659668,31.95172501
18513,34.11147308,,
18514,,33.36666489,31.95221329
18516,34.11310959,,
18517,,33.37098312,31.9526825
18518,34.11468124,,
18519,,33.3732338,31.95292664
18520,34.11602402,,
18521,34.11662292,33.37508392,31.95400429
18522,,33.37587357,31.95487976
18524,34.11838913,,
18525,,33.3779335,31.95702171
18526,34.11936569,,
18527,34.11979294,33.37905884,31.9581356
18528,,33.37954712,31.95862961
18531,34.12123871,,
18532,34.12156296,33.38111877,31.96025658
18533,34.12189865,33.38143158,31.9605751
18534,34.12222672,33.38176727,31.96086311
18535,,33.382164,31.96112251
18537,34.12307358,,
18538,34.12332916,33.38315582,31.96178818
18539,34.12362289,33.38344193,31.96198082
18540,,33.38369751,31.9621582
18542,34.12436676,,
18543,,33.38436508,31.96266556
18545,34.12520218,,
18546,34.1254921,33.38505554,31.96308708
18547,,33.38527298,31.96343803
18548,34.12606049,,
18549,,33.38566208,31.96405029
18552,34.12736511,,
18553,,33.38637161,31.96557617
18556,34.1286087,,
18557,34.1288681,33.38709641,31.96666336
18558,34.12924194,33.38724136,31.96687889
18559,34.12958908,33.38737106,31.96706963
18560,,33.3874855,31.96724129
18562,34.1307106,,
18563,,33.38780975,31.96765518
18564,34.13163757,,
18565,,33.38801956,31.96787453
18566,34.13253021,,
18567,34.13303375,33.38821411,31.96807289
18568,,33.38832092,31.96815681
18570,34.13448334,,
18571,34.13492203,33.38875198,31.96835709
18572,34.1353302,33.38890457,31.96840858
18573,34.13570786,33.38906097,31.96845245
18574,,33.38922882,31.96849251
18576,34.1367836,,
18577,34.13726044,33.38986969,31.96860504
18578,,33.39012146,31.96864319
18579,34.1385994,,
18580,34.13933563,33.39058685,31.96870232
18581,,33.39081573,31.96873093
18582,34.14062119,,
18583,34.14118958,33.39122009,31.96878242
18584,34.14174271,33.3914032,31.96880531
18585,,33.39160919,31.9688282
18586,34.14311981,,
18587,,33.39196777,31.96886826
18588,34.14445877,,
18589,34.14505768,33.39236832,31.9689846
18590,,33.39255142,31.96903801
18593,34.14719009,,
18594,34.14765549,33.39322281,31.9692955
18595,34.14812469,33.39338684,31.96934319
18596,34.14855194,33.3935318,31.96938515
18597,34.14900589,33.39373398,31.96944427
18598,,33.3939209,31.9695015
18601,34.15095901,,
18602,,33.39534378,31.97027206
18606,34.15304947,,
18607,34.15343857,33.39783478,31.97132111
18608,34.15378952,33.39826584,31.9715519
18609,,33.39869308,31.97176743
18610,34.15444183,,
18611,,33.39945984,31.97214699
18613,34.15531921,,
18614,,33.40040207,31.97267914
18616,34.15610123,,
18617,34.1565361,33.40119934,31.97786713
18618,,33.4014473,31.97925758
18619,34.157341,,
18620,,33.40187073,31.98164749
18623,34.15866089,,
18624,34.15895081,33.4034462,31.98517799
18625,,33.40381622,31.98585701
18626,34.15949249,,
18627,,33.40445709,31.98701668
18630,34.16063309,,
18631,,33.40604019,31.9889164
18634,34.16187668,,
18635,,33.40797806,31.9902153
18636,34.16241074,,
18637,34.16265488,33.40898895,31.99073219
18638,34.16287994,33.40942383,31.99095154
18639,,33.40981674,31.99115562
18640,34.16332626,,
18641,,33.41051102,31.99150276
18644,34.16415405,,
18645,,33.41157532,31.99201012
18646,34.16451263,,
18647,34.16468048,33.41198349,31.99221802
18648,34.16486359,33.41220093,31.99231148
18649,,33.41241074,31.99239922
18650,34.16531754,,
18651,34.16553116,33.4127655,31.99254227
18652,,33.41317368,31.99260139
18656,34.16684723,,
18657,34.16723633,33.41477203,31.99286652
18658,,33.41501236,31.99291992
18659,34.16805649,,
18660,,33.41543961,31.99302483
18663,34.16970062,,
18664,,33.41607666,31.99323463
18667,34.17393112,,
18668,,33.41653442,31.99339294
18670,34.17685699,,
18671,34.17777252,33.41679382,31.99525452
18672,,33.41687393,31.99575615
18678,34.18362045,,
18679,34.18434143,33.4173317,31.99821854
18680,,33.41738129,31.99844551
18681,34.1856308,,
18682,34.18628311,33.41748047,31.99907494
18683,34.18700027,33.41752243,31.99934578
18684,,33.41756058,31.99958992
18685,34.18826294,,
18686,34.18880844,33.41812134,32.00000763
18687,34.18930435,33.41854858,32.00018692
18688,,33.41893387,32.00034714
18689,34.19060898,,
18690,34.19118118,33.42049789,32.00061798
18691,,33.42159653,32.00072479
18692,34.19220352,,
18693,,33.42361069,32.0009346
18694,34.19322205,,
18695,,33.42569733,32.00110245
18700,34.19595718,,
18701,,33.43349075,32.00154877
18703,34.19703674,,
18704,,33.43652725,32.00169373
18708,34.19855499,,
18709,,33.44000626,32.00186539
18712,34.19947433,,
18713,,33.44216537,32.00198746
18715,34.20014954,,
18716,,33.44339371,32.00210953
18717,34.20059967,,
18718,34.20080566,33.44404221,32.00217819
18719,,33.44432449,32.0022049
18722,34.20166397,,
18723,34.20187759,33.44523621,32.00232697
18724,,33.44541931,32.00239182
18726,34.2025528,,
18727,,33.44590378,32.00255966
18728,34.20296097,,
18729,,33.44615173,32.00267029
18734,34.20597458,,
18735,34.2064476,33.44696808,32.00315475
18736,,33.44715881,32.00323486
18738,34.2076683,,
18739,,33.4476738,32.00342941
18746,34.21094131,,
18747,34.21144867,33.44863892,32.00448608
18748,34.21194458,33.44873428,32.00472641
18749,,33.44882965,32.00494385
18751,34.21322632,,
18752,34.21357727,33.44906616,32.00548553
18753,,33.44915771,32.00566101
18755,34.21474838,,
18756,,33.44939423,32.00611877
18757,34.21588516,,
18758,34.21644211,33.44963837,32.0063591
18759,,33.44975281,32.00646591
18761,34.21792984,,
18762,34.21841049,33.45008087,32.00673676
18763,,33.45017242,32.00680923
18766,34.22017288,,
18767,,33.45082855,32.00705338
18768,34.22100449,,
18769,,33.45113373,32.0071373
18774,34.2234726,,
18775,34.22385788,33.45195007,32.00734711
18776,34.22426224,33.45206833,32.0074501
18777,,33.45217896,32.00754547
18780,34.22570801,,
18781,,33.45267487,32.00875092
18787,34.22917938,,
18788,,33.45350266,32.01118469
18795,34.23241806,,
18796,34.23286819,33.45484543,32.01261139
18797,,33.45497131,32.01276779
18800,34.23448181,,
18801,,33.45550537,32.01378632
18802,34.23534393,,
18803,,33.45577621,32.01417542
18805,34.23654556,,
18806,,33.4561348,32.01470566
18809,34.23886871,,
18810,,33.45651627,32.01518631
18820,34.24782181,,
18821,34.24870682,33.45738602,32.01631165
18822,34.2495079,33.45744705,32.01647949
18823,,33.45749664,32.01663589
18824,34.25093842,,
18825,34.25169373,33.45759583,32.01691437
18826,,33.45764542,32.01704025
18832,34.25563812,,
18833,34.25608444,33.45794678,32.01770401
18834,,33.45798492,32.01776505
18836,34.25733566,,
18837,,33.45859146,32.01790619
18841,34.25883102,,
18842,34.25905609,33.45973206,32.01811981
18843,,33.45990753,32.01815414
18844,34.2595253,,
18845,,33.46024323,32.01821518
18849,34.26058197,,
18850,,33.46102905,32.01831818
18851,34.26094055,,
18852,34.26109695,33.46139526,32.01833725
18853,,33.46155548,32.01834869
18854,34.2613945,,
18855,34.26156616,33.46213913,32.01836014
18856,,33.46253967,32.01836777
18860,34.26235199,,
18861,34.2625351,33.46404266,32.01853561
18862,34.26272964,33.46426392,32.01865387
18863,,33.46446991,32.01876068
18864,34.26318359,,
18865,34.2634201,33.46482468,32.0189476
18866,34.26366425,33.46497726,32.01902771
18867,,33.46511841,32.01910019
18868,34.26412582,,
18869,34.26434708,33.46536636,32.01921463
18870,,33.46548462,32.01926422
18873,34.26519394,,
18874,34.26541138,33.46594238,32.02000046
18875,34.265625,33.46603775,32.02054596
18876,,33.466259,32.02104568
18880,34.26769257,,
18881,34.26805496,33.46740723,32.02291107
18882,,33.46760178,32.02317429
18885,34.26988602,,
18886,34.27035904,33.46870041,32.02402878
18887,,33.46900177,32.02419662
18888,34.27133942,,
18889,,33.46956253,32.02457428
18894,34.27508926,,
18895,,33.47132111,32.0255394
18897,34.27671051,,
18898,34.27718735,33.47210312,32.02586746
18899,,33.47232819,32.02596283
18901,34.27848053,,
18902,,33.47293854,32.02620697
18907,34.28113937,,
18908,34.28155136,33.47383881,32.02654648
18909,,33.47394943,32.02659607
18910,34.28239059,,
18911,,33.47416687,32.02668381
18918,34.28587341,,
18919,,33.47485733,32.02691269
18920,34.28644943,,
18921,34.28681564,33.47499466,32.02696228
18922,,33.47506714,32.02698517
18928,34.28977966,,
18929,,33.47622681,32.02708817
18935,34.29171753,,
18936,,33.47740936,32.02738953
18941,34.29382706,,
18942,34.29442978,33.47851563,32.02757645
18943,,33.47870636,32.02761078
18947,34.29686356,,
18948,,33.48001862,32.02893448
18952,34.29905701,,
18953,,33.4811058,32.03077316
18954,34.2998085,,
18955,,33.48145676,32.03132629
18956,34.30044937,,
18957,,33.48176956,32.03177261
18959,34.30156326,,
18960,,33.48225021,32.03228378
18963,34.30344391,,
18964,34.30386353,33.48314285,32.03276825
18965,34.30427551,33.48340225,32.03287125
18966,,33.48363876,32.0329628
18967,34.30512619,,
18968,34.3055191,33.48404694,32.03313065
18969,,33.48422241,32.03319931
18971,34.3065567,,
18972,,33.48466492,32.03336716
18977,34.30833054,,
18978,,33.4853363,32.03384781
18979,34.3091011,,
18980,,33.48559189,32.03398132
18981,34.30975723,,
18982,34.31005096,33.48591614,32.03410339
18983,,33.48608017,32.03415298
18988,34.31194687,,
18989,,33.4870491,32.03445435
18991,34.3130188,,
18992,34.31338501,33.48754501,32.03464508
18993,,33.48770523,32.03470993
18994,34.31407166,,
18995,,33.48800278,32.03482819
18996,34.31468964,,
18997,34.31497192,33.48830795,32.03492355
18998,,33.48846054,32.03496933
18999,34.31547928,,
19000,,33.4887619,32.03504562
19003,34.31641388,,
19004,34.31663513,33.48989105,32.03535843
19005,34.31690598,33.4901123,32.03543091
19006,,33.49030685,32.03549576
19013,34.31892014,,
19014,,33.49163818,32.03616333
19015,34.31953049,,
19016,,33.49188995,32.03643417
19018,34.3205719,,
19019,34.32091522,33.49222565,32.03726578
19020,34.32125092,33.49233627,32.03756714
19021,,33.49244308,32.03783798
19022,34.32156372,,
19023,,33.49253845,32.03808212
19027,34.32330322,,
19028,34.32361603,33.49386215,32.03911972
19029,34.3239212,33.49430466,32.03939819
19030,34.32420731,33.49470901,32.03964996
19031,,33.49507523,32.03987503
19037,34.32719803,,
19038,34.32787323,33.497509,32.0409584
19039,34.32849121,33.49786377,32.04106522
19040,,33.49818039,32.04117203
19046,34.33182526,,
19047,34.33219528,33.49992371,32.0421257
19048,,33.50022888,32.04224777
19049,34.33288574,,
19050,34.33320236,33.50081253,32.04257202
19051,,33.50107193,32.04279709
19054,34.33571243,,
19055,34.33695984,33.5021019,32.04350662
19056,,33.50234985,32.04365158
19057,34.33929443,,
19058,,33.50277328,32.04389572
19062,34.34402084,,
19063,,33.50356293,32.04442215
19064,34.34548187,,
19065,34.34612274,33.50380325,32.04470062
19066,,33.50396347,32.04482269
19068,34.34795761,,
19069,,33.50443649,32.04512787
19070,34.34897614,,
19071,34.34941483,33.5047493,32.04529572
19072,,33.50488281,32.04537201
19073,34.35052872,,
19074,,33.5055542,32.04550552
19075,34.35157013,,
19076,,33.50650787,32.045784
19079,34.35354233,,
19080,,33.5080452,32.0462265
19083,34.35523224,,
19084,,33.50920868,32.04652405
19085,34.35604858,,
19086,34.35644531,33.50967026,32.0466423
19087,34.35687256,33.50987625,32.04669952
19088,34.35732651,33.51005936,32.0467453
19089,34.35774231,33.51031494,32.04681396
19090,,33.51054764,32.04687881
19095,34.36034393,,
19096,,33.51450348,32.04737091
19098,34.36140823,,
19099,34.36172485,33.51599884,32.04790878
19100,34.36201859,33.51644897,32.04805756
19101,34.36230087,33.51686478,32.04818726
19102,,33.51724243,32.04830933
19103,34.36300278,,
19104,,33.51792526,32.04853058
19106,34.36393738,,
19107,34.36423492,33.51877594,32.04893112
19108,34.36450958,33.51902008,32.04904938
19109,,33.51924896,32.04915619
19111,34.36526871,,
19112,34.36548233,33.51989746,32.04944611
19113,34.36567688,33.52009201,32.04953003
19114,34.36589432,33.52027512,32.04960251
19115,34.3660965,33.52044296,32.04966354
19116,,33.52059174,32.04972076
19117,34.36658478,,
19118,,33.52084351,32.04983139
19120,34.36726379,,
19121,,33.52115631,32.0500145
19122,34.36797333,,
19123,,33.52134323,32.0501442
19126,34.37026978,,
19127,,33.52202225,32.05035019
19132,34.37344742,,
19133,34.37397385,33.52277374,32.05078125
19134,34.3744545,33.52287292,32.05089569
19135,34.37496185,33.52296829,32.05100632
19136,34.3754158,33.52305603,32.0511055
19137,34.37582397,33.52313614,32.05119705
19138,,33.52323532,32.05127716
19140,34.37692261,,
19141,,33.52358627,32.05320358
19142,34.37760162,,
19143,,33.52377319,32.05622482
19145,34.37850571,,
19146,,33.52401733,32.05978394
19150,34.38026428,,
19151,34.38054276,33.52455902,32.06405258
19152,,33.52471924,32.06467819
19154,34.38150024,,
19155,,33.52633286,32.0662117
19157,34.38261414,,
19158,34.38295364,33.52801895,32.06734085
19159,34.383255,33.52848434,32.06764984
19160,,33.52890778,32.06792831
19161,34.38378525,,
19162,34.3840332,33.52964783,32.06839371
19163,,33.52996826,32.06858826
19164,34.38467789,,
19165,,33.53068161,32.06898499
19166,34.38527298,,
19167,,33.53142929,32.06933212
19169,34.38604736,,
19170,,33.53231049,32.06975555
19171,34.38657761,,
19172,,33.5328064,32.06997299
19173,34.38702774,,
19174,34.38723755,33.53322601,32.0701561
19175,34.38763809,33.53340912,32.07022858
19176,,33.53357697,32.07029724
19178,34.3886795,,
19179,,33.53400421,32.07047272
19182,34.38995743,,
19183,34.39023209,33.53446198,32.07064819
19184,,33.53455353,32.07068253
19188,34.3915863,,
19189,,33.53517151,32.07084274
19190,34.39208984,,
19191,34.39232635,33.53545761,32.07087708
19192,,33.53562927,32.07088852
19195,34.39404297,,
19196,34.39456177,33.53626633,32.07089233
19197,,33.53646469,32.07088852
19198,34.39547729,,
19199,,33.53682709,32.0708847
19202,34.39690399,,
19203,34.39731979,33.53764343,32.07089615
19204,,33.5378685,32.07090759
19206,34.39864349,,
19207,34.39904404,33.53842545,32.07094193
19208,,33.53859711,32.0709877
19212,34.4034462,,
19213,34.40417862,33.53924179,32.07120132
19214,34.40485382,33.53934097,32.07126236
19215,34.40547562,33.53944778,32.07131577
19216,,33.53954697,32.07136536
19222,34.40950394,,
19223,,33.54030228,32.07186508
19226,34.41163254,,
19227,34.41220474,33.5407753,32.07210541
19228,34.41278076,33.540905,32.07216263
19229,,33.54102325,32.07221603
19234,34.41567612,,
19235,34.41607285,33.54159546,32.07248688
19236,,33.5416832,32.0725174
19237,34.41691208,,
19238,,33.54182816,32.07270432
19240,34.4180069,,
19241,,33.54210663,32.07309341
19243,34.4190979,,
19244,,33.54244232,32.07338715
19246,34.42024612,,
19247,,33.54310226,32.07384491
19248,34.42107773,,
19249,,33.54354095,32.07413864
19250,34.42202759,,
19251,,33.54395294,32.07437134
19252,34.42282867,,
19253,34.42320251,33.54436111,32.07456589
19254,,33.54455566,32.0749054
19264,34.42795944,,
19265,,33.5475235,32.07749176
19266,34.42879486,,
19267,34.42916107,33.54973221,32.07800293
19268,,33.55068588,32.07827759
19271,34.43199539,,
19272,,33.55392456,32.07918167
19273,34.43313599,,
19274,34.43365097,33.55529404,32.0795784
19275,,33.55589294,32.07974625
19276,34.43455124,,
19277,,33.55693054,32.08003235
19281,34.43683624,,
19282,,33.55883789,32.08063507
19283,34.43798065,,
19284,,33.55940628,32.08081055
19286,34.43959808,,
19287,34.44011688,33.56008911,32.08102036
19288,,33.5602951,32.08106995
19296,34.44488525,,
19297,34.44540405,33.56184387,32.08169556
19298,34.44594193,33.56197357,32.08176422
19299,34.44674683,33.56209183,32.08184052
19300,34.44749069,33.56221008,32.08191681
19301,34.44816589,33.56232071,32.0819931
19302,34.44880295,33.56245041,32.08206177
19303,34.44939041,33.56257629,32.08213043
19304,,33.56269073,32.08219147
19307,34.45137787,,
19308,,33.56404877,32.0824852
19312,34.45342636,,
19313,34.45381546,33.56531143,32.08274841
19314,,33.56549835,32.08279037
19315,34.45470047,,
19316,,33.56582642,32.08287048
19317,34.45558929,,
19318,34.45597458,33.56615829,32.08293533
19319,34.45634842,33.56633759,32.08296585
19320,,33.5664978,32.08299637
19321,34.45712662,,
19322,,33.56679535,32.08304214
19323,34.45783615,,
19324,,33.56705856,32.08314514
19325,34.45843124,,
19326,34.45868301,33.56728745,32.08322525
19327,34.45891571,33.56740952,32.0832634
19328,,33.56755066,32.08329773
19330,34.45983124,,
19331,,33.56791306,32.08340073
19338,34.46212006,,
19339,34.46234512,33.56869888,32.08584976
19340,34.46255493,33.56879044,32.08625793
19341,,33.56889343,32.08662033
19342,34.46342468,,
19343,,33.56943512,32.08724213
19347,34.4670105,,
19348,,33.57117081,32.08840561
19351,34.46966553,,
19352,34.47026443,33.57223511,32.08899307
19353,,33.57244873,32.08911133
19357,34.47290421,,
19358,34.47337723,33.57334518,32.08959579
19359,,33.57372284,32.08969498
19360,34.47420883,,
19361,,33.57465744,32.08987808
19362,34.47535706,,
19363,34.47593307,33.57555389,32.09002304
19364,34.47645569,33.57593536,32.09009171
19365,34.47692871,33.5762825,32.091362
19366,,33.57659912,32.09250641
19367,34.47779083,,
19368,,33.57723999,32.09447098
19369,34.47854614,,
19370,,33.57798386,32.09605789
19379,34.48214722,,
19380,34.48245621,33.58068466,32.10067368
19381,,33.58084869,32.10100937
19387,34.48423767,,
19388,,33.58169556,32.1026268
19390,34.4849472,,
19391,34.48516083,33.58197021,32.10307312
19392,,33.58204651,32.10320663
19395,34.48627472,,
19396,,33.58234787,32.10414505
19398,34.48765564,,
19399,,33.58251572,32.10521317
19400,34.48912811,,
19401,34.48978806,33.58313751,32.1057663
19402,,33.58344269,32.10601044
19403,34.49094772,,
19404,,33.58398056,32.10643768
19405,34.49195862,,
19406,,33.58465195,32.10678101
19408,34.49341202,,
19409,,33.58559036,32.10719299
19410,34.49432373,,
19411,,33.58611679,32.10745621
19412,34.49512482,,
19413,,33.58655548,32.10771942
19415,34.49607468,,
19416,,33.58717728,32.10800934
19419,34.49721909,,
19420,34.49749374,33.58791351,32.10838699
19421,,33.58810425,32.10847092
19423,34.49847031,,
19424,,33.58862686,32.10867691
19425,34.49935913,,
19426,34.49974442,33.58892441,32.10879517
19427,,33.58905792,32.10888672
19432,34.50304794,,
19433,,33.59009552,32.10928345
19435,34.50483704,,
19436,,33.5905838,32.10940552
19439,34.5084877,,
19440,,33.59140015,32.10951996
19443,34.51150131,,
19444,,33.592453,32.10970306
19445,34.5127449,,
19446,,33.59286499,32.10978317
19450,34.51526642,,
19451,,33.59367752,32.10990143
19457,34.51895523,,
19458,34.51932144,33.59554291,32.10996246
19459,,33.5958252,32.10997391
19460,34.51996613,,
19461,,33.59647751,32.11000443
19462,34.52053833,,
19463,34.52079391,33.597229,32.11006927
19464,,33.59758377,32.11009598
19467,34.52183914,,
19468,,33.59982681,32.11016846
19469,34.5222702,,
19470,34.52245712,33.6008873,32.11018753
19471,,33.60140228,32.11019135
19472,34.52283096,,
19473,,33.60230637,32.1102066
19475,34.5235939,,
19476,,33.60339355,32.11023331
19477,34.52423096,,
19478,34.52452469,33.60574341,32.11025238
19479,,33.60680389,32.11026001
19481,34.52563858,,
19482,34.52596664,33.60939026,32.1104126
19483,34.52626419,33.61016464,32.11053085
19484,34.52654648,33.61085892,32.11063766
19485,,33.61148834,32.11074066
19491,34.52839279,,
19492,34.52863693,33.61449814,32.11124802
19493,,33.6147728,32.11129379
19494,34.52907181,,
19495,,33.61527252,32.1113739
19498,34.52986908,,
19499,34.53004837,33.61600113,32.11161804
19500,34.53024673,33.61613846,32.11166382
19501,,33.61626434,32.11170959
19502,34.53060913,,
19503,34.53078461,33.61649323,32.1122551
19504,34.53100586,33.61659622,32.11248779
19505,34.53120804,33.61669159,32.1126976
19506,34.53142929,33.61677933,32.11288834
19507,34.5316391,33.61685562,32.11306763
19508,34.53186035,33.61692429,32.11323166
19509,34.53207397,33.61698151,32.11338043
19510,,33.61703873,32.11351776
19515,34.53398132,,
19516,,33.61745071,32.11432266
19518,34.53505707,,
19519,,33.61767197,32.11486816
19523,34.53696823,,
19524,,33.617939,32.11584473
19526,34.53839874,,
19527,,33.61808014,32.1171875
19528,34.53995514,,
19529,,33.61818695,32.11809921
19530,34.54158783,,
19531,,33.61832809,32.11906815
19532,34.54322433,,
19533,34.5439415,33.61845779,32.12005615
19534,,33.61851883,32.12049103
19536,34.54597473,,
19537,34.54660034,33.61868286,32.12155914
19538,34.54717255,33.61873627,32.12185287
19539,,33.61878204,32.12219238
19540,34.54843903,,
19541,34.54899216,33.61886978,32.12277985
19542,,33.61890793,32.12303162
19547,34.55171967,,
19548,34.55209351,33.6191864,32.12413788
19549,,33.61922073,32.12427139
19550,34.55278778,,
19551,,33.61930847,32.12449646
19558,34.5621109,,
19559,,33.61961746,32.12504959
19560,34.56400681,,
19561,34.56483459,33.61975098,32.12513733
19562,,33.61981201,32.12517548
19567,34.56864929,,
19568,34.5691452,33.62024307,32.12574005
19569,,33.62034988,32.1258316
19572,34.57087326,,
19573,34.57122803,33.62070084,32.12638092
19574,,33.62077713,32.12649918
19576,34.57219315,,
19577,34.57252121,33.62253189,32.12683868
19578,,33.62307358,32.12696075
19579,34.57313156,,
19580,,33.62408066,32.12717056
19583,34.5747261,,
19584,,33.62559128,32.12748718
19586,34.57644653,,
19587,34.57693863,33.62660217,32.12771988
19588,34.57770157,33.62698746,32.12778473
19589,,33.62734222,32.12784576
19591,34.57964706,,
19592,,33.6281929,32.12800217
19594,34.5812645,,
19595,,33.62886429,32.12812424
19596,34.58211517,,
19597,34.58248901,33.6292305,32.12818909
19598,,33.62939453,32.1282196
19600,34.58350372,,
19601,34.58381653,33.62997437,32.12836075
19602,,33.63017654,32.12841797
19607,34.58558655,,
19608,,33.63225937,32.12865448
19610,34.58626938,,
19611,,33.63309479,32.1287384
19614,34.58703232,,
19615,,33.63444138,32.12958908
19616,34.58756638,,
19617,,33.63497925,32.13024521
19620,34.58889771,,
19621,,33.6358223,32.13121796
19627,34.59164047,,
19628,,33.63758469,32.13220596
19631,34.59418488,,
19632,34.59469604,33.6384964,32.13256073
19633,34.59517288,33.63877106,32.13263702
19634,,33.63902664,32.13270569
19636,34.59649658,,
19637,,33.63998413,32.13291168
19644,34.59941483,,
19645,,33.64206314,32.13349152
19647,34.60031891,,
19648,,33.64275742,32.13380814
19650,34.60102844,,
19651,34.60128784,33.64347076,32.13415909
19652,34.60152435,33.64366531,32.13425446
19653,,33.6438446,32.13433838
19655,34.60213089,,
19656,,33.64442444,32.13468552
19657,34.60303116,,
19658,,33.64480209,32.13490295
19659,34.60381699,,
19660,34.60417557,33.64510727,32.13508224
19661,34.60451508,33.64523697,32.13516235
19662,,33.64538193,32.13523483
19663,34.60511398,,
19664,,33.64565659,32.13536453
19666,34.60589981,,
19667,34.60621262,33.6467247,32.13580704
19668,,33.64713669,32.13597488
19673,34.60825729,,
19674,34.60863495,33.64925385,32.13673782
19675,34.60898972,33.64953613,32.13682556
19676,34.60938644,33.64982605,32.13694382
19677,,33.65009308,32.13705063
19681,34.61215591,,
19682,,33.65169525,32.14339066
19684,34.61376572,,
19685,,33.65282822,32.14587021
19686,34.61462021,,
19687,,33.65346527,32.14715195
19688,34.61539078,,
19689,,33.6540184,32.14897919
19692,34.61756134,,
19693,34.61806107,33.65496826,32.15262985
19694,,33.65517807,32.15332794
19696,34.61937714,,
19697,,33.65590286,32.15511703
19698,34.62014389,,
19699,34.62053299,33.65651703,32.15620422
19700,,33.65679169,32.1566658
19701,34.62122345,,
19702,,33.65727997,32.15746689
19703,34.6218338,,
19704,,33.6577034,32.15812302
19705,34.62233353,,
19706,34.62255478,33.65813065,32.15885544
19707,,33.65830994,32.15922546
19708,34.62308502,,
19709,34.62334824,33.65865326,32.15988541
19710,34.62365723,33.65880585,32.16016769
19711,34.62394333,33.65895844,32.16047287
19712,,33.65909576,32.16074753
19713,34.62448883,,
19714,34.62474442,33.65935135,32.16122437
19715,,33.6594696,32.16143036
19716,34.62533569,,
19717,,33.66083527,32.16189957
19718,34.62595749,,
19719,34.62623596,33.66214371,32.16238022
19720,34.62667847,33.66271973,32.16259384
19721,,33.66324234,32.16278458
19726,34.63043594,,
19727,,33.66569901,32.16561508
19729,34.63182831,,
19730,34.63225937,33.66656113,32.16927338
19731,34.63267517,33.66680527,32.17026138
19732,,33.66702652,32.17114639
19734,34.6339798,,
19735,,33.66764832,32.17335129
19736,34.63480759,,
19737,,33.66811371,32.17449188
19738,34.63550949,,
19739,34.6358223,33.66863251,32.17542648
19740,,33.66885757,32.17582321
19742,34.63668442,,
19743,34.63692474,33.66942215,32.17680359
19744,34.63715744,33.66956711,32.17707062
19745,34.63778305,33.66970444,32.17731857
19746,,33.66983414,32.17754364
19747,34.63897705,,
19748,,33.67009735,32.17792892
19754,34.64226913,,
19755,,33.67135239,32.17877197
19756,34.64291382,,
19757,34.64322281,33.67211914,32.17895889
19758,34.6435051,33.67340088,32.17905426
19759,,33.67457581,32.17913437
19761,34.64427948,,
19762,,33.67794418,32.17933655
19763,34.64474487,,
19764,34.64495087,33.68021011,32.17944336
19765,,33.68125153,32.17948532
19767,34.64546967,,
19768,34.64562225,33.68428421,32.17957687
19769,,33.68526459,32.17960358
19770,34.6459198,,
19771,,33.68703461,32.17965317
19773,34.64653015,,
19774,34.64676285,33.68921661,32.18058014
19775,,33.68981934,32.18157578
19777,34.6475029,,
19778,34.64774704,33.69131851,32.18399811
19779,,33.69177246,32.18465042
19783,34.65349579,,
19784,34.65434265,33.69360352,32.18706131
19785,,33.69387817,32.18741226
19792,34.65969086,,
19793,,33.69559097,32.18931198
19797,34.66186523,,
19798,34.66224289,33.69642639,32.19011307
19799,34.66259766,33.69658661,32.19024277
19800,,33.6967392,32.19035339
19801,34.66323853,,
19802,34.66353607,33.6971817,32.19128036
19803,34.6638031,33.69758224,32.19167709
19804,,33.69794083,32.19203949
19805,34.66429901,,
19806,,33.69867706,32.19270706
19807,34.66474533,,
19808,34.66493988,33.69941711,32.19329071
19809,34.66511917,33.6998291,32.19353867
19810,,33.70020676,32.19376755
19813,34.66599655,,
19814,,33.70146561,32.19448853
19818,34.66693497,,
19819,34.66717529,33.70254517,32.19506836
19820,,33.70272827,32.19515228
19821,34.66769791,,
19822,,33.70306015,32.19529724
19825,34.66927338,,
19826,34.66975403,33.7036438,32.19578171
19827,,33.70378494,32.19602585
19830,34.67143631,,
19831,,33.70433807,32.19687271
19835,34.67379761,,
19836,,33.70491028,32.19760513
19837,34.67507172,,
19838,,33.70512772,32.19782257
19843,34.67828751,,
19844,,33.705616,32.19852829
19846,34.67940521,,
19847,34.67973709,33.70581818,32.19881439
19848,34.68004608,33.7058754,32.1988945
19849,,33.70592499,32.19896698
19851,34.68083572,,
19852,,33.70608902,32.19915771
19861,34.68297577,,
19862,34.68321991,33.70737457,32.19947052
19863,34.68347549,33.70749283,32.19948959
19864,34.68371964,33.70760345,32.19950867
19865,34.6839447,33.70770645,32.19953156
19866,,33.70780182,32.19954681
19869,34.68508148,,
19870,34.68540192,33.70816422,32.19960022
19871,,33.70825958,32.19961166
19872,34.68597794,,
19873,,33.7084198,32.19963455
19882,34.68794632,,
19883,,33.70907211,32.19981384
19884,34.68848801,,
19885,,33.70920563,32.19985962
19887,34.68944168,,
19888,34.6897049,33.70947647,32.19990921
19889,,33.70956802,32.19992828
19890,34.69039536,,
19891,34.6907692,33.7097435,32.19995499
19892,34.69110489,33.70982742,32.19997025
19893,34.69142151,33.70990372,32.19998169
19894,,33.70998001,32.19999695
19895,34.6919899,,
19896,34.69226837,33.71012115,32.20003128
19897,34.69258881,33.71018982,32.20005035
19898,,33.71024704,32.20006561
19899,34.69316864,,
19900,,33.71034241,32.2000885
19901,34.69368362,,
19902,,33.71042252,32.20010376
19904,34.69441986,,
19905,34.69466782,33.71060181,32.20013046
19906,,33.71070099,32.20014572
19907,34.69515228,,
19908,,33.71088791,32.20017242
19909,34.69556046,,
19910,,33.71109009,32.20021057
19912,34.69664001,,
19913,,33.71136856,32.20034027
19914,34.69725418,,
19915,34.6975174,33.71158981,32.20041275
19916,34.69781113,33.71168518,32.20044708
19917,,33.71177292,32.2004776
19918,34.69842529,,
19919,34.69869995,33.71192551,32.20053101
19920,34.69896317,33.71199799,32.20058441
19921,,33.71208572,32.20063019
19923,34.69979477,,
19924,,33.71245575,32.20087051
19925,34.70035172,,
19926,34.70066452,33.71268082,32.2010498
19927,34.70095825,33.71277618,32.20112991
19928,34.70125198,33.71286392,32.20119858
19929,34.70152283,33.71298981,32.20126343
19930,34.70178223,33.71310425,32.20132446
19931,,33.71323395,32.20137787
19932,34.70235062,,
19933,,33.71349716,32.20147324
19935,34.70307922,,
19936,,33.71405792,32.20159531
19937,34.70351028,,
19938,,33.71442795,32.20166397
19939,34.70398331,,
19940,,33.71478653,32.20171738
19942,34.70479584,,
19943,,33.71519852,32.20178223
19945,34.70611572,,
19946,,33.71759033,32.20183182
19949,34.70856857,,
19950,,33.72094345,32.20187378
19952,34.71030807,,
19953,34.71098328,33.72289276,32.20203018
19954,,33.72354889,32.20209122
19955,34.7123909,,
19956,,33.72469711,32.20220566
19958,34.7193718,,
19959,,33.72610855,32.20233536
19960,34.72299194,,
19961,,33.72684097,32.20241547
19962,34.72597122,,
19963,,33.72745132,32.20249939
19965,34.72951508,,
19966,,33.72852325,32.20259857
19969,34.73288727,,
19970,,33.72968674,32.20272446
19975,34.73604202,,
19976,34.73642349,33.73086548,32.20357895
19977,34.73677444,33.73101807,32.2036972
19978,,33.7311554,32.20380783
19980,34.73766327,,
19981,,33.73160553,32.2040863
19983,34.73835754,,
19984,,33.73217773,32.20430756
19988,34.73919296,,
19989,,33.73297882,32.20465469
19996,34.74106979,,
19997,,33.73405075,32.20530319
19998,34.74152374,,
19999,,33.73427582,32.20558548
20001,34.74211884,,
20002,,33.73457336,32.20610428
20003,34.74249649,,
20004,34.74268723,33.73475647,32.2064743
20005,34.74294662,33.73486328,32.20663452
20006,34.74318695,33.73496246,32.20678329
20007,34.74343491,33.73508453,32.20692062
20008,,33.73519897,32.20704269
20009,34.74393082,,
20010,,33.73583984,32.20728683
20011,34.7446785,,
20012,34.74503708,33.73675537,32.20753479
20013,,33.73719788,32.20764542
20016,34.74616241,,
20017,,33.73861313,32.20800781
20024,34.74807358,,
20025,34.74834824,,
20026,34.74860001,33.74065781,32.20849609
20027,,33.74107742,32.20854187
20028,34.74905014,33.74198532,32.20858383
20029,34.74925232,,
20030,,33.74365997,32.20866394
20031,,33.7443924,32.20888138
20033,34.74991989,,
20035,34.7509346,33.74725342,32.2095871
20037,,33.74893188,32.20995712
20038,34.75255203,,
20040,,33.75088882,32.21106339
20041,34.75407028,,
20042,34.75457382,,
20043,,33.75261307,32.21214294
20044,,33.7531662,32.21243668
20048,34.75715256,,
20049,34.75750732,,
20050,,33.75568008,32.21367264
20051,34.75811386,33.75599289,32.2138176
20053,,33.75652313,32.21407318
20054,34.75891495,,
20055,34.75915527,,
20056,,33.75715637,32.21438599
20057,,33.75732803,32.21447754
20058,34.75984955,,
20060,,33.75775146,32.21471024
20062,34.76089859,,
20063,34.76138687,,
20064,34.76182938,33.75817108,32.21494675
20065,34.76223373,33.758255,32.21500015
20066,,33.75835037,32.21504974
20067,,33.75843811,32.21509552
20069,34.76354599,,
20071,,33.75870132,32.21529007
20072,34.76426697,,
20074,,33.75918961,32.21544647
20076,34.76508713,,
20077,34.76532745,,
20078,,33.75993347,32.21585846
20079,,33.76008606,32.21595383
20081,34.76613235,,
20083,,33.76077652,32.21642303
20085,34.76672363,,
20086,34.7668457,,
20087,34.76696777,33.76147461,32.21679688
20088,,33.76162338,32.21696091
20089,,33.76177216,32.21710968
20092,34.76758957,,
20094,,33.7628212,32.2177124
20098,34.76813889,,
20099,34.76821518,,
20100,,33.76430893,32.21813583
20101,,33.76450348,32.21818161
20105,34.76861572,,
20107,34.76878738,33.76546478,32.2183876
20109,34.76902771,33.76576614,32.21846008
20110,34.76914978,,
20111,,33.76605988,32.21850967
20112,34.76935959,33.76618958,32.21853256
20113,34.76945114,,
20114,,33.76642227,32.21858215
20115,,33.76652908,32.21860886
20118,34.77027512,,
20120,34.77066803,33.76699829,32.21878052
20121,34.77086258,,
20122,34.77111053,33.76713943,32.21883774
20123,,33.76720428,32.21886063
20124,,33.76726532,32.2188797
20129,34.77264786,,
20131,34.77303696,33.76788712,32.2190094
20132,34.77321243,,
20133,,33.7681427,32.21904755
20134,,33.76826859,32.21906281
20135,34.77378464,,
20137,,33.76871872,32.21910858
20139,34.77482605,,
20141,34.77544403,33.76958084,32.21916962
20143,,33.76996231,32.21919632
20144,34.77618027,,
20145,34.77639008,,
20146,,33.77065277,32.21929932
20147,,33.77090836,32.21936417
20151,34.77830887,,
20153,34.77887726,33.7725563,32.2196846
20155,,33.77322388,32.21975327
20158,34.78013611,,
20159,34.78036499,,
20160,,33.77494431,32.21993256
20161,34.78085327,33.77519608,32.21995544
20163,34.78128052,33.77565765,32.21998978
20165,,33.77606583,32.22002029
20167,34.78230667,,
20168,34.78254318,,
20169,,33.77797318,32.2200737
20170,34.78302383,33.77864075,32.22008514
20171,34.78324127,,
20172,34.78347778,33.77978897,32.22011185
20173,34.78369141,33.7803154,32.22012329
20174,,33.78124237,32.22013474
20175,34.78414917,33.7820816,32.22014618
20176,34.7843895,,
20177,,33.78352737,32.22016907
20178,34.78481674,33.7841568,32.22018051
20179,34.78499985,,
20180,34.78517151,33.78611374,32.22023392
20181,,33.78695297,32.22028351
20182,,33.78818512,32.22034836
20183,34.78560257,,
20185,,33.79193115,32.22052002
20186,34.78595734,,
20187,34.78605652,,
20188,,33.79491425,32.22068787
20189,,33.79572678,32.22073746
20190,34.78650284,,
20192,,33.79827499,32.22086334
20194,34.78711319,,
20196,34.7873764,33.80099487,32.2210083
20198,34.7876358,33.80200958,32.22110748
20200,34.78821945,33.80286026,32.22119522
20202,,33.8035965,32.22126007
20203,34.78905869,,
20204,34.78934097,,
20205,34.789608,33.80448914,32.22138214
20206,,33.80476379,32.22142029
20207,34.79040527,33.80501175,32.22145462
20208,34.7907486,,
20209,,33.80547333,32.22152328
20210,,33.80569077,32.2215538
20211,34.79161453,,
20213,34.79217911,33.80625153,32.22162628
20215,,33.80656815,32.2216835
20216,34.7929306,,
20218,,33.80704498,32.22199631
20219,34.79372406,,
20221,,33.80781937,32.22236633
20227,34.79535675,,
20228,34.795578,,
20229,34.79582596,33.80984497,32.2229805
20230,,33.81002808,32.22303391
20231,,33.81021118,32.22307968
20240,34.79759598,,
20242,,33.81230164,32.2234993
20244,34.79803085,,
20246,,33.81291962,32.223629
20247,34.79972839,,
20248,34.80020905,,
20249,34.80067825,33.8132782,32.22369766
20250,,33.81338882,32.22382736
20251,34.80155182,33.81349564,32.22394562
20253,,33.813694,32.22415924
20254,34.80264282,,
20255,34.80296707,,
20256,34.80327225,33.81397247,32.22441483
20257,34.80355072,33.81405258,32.22448349
20258,,33.81412506,32.22454071
20259,,33.81420517,32.22484589
20260,34.80423737,,
20261,34.8044281,,
20262,34.80460739,33.8144722,32.22559738
20263,,33.81455231,32.22580338
20264,34.80493927,33.81462479,32.2259903
20266,34.80522919,33.81473923,32.22630692
20268,,33.81491089,32.2265625
20270,34.80581284,,
20272,,33.81543732,32.22710419
20274,34.80643845,,
20276,,33.81643677,32.22781372
20282,34.80802917,,
20284,,33.82023239,32.2294426
20289,34.80908966,,
20291,,33.8233757,32.23332214
20304,34.81105423,,
20306,34.81132126,33.82667923,32.23697662
20307,34.81144714,,
20308,,33.8269043,32.23722839
20309,,33.82701111,32.23733139
20311,34.8121376,,
20313,,33.82745361,32.23797607
20315,34.81274796,,
20317,34.81328201,33.82794571,32.23894501
20318,34.81353378,,
20319,34.81376266,33.82817841,32.2393074
20320,,33.82831192,32.23945999
20321,,33.82843399,32.23962021
20324,34.81497192,,
20325,34.81520462,,
20326,,33.8289299,32.24016953
20327,,33.82901764,32.24024963
20328,34.81580734,,
20329,34.815979,,
20330,,33.82983017,32.24049377
20331,34.81638336,33.83011246,32.2405777
20332,34.81657791,,
20333,,33.83064651,32.24072647
20334,,33.83088684,32.24080658
20335,34.81809998,,
20337,34.81923294,33.83154297,32.24100113
20339,34.82019424,33.83189011,32.24111176
20341,34.82103348,33.83226395,32.24120331
20343,,33.83265686,32.2412796
20344,34.82216263,,
20345,34.82249451,,
20346,,33.83322144,32.24137878
20347,34.82313538,33.83338928,32.24141693
20348,34.82342529,,
20349,34.82369232,33.8336792,32.24148178
20350,,33.83381653,32.24151611
20351,34.82421875,33.83396912,32.24155045
20353,,33.83424759,32.24162292
20354,34.82489395,,
20356,,33.83462906,32.24173355
20357,34.82551956,,
20359,,33.83494949,32.2418251
20360,34.82615662,,
20362,,33.83601761,32.24188614
20363,34.82669449,,
20365,,33.8384819,32.24205399
20368,34.82752228,,
20370,,33.84207153,32.24252319
20371,34.828022,,
20372,34.82817459,,
20373,,33.84369278,32.2428627
20374,,33.8441391,32.24298096
20375,34.82863998,,
20376,34.82878876,,
20377,,33.84532547,32.24325562
20378,,33.84565353,32.24333954
20384,34.83029556,,
20386,,33.84766769,32.24388885
20387,34.83090591,,
20388,34.83127975,,
20389,,33.84864426,32.24468994
20390,,33.84897232,32.24501419
20391,34.83242798,,
20393,,33.8497963,32.24582672
20395,34.83382034,,
20397,34.83443451,33.85097122,32.24675369
20399,34.83517456,33.85150909,32.24715424
20401,,33.85212708,32.24750519
20403,34.83680725,,
20405,34.83760834,33.85332108,32.24809647
20406,34.83797836,,
20407,34.83837128,33.85378265,32.24833298
20408,34.83872986,33.85398865,32.2484436
20409,,33.85419464,32.2485466
20410,,33.85438156,32.24864197
20411,34.83989334,,
20413,,33.85486984,32.24890137
20414,34.84104919,,
20416,,33.85532379,32.24908829
20422,34.84394836,,
20424,,33.85644531,32.24959946
20426,34.84508133,,
20428,34.84567261,33.85686111,32.2498703
20429,34.84593201,,
20430,,33.85704422,32.24999619
20431,34.84771347,33.85712814,32.25007248
20432,34.8484993,,
20433,,33.85731888,32.25020599
20434,,33.85747147,32.25026703
20438,34.85203934,,
20439,34.85250092,,
20440,,33.85814285,32.25107574
20441,,33.85824203,32.25118256
20443,34.85439301,,
20444,34.85480881,,
20445,34.85519409,33.85873032,32.25180817
20446,,33.85885239,32.25209427
20447,,33.85898209,32.25234604
20450,34.85707092,,
20452,34.85778046,33.85962296,32.25348663
20453,34.85811234,,
20454,,33.85984802,32.25382614
20455,34.85876846,33.86009598,32.25397491
20456,34.85906601,,
20457,,33.86052704,32.25422668
20458,,33.86071014,32.25433731
20460,34.86019516,,
20462,34.86084366,33.86160278,32.25505066
20463,34.86113739,,
20464,,33.86201477,32.25530243
20465,34.86166763,33.86220551,32.25541687
20466,34.8618927,,
20467,34.86210251,33.8625679,32.25561523
20468,34.86230087,33.86273193,32.25570297
20469,,33.86288071,32.25577927
20470,34.86278915,33.86302567,32.25585175
20472,34.86340332,33.86326599,32.25598907
20474,,33.86367416,32.25610733
20476,34.86505508,,
20477,34.86557007,,
20478,,33.86442566,32.25645447
20479,,33.86460495,32.25660324
20480,34.86693192,,
20481,34.86734772,,
20482,34.867733,33.86507416,32.25703049
20483,,33.86520767,32.25720596
20484,34.86842346,33.86532974,32.25736237
20486,34.86900711,33.86558151,32.25765228
20488,,33.86587524,32.25787354
20489,34.86977768,,
20490,34.87005234,,
20491,34.87030029,33.86623001,32.25814056
20492,,33.86632538,32.258255
20493,34.87083435,33.866436,32.25836182
20494,34.87107468,,
20495,,33.86663055,32.25854492
20496,34.87149048,33.86691666,32.25862503
20497,34.87166595,,
20498,34.87182617,33.86743927,32.25876617
20499,,33.86768341,32.25882721
20500,34.87212372,33.86790466,32.25908279
20502,,33.86828995,32.25954819
20503,34.87282944,,
20505,,33.86888504,32.26013565
20508,34.87378311,,
20509,34.87431335,,
20510,,33.87009811,32.26084518
20511,,33.87029266,32.26097107
20512,34.87569427,,
20513,34.87608337,,
20514,,33.87081146,32.26153946
20515,,33.87096405,32.26184464
20519,34.87841034,,
20521,,33.87208939,32.26318741
20524,34.88035583,,
20526,34.88149261,33.87360382,32.2638092
20528,34.88264465,33.87447739,32.26398468
20530,34.88370132,33.87577438,32.26413727
20532,34.88468933,33.87728119,32.26426697
20534,34.88552856,33.87853622,32.26437759
20536,,33.87967682,32.26448059
20538,34.88692093,,
20540,,33.88146591,32.2648735
20542,34.8880043,,
20543,34.88828278,,
20544,,33.88282776,32.26522064
20545,34.88886261,33.88323212,32.26528931
20547,34.88945007,33.88406372,32.26544189
20549,34.8900032,33.88478088,32.26560593
20551,,33.88537598,32.26575089
20552,34.89075089,,
20554,,33.88618088,32.26590729
20557,34.89209366,,
20558,34.89249039,,
20559,,33.88728333,32.26629257
20560,,33.88746262,32.26636124
20567,34.8949585,,
20568,34.89519882,,
20569,34.89550781,33.88882065,32.26770782
20570,,33.88893127,32.26781845
20571,34.89603043,33.88902664,32.26792908
20572,34.89632797,,
20573,34.896595,33.88920212,32.268116
20574,34.89706802,33.88928223,32.26821518
20575,,33.88935852,32.26831436
20576,,33.88943481,32.26842117
20580,34.90001678,,
20581,34.90057373,,
20582,,33.88996887,32.26903152
20583,,33.89005661,32.26913071
20585,34.90260696,,
20586,34.9030838,,
20587,,33.89052963,32.26948547
20588,34.90391922,33.89080429,32.26955795
20589,34.90428162,,
20590,,33.89130402,32.2697258
20591,,33.89152908,32.27183914
20592,34.90538025,,
20593,34.90570831,,
20594,,33.89241028,32.27703476
20595,34.90633011,33.89268112,32.27845001
20597,,33.89315796,32.28086853
20598,34.90745926,,
20599,34.90793991,,
20600,,33.89375687,32.28514099
20601,,33.89403534,32.28635788
20603,34.90966415,,
20605,34.91036224,33.89498138,32.29015732
20607,34.91096115,33.89567184,32.29153442
20608,34.91125107,,
20609,,33.89653397,32.29264832
20610,,33.89690399,32.29315948
20615,34.91360855,,
20616,34.91389847,,
20617,,33.89964294,32.29557419
20618,34.91440964,33.89994049,32.29580307
20620,,33.9005394,32.29619217
20621,34.91505432,,
20623,,33.90441132,32.29666901
20626,34.91603088,,
20627,34.91621399,,
20628,34.91647339,33.90990829,32.29724884
20629,,33.91082001,32.29768753
20630,,33.91165543,32.29808426
20634,34.91785812,,
20636,,33.91534424,32.30006027
20637,34.91852188,,
20639,,33.91654587,32.30083847
20641,34.91948318,,
20642,34.91978455,,
20643,,33.91768646,32.30178833
20644,,33.91798782,32.30197906
20650,34.92228699,,
20652,34.92289734,33.91958618,32.30770493
20654,,33.91987228,32.30869293
20658,34.92531204,,
20660,34.92620468,33.92056274,32.3106842
20662,34.92695618,33.92082596,32.31126785
20664,34.92765045,33.92105865,32.31179428
20665,34.92795944,,
20666,34.92824173,33.92134857,32.31222916
20667,34.92852402,33.92147446,32.31241226
20668,34.92881012,33.92160034,32.31257629
20669,,33.92171478,32.31272507
20670,,33.92182541,32.3128624
20675,34.93034744,,
20677,34.93107986,33.92623138,32.31886292
20678,34.93153,,
20679,34.93194199,33.92758179,32.31998062
20680,,33.92816544,32.32046127
20681,,33.92869186,32.32089233
20682,34.93295288,,
20683,34.9332428,,
20684,34.9335022,33.93003845,32.32237244
20685,34.93374252,33.93041611,32.32280731
20686,34.93396378,33.93075943,32.32320404
20687,34.9341774,33.93107605,32.32356262
20688,34.93437195,33.93138504,32.32388306
20689,34.93455124,33.93167496,32.32416916
20690,,33.93193817,32.32443237
20691,,33.9321785,32.3246727
20693,34.93531418,,
20695,34.93573761,33.93400574,32.32543564
20697,,33.93477631,32.32571411
20698,34.93629456,,
20700,,33.93600845,32.32605743
20702,34.93720627,,
20703,34.93745422,,
20704,,33.93785858,32.32639313
20705,34.93808365,33.93822861,32.32645798
20706,34.93842316,,
20707,,33.93899536,32.32656479
20708,34.93901443,33.93938065,32.32661057
20709,34.9396019,,
20710,,33.94004822,32.32669449
20711,34.9406395,33.94033813,32.32672501
20713,34.94153595,33.9408493,32.32677841
20714,34.94193268,,
20715,,33.94128036,32.32681656
20716,,33.94147873,32.32683563
20717,34.94328308,,
20719,,33.94202042,32.32688904
20721,34.94501495,,
20722,34.94565582,,
20723,34.94627762,33.9430275,32.32693863
20724,,33.94332504,32.32694244
20725,34.94736481,33.94359207,32.32695007
20727,,33.94409943,32.32696915
20728,34.94879913,,
20729,34.94934464,,
20730,,33.94477463,32.32700729
20731,,33.94497681,32.32701874
20732,34.95102692,,
20733,34.95161057,,
20734,34.95215225,33.94546127,32.32705307
20735,34.95269394,33.9455986,32.32706451
20736,,33.94577026,32.32707596
20737,34.95445633,33.94592285,32.32709122
20738,34.95522308,,
20739,,33.9461937,32.32735443
20740,,33.94632339,32.32746887
20742,34.95780182,,
20744,,33.94683838,32.3278389
20749,34.96066284,,
20751,,33.94782257,32.32824707
20754,34.9626236,,
20756,,33.94880676,32.32847977
20757,34.96426773,,
20759,,33.9497757,32.32872772
20762,34.96692276,,
20763,34.96733093,,
20764,34.96770859,33.95096588,32.32963943
20765,34.96806717,33.95116043,32.32995224
20766,,33.95133591,32.33023453
20767,34.96873474,33.95149612,32.3305397
20768,34.96905518,,
20769,34.96935272,33.95177841,32.33106232
20770,34.96962357,33.95190048,32.3312912
20771,34.96987534,33.95201111,32.33150864
20772,34.97010803,33.95212555,32.331707
20773,,33.95227432,32.33188629
20774,,33.95241165,32.33204651
20778,34.97164536,,
20780,,33.95320129,32.3328476
20781,34.97257614,,
20782,34.97287369,,
20783,34.97318649,33.95362854,32.33330917
20784,34.9734726,33.95378494,32.33343887
20785,34.97373581,33.95392609,32.33355713
20786,34.97399521,33.95406342,32.33366394
20787,34.97425842,33.95449066,32.33375931
20788,,33.95491028,32.33384705
20789,,33.95528793,32.33392334
20795,34.97642899,,
20797,,33.95755005,32.33472824
20798,34.97729111,,
20800,,33.95824814,32.33507538
20801,34.97809982,,
20803,,33.95878601,32.33533478
20804,34.97892761,,
20806,34.97971725,33.95940781,32.33554077
20808,,33.96046829,32.3356514
20809,34.98075867,,
20810,34.98104477,,
20811,,33.96175385,32.33576202
20812,,33.96210861,32.33578873
20817,34.98366928,,
20818,34.98402786,,
20819,34.98461533,33.96405792,32.33601379
20820,34.98517227,33.96426773,32.33613586
20821,34.98569107,33.96445084,32.33624649
20822,34.98619461,33.96462631,32.33634186
20823,,33.96478271,32.3364296
20824,34.98722839,33.96492386,32.33649826
20825,34.98767471,,
20826,34.98807526,33.96521759,32.33662033
20827,34.98845291,33.9653511,32.33668137
20828,34.98879623,33.96547318,32.33673477
20829,34.98917389,33.96565247,32.33678436
20830,,33.96588135,32.33683395
20831,,33.96611404,32.33750534
20832,34.99020386,,
20834,,33.96673203,32.33913803
20837,34.99153519,,
20838,34.99175262,,
20839,,33.96768188,32.34103394
20840,34.99220276,33.96791458,32.34132385
20841,34.99242783,,
20842,,33.9684639,32.34193039
20843,34.99300385,33.96870422,32.34226227
20845,,33.96913528,32.34283447
20848,34.99625015,,
20850,34.99745941,33.97356033,32.34386826
20852,34.99849319,33.97587204,32.34417343
20853,34.99897003,,
20854,34.99940872,33.97789764,32.34442139
20855,,33.97875977,32.3445282
20856,35.00030518,33.97958755,32.34462738
20857,35.00070953,,
20858,35.00107956,33.98100662,32.34479904
20859,35.00141144,33.98161316,32.34487534
20860,,33.9821701,32.344944
20861,35.0020256,33.98267365,32.34501266
20863,,33.9835434,32.34513855
20864,35.00282669,,
20866,35.00349426,33.98525238,32.34541321
20867,35.00383759,,
20868,35.00418091,33.98645782,32.34555435
20869,,33.98698044,32.34561539
20870,35.00479507,33.98746872,32.34566879
20872,,33.98832703,32.34576797
20874,35.00611115,,
20876,35.0067215,33.99022675,32.34593582
20878,35.00770187,33.99106216,32.3460083
20880,,33.99177551,32.34617996
20882,35.01021957,,
20884,35.01254272,33.99287033,32.34693909
20885,35.01366043,,
20886,,33.99348831,32.34730148
20887,35.01558304,33.99375534,32.34751511
20889,35.01727295,33.99428177,32.34794235
20891,35.01870728,33.99472427,32.34836197
20893,,33.99508667,32.34870911
20897,35.02204132,,
20899,35.02285004,33.99607468,32.34941483
20900,35.02320099,,
20901,35.02352142,33.99637985,32.34957123
20902,,33.99652863,32.34963608
20903,,33.99666214,32.34968948
20904,35.02439499,,
20906,,33.99698639,32.34984207
20910,35.02633667,,
20911,35.02663422,,
20912,35.02692032,33.99782562,32.35012436
20913,,33.99794006,32.35016251
20914,,33.99807739,32.35019684
20919,35.02975845,,
20920,35.03020477,,
20921,35.03061676,33.99888611,32.35041428
20922,35.03100204,33.99897385,32.35196686
20923,,33.9992218,32.3533783
20924,35.03176117,33.99944687,32.3546524
20925,35.03211594,,
20926,35.03243256,33.99982834,32.35692596
20927,,33.99999237,32.35794449
20928,35.03303146,34.00014114,32.35886383
20930,,34.00039673,32.36043167
20933,35.03445816,,
20934,35.03468704,,
20935,,34.00119781,32.36319733
20936,,34.00137711,32.3636055
20938,35.03554153,,
20940,35.03632355,34.00194931,32.36491013
20942,,34.00216293,32.36540222
20943,35.03734589,,
20944,35.03768539,,
20945,35.03800964,34.00270462,32.36597824
20946,,34.00318146,32.36613464
20947,35.03860092,34.00411606,32.3662796
20948,35.03886032,,
20949,35.03910446,34.00574875,32.36652756
20950,35.0393219,34.00645447,32.36663437
20951,35.03953171,34.00709534,32.36673737
20952,,34.00767517,32.36683273
20953,35.03996658,34.00822067,32.36692429
20954,35.04018402,,
20955,,34.0092659,32.36707687
20956,,34.00972748,32.36714172
20959,35.04114532,,
20960,35.0413208,,
20961,35.04178619,34.01156235,32.36737442
20962,,34.01197815,32.36740494
20963,35.04266739,34.01235199,32.36743164
20965,,34.01350021,32.36748123
20966,35.04381943,,
20968,,34.01577377,32.36755371
20974,35.04620361,,
20976,35.0468483,34.02084732,32.36769104
20977,35.04715347,,
20978,35.04746628,34.02172852,32.36771011
20979,,34.02210617,32.36772537
20980,35.0482254,34.02254868,32.36774826
20982,35.04904556,34.02330399,32.36779022
20984,,34.02393723,32.36782455
20986,35.05042267,,
20987,35.0507164,,
20988,,34.02522278,32.3678627
20989,35.05121994,34.02549362,32.3678627
20990,35.05144119,,
20991,35.05164337,34.02596283,32.36785889
20992,35.05183792,34.02620697,32.36785889
20993,,34.02644348,32.36785889
20994,,34.02690506,32.36785889
20997,35.05268478,,
20999,,34.02897644,32.36782455
21002,35.05354691,,
21004,,34.03487015,32.36780167
21008,35.05488586,,
21010,35.05558014,34.03932953,32.3678894
21012,,34.04042435,32.36798477
21013,35.05654907,,
21015,,34.04174805,32.36811066
21018,35.05819321,,
21020,,34.0437088,32.36826324
21021,35.05906677,,
21022,35.05932236,,
21023,,34.04465866,32.36832809
21024,,34.04491806,32.36834335
21030,35.06196594,,
21031,35.06235123,,
21032,35.06271744,34.04637909,32.36836624
21033,,34.04655075,32.36836243
21034,35.06339645,34.0467186,32.36835861
21035,35.06371689,,
21036,,34.04705811,32.36836624
21037,,34.04721451,32.36837006
21039,35.06541824,,
21041,35.06641388,34.04809189,32.3683815
21042,35.06687546,,
21043,,34.04891205,32.36838913
21044,,34.04927444,32.36839676
21045,35.06826019,,
21047,35.06906128,34.05023193,32.36842728
21049,,34.05079269,32.36846161
21052,35.0711937,,
21054,35.07204819,34.05217743,32.36854172
21056,,34.05286789,32.36857224
21058,35.07368469,,
21060,,34.05424881,32.36861801
21062,35.07518387,,
21064,,34.05601501,32.36869812
21066,35.07674408,,
21068,,34.05743027,32.36878204
21073,35.0796051,,
21074,35.0799675,,
21075,35.08029556,34.06290817,32.368927
21076,35.08061218,34.06357574,32.3689537
21077,,34.06417465,32.36897659
21078,35.0813942,34.06472397,32.36899567
21080,35.08284378,34.06567001,32.36903
21081,35.08358765,,
21082,35.08425903,34.06645966,32.36914063
21083,,34.06679916,32.3691864
21084,,34.06710815,32.36922836
21086,35.08658981,,
21088,,34.06809235,32.36942673
21090,35.08856201,,
21091,35.08898163,,
21092,35.08937836,34.06882095,32.36956787
21093,35.08974838,34.06900406,32.36959839
21094,,34.06918335,32.36962891
21095,,34.06934738,32.36987686
21096,35.09094238,,
21098,35.0917511,34.06982422,32.37048721
21100,35.09251404,34.07012177,32.3707962
21101,35.09296417,,
21102,,34.07041168,32.37105179
21103,35.09376144,34.07069778,32.37116241
21104,35.09415817,,
21105,,34.07120514,32.37134933
21106,35.09580231,34.07143021,32.37142563
21108,,34.07191849,32.37154388
21109,35.09779358,,
21110,35.09838867,,
21111,35.09893417,34.07270432,32.37169266
21112,,34.07292175,32.37173462
21113,,34.07312393,32.37177658
21114,35.1007576,,
21115,35.10130692,,
21116,,34.07391739,32.37188721
21117,,34.07413864,32.37191772
21118,35.10273743,,
21120,,34.0746994,32.37200165
21121,35.10387039,,
21123,35.10450745,34.07513428,32.37212372
21124,35.10478592,,
21125,,34.07535553,32.3721962
21126,35.10538864,34.07545471,32.37223434
21128,,34.075634,32.37230301
21132,35.10809708,,
21134,,34.07614517,32.37241745
21140,35.11113358,,
21142,35.11169434,34.07675934,32.37280273
21144,,34.07690048,32.37296677
21151,35.11373138,,
21153,,34.07743835,32.37353134
21158,35.1153183,,
21159,35.11562347,,
21160,35.11592865,34.07807541,32.37445068
21161,,34.07820511,32.37469864
21162,,34.07846069,32.37503815
21165,35.11940002,,
21166,35.12019348,,
21167,,34.07969666,32.37632751
21168,35.12168884,34.07995605,32.37652206
21170,35.12297821,34.08053589,32.37685776
21171,35.12356949,,
21172,35.12414169,34.08141708,32.3771553
21173,,34.08198929,32.37731171
21174,,34.08250046,32.37745285
21177,35.12633896,,
21178,35.1267128,,
21179,,34.08487701,32.37799454
21180,35.12742996,34.08544922,32.37807846
21181,35.1277504,,
21182,35.12804413,34.08650208,32.37823486
21183,,34.08695221,32.37830353
21184,35.12863159,34.08738327,32.37836456
21185,35.12898636,,
21186,35.12937546,34.08813095,32.37846756
21187,35.12973022,34.08845139,32.37850571
21188,,34.08875656,32.37854004
21189,,34.08903122,32.37857056
21192,35.13182068,,
21194,,34.09006882,32.37880325
21197,35.133564,,
21198,35.13390732,,
21199,35.13423538,34.0908699,32.37915421
21200,,34.09102249,32.37921906
21201,,34.09117889,32.37927628
21204,35.13669586,,
21206,35.13795853,34.09178162,32.37950516
21208,,34.09215546,32.37958145
21209,35.13949966,,
21211,35.14029694,34.09291077,32.379673
21212,35.14064026,,
21213,,34.09335327,32.37973404
21214,,34.09355164,32.37976074
21215,35.14162064,,
21216,35.14191818,,
21217,35.14223099,34.09409714,32.37984848
21218,,34.09425354,32.379879
21219,,34.09441757,32.37990189
21220,35.14302826,,
21222,35.14375687,34.09482193,32.37997055
21224,,34.0951004,32.3800087
21225,35.14471436,,
21226,35.14499283,,
21227,,34.09550476,32.38004303
21228,35.1455574,34.0956459,32.38004684
21230,35.14611435,34.09589386,32.3800621
21232,,34.09613419,32.38007736
21237,35.14812469,,
21238,35.1484108,,
21239,,34.09727859,32.38047028
21240,,34.0974884,32.38072968
21241,35.14919281,,
21243,35.14962769,34.09805679,32.38137436
21244,35.14982224,,
21245,,34.0983696,32.38170624
21246,35.15029526,34.09850311,32.38184738
21248,35.15071869,34.09876251,32.3821106
21250,,34.09900665,32.38250732
21252,35.15151978,,
21254,,34.09949112,32.38318253
21256,35.15313721,,
21258,,34.10016632,32.38367462
21259,35.15475082,,
21261,35.15560532,34.10063553,32.38394165
21263,35.15633774,34.1009903,32.38407516
21265,35.1570015,34.10133362,32.38419342
21266,35.15729141,,
21267,,34.10162354,32.38428879
21268,,34.10175705,32.38437271
21269,35.15816879,,
21271,,34.10235596,32.38458252
21272,35.15921402,,
21274,35.16001892,34.10322952,32.38473129
21276,,34.10379028,32.38483429
21277,35.16166306,,
21279,35.1626358,34.10724258,32.38496399
21280,35.16308212,,
21281,,34.10907745,32.3850441
21282,,34.10987091,32.38507843
21283,35.16434479,,
21285,,34.11184311,32.38516235
21287,35.16702271,,
21288,35.16783905,,
21289,,34.11517715,32.38580322
21290,35.16924286,34.11614227,32.38605499
21291,35.16985321,,
21292,,34.11780167,32.38648987
21293,,34.11851501,32.38666916
21294,35.17163849,,
21295,35.17215729,,
21296,35.1726265,34.12033463,32.38710785
21297,35.17304993,34.12086487,32.38722992
21298,,34.12136078,32.38734055
21299,,34.12181473,32.38744736
21301,35.1749382,,
21303,35.17570496,34.12327957,32.38784027
21304,35.17607498,,
21305,35.17641449,34.12385559,32.38799667
21306,,34.12423706,32.38806534
21307,35.1770134,34.12460327,32.38812637
21309,,34.12530136,32.38825226
21310,35.17782974,,
21312,,34.12615204,32.38840866
21313,35.1788559,,
21315,,34.12683487,32.38853836
21317,35.18123245,,
21318,35.18173599,,
21319,,34.12772369,32.38867569
21320,,34.12791824,32.38871384
21321,35.18302917,,
21322,35.18339157,,
21323,,34.12840652,32.3888092
21324,,34.12866592,32.38883972
21329,35.1880188,,
21331,35.18930435,34.13019943,32.38920593
21333,,34.13052368,32.38930511
21335,35.19164276,,
21336,35.19209671,,
21337,35.19259644,34.13130569,32.38946152
21338,,34.13166809,32.38949203
21339,35.19345474,34.13199615,32.38952255
21341,35.19416809,34.13261414,32.38957596
21342,35.19448471,,
21343,,34.133255,32.38962936
21344,,34.13357925,32.38965225
21346,35.19561768,,
21348,35.19625092,34.134655,32.38977051
21350,,34.13505554,32.3898468
21351,35.19725418,,
21352,35.19754028,,
21353,,34.13554764,32.38993454
21354,,34.13568497,32.39001846
21356,35.19901276,,
21358,,34.13613129,32.39028549
21359,35.2001915,,
21361,,34.13649368,32.39046097
21362,35.20138931,,
21364,35.20217133,34.1368103,32.39061737
21365,35.20264053,,
21366,,34.13698196,32.39069366
21367,,34.13705063,32.390728
21370,35.20505905,,
21371,35.20544052,,
21372,,34.13742447,32.39084244
21373,35.20612335,34.13749695,32.39086914
21375,35.20677567,34.13783264,32.39092636
21377,,34.13815689,32.39108276
21379,35.20798492,,
21380,35.20830917,,
21381,,34.13925171,32.39136887
21382,,34.13954163,32.39148331
21385,35.20966721,,
21386,35.20994186,,
21387,,34.14336777,32.39191055
21388,35.2104187,34.14467239,32.39226913
21390,,34.14691925,32.39288712
21391,35.21110153,,
21392,35.21135712,,
21393,,34.14962006,32.39360046
21394,,34.150383,32.3937912
21396,35.21228027,,
21398,35.212677,34.15300751,32.39437485
21400,,34.15398407,32.39458466
21404,35.21423721,,
21406,,34.15679932,32.39519119
21412,35.2184639,,
21413,35.21897888,,
21414,,34.16139984,32.39618683
21415,,34.16183472,32.39626694
21418,35.22162247,,
21420,35.22249603,34.16413116,32.39656067
21422,35.22326279,34.16494751,32.39664841
21423,35.22359848,,
21424,35.22390747,34.16562653,32.3967247
21425,35.22418976,34.16592407,32.39675522
21426,,34.16619492,32.39678192
21427,,34.16643906,32.39681244
21430,35.22530746,,
21432,,34.16740417,32.39698792
21433,35.22580719,,
21434,35.22595978,,
21435,,34.1680336,32.39708328
21436,35.22630692,34.16820526,32.39710999
21438,35.22663116,34.1687355,32.39716339
21440,,34.16917801,32.39721298
21447,35.2330246,,
21449,35.23421478,34.17144775,32.39743042
21451,35.2353096,34.17191696,32.39766312
21452,35.23579788,,
21453,35.23656082,34.17235565,32.3978653
21454,35.2372818,34.17259598,32.39795685
21455,35.23793793,34.1728096,32.39803696
21456,,34.17300797,32.39810944
21457,35.23907089,34.17318726,32.39817429
21458,35.23955536,,
21459,,34.1734848,32.39828491
21460,35.24050522,34.17362976,32.3983345
21462,,34.17388535,32.39842224
21463,35.24198914,,
21465,35.24285126,34.17420197,32.39853668
21466,35.24327087,,
21467,35.24365997,34.17443466,32.39863968
21468,35.24403381,34.1745491,32.39868164
21469,35.24437714,34.1746521,32.39871979
21470,,34.17474747,32.39875031
21471,,34.17482758,32.39877701
21473,35.2455101,,
21475,35.24599457,34.17509842,32.39886093
21476,35.24622345,,
21477,35.24657822,34.17523193,32.39889526
21478,35.24690247,34.17534256,32.39891815
21479,,34.17545319,32.39894104
21480,35.24789429,34.17556381,32.39896393
21481,35.2485199,,
21482,,34.17578506,32.39900589
21483,,34.17589188,32.39902496
21484,35.25009918,,
21485,35.25053406,,
21486,,34.17692184,32.3992157
21487,,34.17720795,32.39935684
21489,35.25252914,,
21491,,34.17811584,32.40002441
21492,35.25379181,,
21494,,34.17861938,32.40044785
21496,35.25528717,,
21498,,34.17918396,32.40086365
21506,35.25978088,,
21508,35.26046753,34.18119431,32.40171814
21510,35.26112747,34.18181992,32.40197372
21511,35.26142502,,
21512,35.26194,34.1823616,32.40219116
21513,35.26241302,34.18260956,32.4022789
21514,35.26287079,34.1828537,32.40236282
21515,,34.18308258,32.40248108
21516,,34.18343735,32.40258789
21518,35.26482773,,
21520,35.26575089,34.18812561,32.40291977
21522,,34.19004059,32.40306473
21524,35.26717758,,
21525,35.26745987,,
21526,,34.19288635,32.40340805
21527,,34.19343185,32.40346909
21528,35.26885605,,
21529,35.26924896,,
21530,,34.19478989,32.40361023
21531,,34.19517517,32.40386581
21533,35.27068329,,
21535,,34.19645691,32.40467453
21537,35.27178955,,
21539,35.27226257,34.19741821,32.40520859
21541,35.27278137,34.1979866,32.40543365
21543,,34.19846344,32.40566635
21545,35.27411652,,
21547,,34.20018387,32.40607071
21550,35.27574158,,
21552,35.27649307,34.20358658,32.40662384
21553,35.27695465,,
21554,35.27737427,34.20472336,32.40682983
21555,,34.20524597,32.40692139
21556,,34.20571899,32.40700531
21557,35.27838898,,
21559,,34.20697021,32.40722275
21560,35.27926636,,
21562,,34.20796585,32.40738297
21563,35.28011703,,
21564,35.2804451,,
21565,,34.20875168,32.40750122
21566,35.2810173,34.20898056,32.40753555
21567,35.28129196,,
21568,,34.2094574,32.40829086
21569,,34.20968628,32.40933609
21576,35.28361893,,
21577,35.28380203,,
21578,,34.21127701,32.41648865
21579,35.28412628,34.21146011,32.41730881
21581,,34.21180725,32.41872025
21582,35.28515625,,
21584,,34.21226501,32.42035675
21586,35.28722382,,
21588,,34.21292877,32.42287445
21590,35.28948593,,
21592,35.29037094,34.21383286,32.42515182
21593,35.29075623,,
21594,35.29112625,34.21421432,32.42597961
21595,,34.21466446,32.42633438
21596,,34.21506882,32.4268837
21597,35.29210281,,
21598,35.29242706,,
21599,,34.21610641,32.42824173
21600,,34.2170105,32.42861176
21604,35.29509354,,
21605,35.29693604,,
21606,,34.22274017,32.43024063
21607,35.30018616,34.22350693,32.43047333
21608,35.30158234,,
21609,35.302845,34.224823,32.43087769
21610,35.30407333,34.22541428,32.43105698
21611,,34.22594833,32.43122101
21612,,34.22643661,32.4313736
21616,35.30988693,,
21617,35.31076431,,
21618,,34.22852325,32.43206024
21619,35.31271744,34.2287674,32.43215179
21621,,34.22917175,32.43231201
21632,35.32040024,,
21633,35.32080841,,
21634,,34.23077393,32.43299866
21635,35.32155609,34.23085022,32.43302917
21636,35.32189178,,
21637,,34.23108673,32.43308258
21638,35.32261658,34.2311821,32.4331131
21639,35.32305908,,
21640,35.32345581,34.23138046,32.4331665
21641,,34.2314682,32.43319702
21642,,34.23155975,32.43322372
21644,35.32479095,,
21645,35.32510757,,
21646,35.32539749,34.23192978,32.43336868
21647,,34.23200989,32.43340302
21648,35.3260231,34.23208237,32.43343735
21650,,34.23220825,32.43349838
21651,35.32714081,,
21653,35.32780838,34.23238754,32.43373108
21654,35.32810593,,
21655,,34.23251343,32.43405533
21656,,34.23257065,32.4342041
21657,35.32899857,,
21659,35.32968521,34.23271942,32.4345932
21661,,34.23281479,32.4348259
21662,35.33076477,,
21664,35.33167648,34.23295593,32.43510056
21666,35.33258438,34.23307037,32.43524933
21668,,34.23317337,32.43536377
21669,35.33389282,,
21671,35.33470535,34.23332214,32.43557358
21672,35.3350563,,
21673,,34.23347092,32.43568802
21674,,34.23360062,32.43573761
21677,35.33665466,,
21678,35.33698273,,
21679,35.3372879,34.23431396,32.43597412
21680,,34.23446274,32.43600845
21681,,34.23460007,32.43603897
21682,35.33809662,,
21684,35.33862686,34.23497772,32.43610764
21686,,34.23521042,32.43614197
21689,35.34016418,,
21691,,34.23574448,32.43624115
21693,35.341259,,
21695,35.34178543,34.23616791,32.43635178
21696,35.34201813,,
21697,35.34225845,34.2363205,32.43645096
21698,35.34261703,34.2364769,32.43651581
21699,,34.23666382,32.43657684
21700,35.34327698,34.23683167,32.43663788
21702,,34.23714828,32.4367485
21708,35.34583282,,
21709,35.34662247,,
21710,,34.2380867,32.43726349
21711,,34.23817444,32.43737793
21712,35.34872055,,
21714,35.34999847,34.23851013,32.43767166
21715,35.35056686,,
21716,35.35108185,34.23873138,32.43790054
21717,,34.23883057,32.43799973
21718,35.35201645,34.23892593,32.43809128
21719,35.35243607,,
21720,35.35283661,34.23908997,32.43857193
21721,,34.23917007,32.43893051
21722,,34.23924255,32.43934631
21724,35.35450363,,
21726,,34.23948288,32.44063187
21727,35.35564041,,
21728,35.35598755,,
21729,,34.23970032,32.4413147
21730,35.35677719,34.23978806,32.4414978
21732,,34.23995209,32.44182587
21740,35.36043167,,
21741,35.36082077,,
21742,,34.24103928,32.44273758
21743,,34.24117279,32.4427948
21744,35.36185455,,
21746,,34.24172592,32.44303513
21747,35.36273193,,
21748,35.36297607,,
21749,,34.24228287,32.44326782
21750,,34.24258804,32.44333649
21751,35.36367416,,
21753,,34.24337769,32.44354248
21754,35.36420822,,
21755,35.36436844,,
21756,,34.24502945,32.4437294
21757,35.36472702,34.24549103,32.44377899
21759,35.36513901,34.24721909,32.4438591
21761,,34.24872971,32.44391632
21762,35.36617279,,
21763,35.36650467,,
21764,,34.25061798,32.4440155
21765,35.36729813,34.25114441,32.44404984
21767,35.36811829,34.25206757,32.44410706
21768,35.36858368,,
21769,,34.25283813,32.44416046
21770,35.36945724,34.25318146,32.44418335
21772,,34.25457764,32.44427872
21775,35.37169647,,
21776,35.37214279,,
21777,,34.25714874,32.44487381
21778,,34.25753784,32.44497299
21781,35.37452698,,
21782,35.37495422,,
21783,35.37534714,34.25933075,32.44538116
21784,,34.25960922,32.4454689
21785,35.37603378,34.25986481,32.4455452
21786,35.37633896,,
21787,35.37661362,34.26029968,32.44714737
21788,,34.26051712,32.44782639
21789,,34.26071548,32.44843292
21790,35.37752533,,
21792,35.3780632,34.26132584,32.45001602
21794,,34.2618103,32.45093918
21797,35.38001251,,
21799,35.38080597,34.26274872,32.45262146
21800,35.38116074,,
21801,35.38149261,34.26303864,32.45307922
21802,35.38183594,34.26317596,32.4532814
21803,35.38216019,34.26330185,32.45347595
21804,35.38246536,34.26341629,32.45365524
21805,,34.2635231,32.45381927
21806,35.38386154,34.26361847,32.45396805
21807,35.38451385,,
21808,35.38510895,34.26384735,32.454216
21809,35.38565826,34.26394272,32.45432663
21810,35.38615417,34.26402664,32.45442963
21811,35.38669586,34.26410675,32.45453644
21812,35.38718796,34.26420593,32.45463562
21813,,34.26429367,32.45473099
21814,,34.26437378,32.45481491
21815,35.38871384,,
21817,35.38980865,34.26457214,32.45502853
21818,35.39038086,,
21819,,34.26467133,32.45515823
21820,,34.26472473,32.45521545
21821,35.391819,,
21823,,34.26486206,32.45543671
21824,35.39310455,,
21826,,34.26499176,32.45563126
21827,35.39458466,,
21828,35.39529037,,
21829,,34.26517868,32.45579147
21830,,34.2652626,32.45585251
21831,35.39707565,,
21833,,34.26547623,32.45602036
21834,35.39858627,,
21836,,34.26571655,32.45621109
21837,35.3998909,,
21839,35.4006424,34.26690292,32.45642471
21840,35.40101624,,
21841,35.40135193,34.26753235,32.45656586
21842,35.4018631,34.26779938,32.45663452
21843,35.40232086,34.26803589,32.45670319
21844,,34.26834488,32.45676041
21845,35.4034996,34.26862717,32.45681381
21846,35.40410995,,
21847,,34.27021027,32.45704269
21848,35.40519714,34.27090454,32.45713806
21850,35.40613556,34.27209854,32.45730209
21852,,34.27308655,32.45742798
21854,35.40763092,,
21855,35.40795135,,
21856,,34.27463913,32.45763779
21857,,34.27505493,32.45768738
21859,35.409729,,
21861,,34.27640915,32.4579277
21868,35.41367722,,
21870,35.41447449,34.27814865,32.45937347
21871,35.41486359,,
21872,,34.27839279,32.45962906
21873,,34.27850723,32.45980453
21876,35.41653061,,
21878,,34.27902222,32.46158981
21879,35.41763306,,
21880,35.41793442,,
21881,35.41821671,34.27927017,32.46228027
21882,35.41848755,34.27933502,32.46246719
21883,35.41876984,34.27940369,32.4630127
21884,35.41903305,34.27947235,32.46350479
21885,35.41930008,34.2795372,32.46394348
21886,,34.27961731,32.46434021
21887,35.41977692,34.2796936,32.46469879
21889,35.42024612,34.27983093,32.46533585
21891,,34.27994537,32.4658432
21894,35.42118835,,
21896,35.42153549,34.28036499,32.46673584
21898,35.42188644,34.28059006,32.46698761
21899,35.42205429,,
21900,35.4222374,34.28090668,32.46718597
21901,35.42240906,34.28104401,32.46727371
21902,,34.28116989,32.46736145
21903,35.42272949,34.28128433,32.46743774
21904,35.42290497,,
21905,35.42307281,34.2814827,32.46756744
21906,,34.28158951,32.46761703
21907,35.42338562,34.28168488,32.46766663
21908,35.42353439,,
21909,,34.28185654,32.46775055
21910,,34.28193283,32.4677887
21914,35.42673111,,
21915,35.42721939,,
21916,35.42766571,34.28234863,32.46802139
21917,,34.28239822,32.46805191
21918,,34.282444,32.4680748
21922,35.42981339,,
21924,35.43038559,34.28274155,32.46818542
21926,,34.28285599,32.46821594
21927,35.43119431,,
21928,35.43143845,,
21929,,34.28301239,32.46957016
21930,,34.28311157,32.46994019
21931,35.43209457,,
21933,,34.28340149,32.47143555
21936,35.43306351,,
21938,35.4335022,34.28397751,32.47351837
21939,35.43373489,,
21940,,34.2845192,32.47412491
21941,35.43419647,34.28475189,32.47440338
21943,35.43467712,34.28517532,32.47490311
21945,35.4352417,34.28551483,32.47536469
21946,35.43553162,,
21947,35.43584442,34.28580093,32.47573853
21948,,34.28601837,32.47589874
21949,,34.28621292,32.47604752
21950,35.43664551,,
21952,,34.28679276,32.47641754
21954,35.4375267,,
21955,35.43770981,,
21956,,34.28761673,32.47687531
21957,,34.28779221,32.4769783
21958,35.43821335,,
21959,35.4383812,,
21960,,34.28829956,32.47727585
21961,,34.28846741,32.4773941
21962,35.43884277,,
21963,35.43899155,,
21964,,34.28895187,32.47769165
21965,,34.2890892,32.47777939
21967,35.43947983,,
21969,,34.28985977,32.47807693
21970,35.43994522,,
21972,,34.29034805,32.47826004
21974,35.44126892,,
21976,,34.29092026,32.48098373
21977,35.44229126,,
21979,,34.29125595,32.48239517
21988,35.45103455,,
21990,,34.29293442,32.48509598
21993,35.45426178,,
21995,35.45542145,34.29412079,32.48570251
21996,35.4560585,,
21997,,34.29454422,32.48589706
21998,,34.29476547,32.4859848
21999,35.45762634,,
22001,,34.29536819,32.48619843
22003,35.45929337,,
22004,35.45964813,,
22005,35.45998001,34.29631424,32.48646164
22006,35.46028137,34.29654312,32.48651505
22007,35.46055984,34.29684448,32.48656464
22008,,34.29711533,32.48661041
22009,35.46103668,34.29736328,32.48665237
22010,35.46124649,,
22011,,34.29800415,32.48673248
22012,35.46204376,34.29836273,32.48677063
22013,35.46240234,,
22014,35.46273041,34.29964447,32.48686981
22015,35.46304703,34.30020523,32.48692322
22016,35.46336365,34.30070877,32.48697281
22017,,34.30118179,32.48701477
22018,,34.30166245,32.48705673
22021,35.46504974,,
22023,35.46582031,34.30381393,32.4876442
22025,35.46633911,34.30450439,32.48780441
22027,,34.30480957,32.48787689
22028,35.46856689,,
22030,35.4709053,34.30562973,32.48806381
22031,35.47197342,,
22032,,34.30610275,32.48816681
22033,35.47386169,34.30630875,32.48821259
22035,,34.30670166,32.48829269
22036,35.47621536,,
22037,35.47687531,,
22038,,34.30716705,32.48841476
22039,,34.30729294,32.48854065
22046,35.48135757,,
22047,35.48168945,,
22048,35.48200226,34.3081398,32.48975754
22049,35.48228455,34.3082428,32.48984528
22050,,34.3083725,32.48992538
22051,,34.30849075,32.48999786
22052,35.48308182,,
22053,35.48331833,,
22054,35.48353577,34.30886459,32.49035263
22055,,34.30903625,32.49049377
22056,35.48397064,34.30919266,32.49067688
22057,35.48417664,,
22058,35.484375,34.30948257,32.49102402
22059,,34.30961227,32.49117661
22060,,34.30973053,32.49131775
22061,35.48503494,,
22063,,34.31005096,32.49167252
22065,35.48582458,,
22067,35.48618698,34.31046295,32.49201965
22069,,34.31098175,32.49213791
22073,35.48730087,,
22074,35.48749924,,
22075,,34.31226349,32.49242401
22076,35.48789215,34.31246948,32.49262238
22077,35.48806381,,
22078,35.48828125,34.3130455,32.49298096
22079,,34.31333542,32.49313736
22080,,34.31361008,32.4932785
22086,35.49068069,,
22087,35.4910202,,
22088,35.49133682,34.31564331,32.49404526
22089,,34.31585312,32.49411011
22090,,34.31605148,32.49417114
22091,35.49225235,,
22092,35.49259949,,
22093,35.49291611,34.31660843,32.49449539
22094,,34.31681061,32.49460602
22095,,34.31699371,32.49477386
22101,35.49795532,,
22103,,34.31824493,32.49801254
22106,35.50099564,,
22107,35.50154495,,
22108,35.5020752,34.31918716,32.50350571
22109,35.50255203,34.31938934,32.50468445
22110,,34.31958008,32.50574875
22111,,34.3198967,32.50671768
22122,35.50721741,,
22124,,34.33917236,32.51545715
22125,35.5083046,,
22127,35.50920868,34.3432579,32.51633453
22129,,34.34537125,32.51678467
22130,35.51036072,,
22132,35.51114273,34.34786224,32.51730347
22134,35.51183701,34.34916306,32.51756668
22135,35.51214218,,
22136,35.51244354,34.35023117,32.51778793
22137,35.5127182,34.35069275,32.5178833
22138,,34.35111237,32.51797104
22139,,34.35148621,32.51807022
22140,35.51372147,,
22142,,34.35245514,32.51842499
22144,35.51490021,,
22145,35.51517487,,
22146,,34.35360336,32.51878738
22147,,34.35385895,32.51886368
22149,35.51617432,,
22151,,34.3547287,32.51931381
22156,35.51807404,,
22158,,34.35634995,32.51989365
22161,35.51986694,,
22163,35.52045441,34.35721207,32.52017212
22165,,34.35746002,32.52028275
22166,35.52135086,,
22168,,34.35775375,32.52045441
22169,35.52221298,,
22170,35.52246857,,
22171,,34.35803986,32.52059555
22172,35.52312469,34.35811996,32.5206337
22174,35.52366638,34.35826111,32.52069855
22176,,34.35840988,32.52084351
22180,35.5248642,,
22181,35.52502441,,
22182,,34.35894775,32.52151108
22183,35.52546692,34.35902405,32.52159882
22184,35.52576447,,
22185,35.52603912,34.35916519,32.52238083
22186,35.52628326,34.359272,32.52297592
22187,35.52651215,34.35938644,32.52352142
22188,35.52686691,34.35949707,32.52402115
22189,35.52720642,34.35960388,32.52460861
22190,,34.35971451,32.52514267
22191,,34.36021042,32.52561569
22192,35.52807999,,
22194,,34.36144257,32.52677536
22198,35.52960205,,
22200,35.52997971,34.36306381,32.52826309
22201,35.53026581,,
22202,35.5305748,34.36343384,32.52859116
22203,,34.36360931,32.5287323
22204,,34.36376572,32.528862
22215,35.53404236,,
22216,35.53430557,,
22217,,34.36538315,32.52968216
22218,,34.36568451,32.52970505
22220,35.53587723,,
22222,35.53712845,34.36667633,32.52978134
22224,,34.3670578,32.52984619
22225,35.53883743,,
22227,,34.36771774,32.52993393
22229,35.54060745,,
22230,35.54098129,,
22231,,34.36847305,32.52999115
22232,,34.36861801,32.52999496
22238,35.54582596,,
22240,,34.36987686,32.53062057
22242,35.54809189,,
22244,,34.37052155,32.53120041
22247,35.55080414,,
22249,35.55170441,34.37124252,32.53176117
22251,,34.371521,32.53194427
22252,35.55279922,,
22253,35.55313873,,
22254,,34.37194061,32.53215027
22255,,34.37207031,32.53220749
22256,35.55400848,,
22257,35.55428696,,
22258,,34.37244415,32.53234863
22259,35.55477524,34.37257767,32.53240204
22261,,34.37281036,32.53250122
22265,35.55599976,,
22267,,34.37334442,32.53271103
22269,35.55693436,,
22270,35.55717468,,
22271,35.55742264,34.37369537,32.53281021
22272,35.55766678,34.37377167,32.53282928
22273,,34.37386322,32.53284454
22274,,34.37394714,32.53286362
22277,35.55902481,,
22279,35.55955887,34.37428284,32.53291702
22280,35.55982971,,
22281,35.56017303,34.37438583,32.53299332
22282,,34.37443542,32.53303146
22283,35.56080246,34.37449265,32.5330658
22284,35.56108475,,
22285,35.56139374,34.37460709,32.53313446
22286,,34.37467957,32.53316879
22287,,34.37475967,32.53320313
22291,35.56361389,,
22292,35.56457901,,
22293,,34.37533951,32.53334045
22294,,34.37542725,32.53335571
22295,35.56718445,,
22297,,34.37565613,32.5334053
22298,35.56930542,,
22299,35.56993866,,
22300,35.57051086,34.37589645,32.53348541
22301,,34.37601089,32.5335083
22302,35.57155609,34.37611389,32.53353119
22304,35.57247925,34.37639999,32.53356934
22306,,34.37670517,32.53360748
22307,35.57361984,,
22309,35.57443619,34.37709427,32.53365326
22311,,34.37747955,32.53369141
22315,35.57688522,,
22317,,34.37835693,32.53389359
22318,35.57829285,,
22319,35.5789566,,
22320,,34.37867737,32.53521347
22321,,34.37879944,32.53559113
22322,35.58103561,,
22324,,34.37911224,32.53652573
22325,35.58306122,,
22327,,34.37939072,32.53723526
22330,35.58619308,,
22332,35.58722687,34.37978745,32.53859329
22333,35.58780289,,
22334,,34.3802681,32.53900146
22335,,34.38050079,32.53918457
22336,35.58956528,,
22337,35.59006119,,
22338,35.59051132,34.38114166,32.53966141
22339,,34.38135147,32.53979111
22340,35.59131241,34.38154221,32.53994751
22342,35.59198761,34.38187027,32.54021835
22343,35.59228897,,
22344,,34.38287354,32.54043579
22345,,34.38345718,32.5406189
22346,35.59326935,,
22347,35.59357071,,
22348,,34.38572311,32.54107285
22349,,34.38647842,32.54119873
22352,35.59489059,,
22354,,34.38936234,32.54169464
22355,35.59567261,,
22357,,34.39207077,32.54191208
22358,35.59641266,,
22360,35.59688187,34.39428711,32.542099
22362,,34.3963623,32.54247665
22363,35.59813309,,
22365,35.59897614,34.39878082,32.54290771
22367,,34.40005112,32.54314804
22368,35.60002518,,
22369,35.60032272,,
22370,,34.40177536,32.54420853
22371,35.60102844,34.40262985,32.54450607
22372,35.60135269,,
22373,35.60166931,34.40413666,32.54502106
22374,,34.40478134,32.54524231
22375,,34.40536118,32.54544067
22377,35.60269547,,
22379,,34.40723419,32.54650497
22380,35.6036377,,
22381,35.60391617,,
22382,,34.40822983,32.54795456
22383,,34.40855408,32.54835129
22384,35.60493469,,
22385,35.60541534,,
22386,,34.40932465,32.54932404
22387,35.60624695,34.40953445,32.54959106
22389,,34.40989304,32.55011368
22392,35.60805511,,
22393,35.60834503,,
22394,,34.4106102,32.55113602
22395,35.60890579,34.41072464,32.55128479
22396,35.60991287,,
22397,,34.41120148,32.551548
22398,,34.41153717,32.55166245
22400,35.61338425,,
22402,35.61478424,34.41266251,32.5538559
22404,,34.41308975,32.55550003
22405,35.61645889,,
22407,35.61745071,34.41466904,32.55741882
22409,,34.41549301,32.56028748
22410,35.61893845,,
22411,35.61937332,,
22412,,34.41656494,32.56606674
22413,35.62016678,34.41689301,32.56764603
22415,,34.41763687,32.57034683
22416,35.62117767,,
22418,,34.41865158,32.57349014
22419,35.62211227,,
22421,,34.41944122,32.57601166
22423,35.62345123,,
22425,,34.42019653,32.5786438
22427,35.62549591,,
22428,35.6260376,,
22429,35.62653732,34.42082977,32.58044434
22430,,34.42095947,32.58078766
22431,,34.42108154,32.58109665
22432,35.62780762,,
22434,35.62850189,34.42144394,32.5818634
22436,,34.42163467,32.58225632
22439,35.62978745,,
22441,35.6301651,34.42230988,32.58296967
22442,35.63035202,,
22443,,34.42253494,32.58316422
22444,,34.42264938,32.58324814
22445,35.6308403,,
22447,35.63116455,34.42298126,32.58346176
22448,35.63132095,,
22449,,34.42359543,32.58356094
22450,,34.42388153,32.58362198
22451,35.63182831,,
22453,,34.42457199,32.58377075
22454,35.63230896,,
22456,,34.42510605,32.58389664
22458,35.63332748,,
22460,,34.42571259,32.58404922
22461,35.63406754,,
22463,,34.42605591,32.58416748
22464,35.63501358,,
22465,35.63533401,,
22466,,34.42632675,32.58453751
22467,35.63592148,34.42641068,32.5846405
22468,35.63617706,,
22469,35.63642502,34.42660904,32.58491516
22470,35.63682556,34.42670441,32.58503723
22471,,34.42679214,32.58514786
22472,35.63760757,34.4268837,32.58525085
22473,35.63797379,,
22474,35.63834,34.42706299,32.58542633
22475,35.63869476,34.42716599,32.58550644
22476,35.63905716,34.42725372,32.58557892
22477,35.63940048,34.42734146,32.58564758
22478,35.63971329,34.42742157,32.58573532
22479,,34.42749405,32.58581924
22480,35.64038086,34.42757797,32.58589172
22482,35.64122772,34.42778015,32.58601379
22484,,34.42796707,32.58612823
22485,35.64233017,,
22487,35.64295197,34.42868805,32.58625793
22488,35.64325333,,
22489,35.64351654,34.42967224,32.58632278
22490,35.64375687,34.43013,32.5863533
22491,,34.43054581,32.58637619
22492,35.64464188,34.43092346,32.58639908
22494,,34.43246078,32.5864563
22495,35.64613342,,
22496,35.64658356,,
22497,,34.43427277,32.58652496
22498,35.6476059,34.43476486,32.58654404
22500,,34.4356575,32.586689
22503,35.65033722,,
22505,,34.43738937,32.58700562
22506,35.65166092,,
22508,35.65254974,34.43812943,32.58715057
22510,,34.43860626,32.58723068
22512,35.65491104,,
22513,35.65544128,,
22514,,34.43953705,32.58736038
22515,,34.43975449,32.58738327
22516,35.65678787,,
22518,,34.44032669,32.58745575
22523,35.65887451,,
22524,35.65916443,,
22525,35.65950012,34.44127655,32.58758545
22526,,34.44137573,32.58759689
22527,35.66008759,34.44146729,32.58760834
22529,,34.44164276,32.58763504
22536,35.6621933,,
22538,35.6626091,34.44358826,32.58777618
22539,35.66279984,,
22540,,34.44398117,32.5878067
22541,35.66313171,34.44420624,32.58782578
22543,,34.44460678,32.58785629
22545,35.6639328,,
22546,35.66414642,,
22547,,34.44528961,32.5879097
22548,35.6645546,34.44543839,32.58792877
22549,35.66482925,,
22550,,34.44576645,32.58795929
22551,35.66532898,34.44593811,32.58797073
22553,,34.44625473,32.58800125
22558,35.66950226,,
22559,35.67036438,,
22560,,34.44708252,32.58827972
22561,,34.44717407,32.58832169
22564,35.6740303,,
22566,35.67510986,34.44760513,32.5884819
22567,35.67562103,,
22568,35.67609024,34.44781113,32.58852386
22569,35.67652893,34.44791794,32.58854294
22570,,34.44801712,32.58856201
22571,35.67730713,34.44810486,32.58858109
22572,35.67769241,,
22573,,34.44837189,32.58869934
22574,,34.44849396,32.58875275
22576,35.67937851,,
22577,35.67976379,,
22578,,34.44910049,32.58892822
22579,,34.44924545,32.58896637
22584,35.68252182,,
22586,35.68340302,34.45084381,32.58926392
22588,35.68441391,34.45138168,32.58938599
22589,35.68486023,,
22590,,34.45214462,32.5894928
22591,35.68577576,34.45278168,32.58954239
22593,,34.45388794,32.58964539
22594,35.6870575,,
22595,35.68746567,,
22596,,34.45518112,32.5897789
22597,,34.45553589,32.58981705
22602,35.69025421,,
22603,35.69060135,,
22604,,34.46021271,32.58998871
22605,35.69216537,34.4608078,32.59000397
22607,35.6938324,34.46190643,32.59004211
22609,,34.46281433,32.59007645
22610,35.69683075,,
22611,35.69778824,,
22612,,34.46392822,32.59013748
22613,,34.46423721,32.59016037
22618,35.70261002,,
22620,,34.46577835,32.59023666
22623,35.70521927,,
22624,35.70576096,,
22625,,34.46650314,32.59029007
22626,,34.46663666,32.5902977
22628,35.70877457,,
22630,35.71018982,34.46718597,32.5903244
22632,35.71144867,34.46746445,32.59033203
22634,35.71250153,34.4678154,32.59082031
22636,,34.46815491,32.59165955
22638,35.71461868,,
22640,35.71542358,34.46873093,32.59292603
22641,35.71577072,,
22642,35.71608353,34.46896744,32.5933876
22643,,34.46931076,32.59358215
22644,35.71665955,34.46961975,32.59376144
22646,35.71715164,34.47021103,32.59405518
22647,35.71736526,,
22648,,34.47087097,32.59428406
22649,35.71779251,34.47115707,32.59437943
22651,35.71818542,34.47182846,32.59454346
22653,,34.47249985,32.59468079
22654,35.71874619,,
22656,,34.47329712,32.59487152
22657,35.71932602,,
22658,35.71949768,,
22659,,34.47405624,32.59502792
22660,35.7209549,34.47426987,32.5950737
22662,35.7229805,34.47466278,32.59516907
22663,35.72386932,,
22664,,34.4750061,32.59526443
22665,,34.47516632,32.59531021
22666,35.72611237,,
22668,,34.4756279,32.59542465
22670,35.72832108,,
22672,,34.47612762,32.59566879
22673,35.72954559,,
22675,35.73042297,34.47642517,32.59589767
22677,35.73142242,34.47661972,32.59605789
22679,,34.4767952,32.59620667
22681,35.73317337,,
22683,35.73397064,34.4771347,32.59655762
22685,35.7349472,34.47730637,32.59671402
22687,,34.47763443,32.59685516
22688,35.73621368,,
22689,35.73659897,,
22690,,34.47823715,32.5970192
22691,35.73729324,34.47843552,32.59705734
22693,,34.47878265,32.59720612
22695,35.73838425,,
22696,35.73876953,,
22697,,34.47943878,32.59765244
22698,35.73944855,34.47959518,32.59774399
22700,,34.47989655,32.59789658
22701,35.74034119,,
22702,35.74068451,,
22703,,34.48045731,32.59807968
22704,35.74132538,34.48064423,32.59812164
22706,35.74192429,34.48097992,32.59818649
22708,35.74245453,34.48127365,32.59830856
22710,,34.48168945,32.59860611
22712,35.74340057,,
22713,35.7436409,,
22714,,34.48254013,32.59904861
22715,,34.48287964,32.59913635
22716,35.74438477,,
22718,35.74484634,34.48373413,32.59939194
22720,,34.48419189,32.59960938
22722,35.7456131,,
22723,35.74577713,,
22724,,34.48490143,32.60004425
22725,35.74621964,34.48504639,32.60025406
22726,35.746418,,
22727,35.74669266,34.48535538,32.60061646
22728,,34.48551941,32.60081482
22729,,34.48566437,32.60107803
22730,35.74742126,,
22732,,34.48612213,32.60176849
22738,35.74969101,,
22740,35.75086594,34.48848724,32.60308838
22742,35.7518692,34.48918915,32.60365295
22744,,34.48979187,32.6042099
22747,35.75393295,,
22749,,34.49101257,32.60536957
22750,35.75492477,,
22752,,34.49244308,32.60588837
22757,35.75677109,,
22758,35.75698471,,
22759,,34.49564743,32.60726929
22760,,34.49596786,32.60744476
22761,35.75760269,,
22762,35.75793457,,
22763,,34.49676514,32.60787201
22764,,34.4969902,32.60798645
22765,35.75966644,,
22767,35.76135254,34.49869156,32.60826492
22769,35.76279449,34.50014877,32.60840225
22770,35.76341248,,
22771,35.76401138,34.5013504,32.60853195
22772,35.76468277,34.50189972,32.60860825
22773,35.76528931,34.50241089,32.60867691
22774,,34.50286865,32.60885239
22775,,34.50348663,32.6090126
22780,35.76847839,,
22782,,34.50658798,32.61021805
22784,35.76972198,,
22786,35.77032471,34.50796509,32.61109161
22788,35.77086639,34.508564,32.61141205
22789,35.77111435,,
22790,,34.50909805,32.61167526
22791,35.771595,34.50932693,32.61194992
22792,35.77193832,,
22793,,34.50974655,32.61241531
22794,,34.50994873,32.61262131
22800,35.77423477,,
22802,35.7750473,34.51147461,32.61441803
22804,,34.51178741,32.61497879
22805,35.77611542,,
22806,35.77641678,,
22807,,34.51216507,32.61563492
22808,35.77694702,34.51226807,32.61580658
22809,35.77718353,,
22810,,34.51243973,32.61637878
22811,,34.51251602,32.61662292
22813,35.77900696,,
22815,35.77973175,34.51316071,32.61818695
22817,,34.51430893,32.61911392
22819,35.78091049,,
22821,35.78138733,34.51609421,32.6205101
22822,35.78160477,,
22823,35.78180313,34.51679993,32.6210289
22824,,34.51714706,32.62125015
22825,,34.51764297,32.62145233
22830,35.78336334,,
22832,,34.521492,32.62255096
22833,35.78383636,,
22835,,34.52309799,32.62290573
22843,35.78603363,,
22844,35.78620911,,
22845,,34.52774429,32.62417221
22846,,34.52806854,32.62436676
22848,35.78691483,,
22850,,34.52906799,32.6249733
22857,35.78897858,,
22859,35.78944016,34.53030014,32.62648392
22861,35.7901001,34.53050232,32.62668991
22863,,34.5307312,32.6270256
22864,35.79096985,,
22866,,34.53103638,32.6276474
22867,35.79184723,,
22868,35.79217529,,
22869,,34.53146362,32.62814713
22870,,34.53161621,32.62828445
22871,35.79312134,,
22873,35.7936821,34.53203964,32.62862778
22874,35.79415131,,
22875,,34.53229904,32.62883377
22876,35.79506683,34.53254318,32.62893677
22878,35.79586029,34.53300095,32.62911987
22880,,34.53340149,32.62927246
22881,35.79688263,,
22882,35.79724884,,
22883,,34.5345459,32.62944794
22884,35.79788971,34.5348587,32.62949753
22885,35.798172,,
22886,,34.5354805,32.62958527
22887,,34.53577042,32.62962723
22889,35.79961777,,
22890,35.79994583,,
22891,,34.53666306,32.63013077
22892,,34.53683853,32.63035202
22894,35.80105591,,
22895,35.80146408,,
22896,35.80186081,34.53747559,32.63116837
22897,35.80224609,34.53765106,32.63132477
22898,,34.53781128,32.6314621
22899,,34.53796387,32.63202667
22901,35.80371475,,
22903,35.80444717,34.53860855,32.63378525
22904,35.80476379,,
22905,,34.53943253,32.63450623
22906,35.80534363,34.53981781,32.63484955
22907,35.80560684,,
22908,,34.54048538,32.63544083
22909,,34.54077911,32.6356926
22911,35.80662537,,
22913,,34.54185867,32.63696671
22922,35.81016922,,
22923,35.81082916,,
22924,,34.54467773,32.63898468
22925,,34.54489517,32.63908005
22927,35.81311035,,
22929,,34.54559326,32.6394043
22930,35.81452179,,
22932,35.81552124,34.54610062,32.63965607
22934,,34.54639816,32.63982391
22936,35.81723785,,
22938,,34.54693222,32.64017868
22939,35.81818008,,
22941,,34.54782104,32.64048767
22942,35.81910324,,
22944,35.81962967,34.5487175,32.64080429
22946,35.82012939,34.54970551,32.64097977
22948,,34.55056381,32.64112854
22949,35.82074738,,
22951,,34.5516243,32.64131927
22956,35.82344437,,
22957,35.82379913,,
22958,,34.55342865,32.64167786
22959,,34.55363846,32.6432724
22960,35.82486343,,
22962,,34.55432129,32.64716339
22966,35.82665253,,
22968,35.82715988,34.55556488,32.65235901
22970,,34.55605698,32.65350342
22973,35.8288765,,
22974,35.82926559,,
22975,,34.55726242,32.65552902
22976,35.83017349,34.55747604,32.65589523
22977,35.830616,,
22978,,34.55784607,32.65652084
22979,,34.55799866,32.65678787
22985,35.83507919,,
22986,35.83551788,,
22987,35.8359375,34.55939865,32.65821075
22988,35.83631897,34.55953217,32.65832138
22989,35.83666611,34.55965805,32.65842438
22990,,34.55977631,32.65852356
22991,,34.55988312,32.65861511
22994,35.83815765,,
22996,,34.56096268,32.65901566
22998,35.83910751,,
22999,35.83939362,,
23000,,34.56323624,32.65927505
23001,,34.56368256,32.65932465
23005,35.8411026,,
23007,,34.56620407,32.65956879
23009,35.84250259,,
23011,35.84313965,34.5675621,32.65967941
23013,35.84374237,34.56830978,32.659729
23014,35.84402847,,
23015,,34.56921005,32.65977478
23016,,34.5696373,32.65979767
23017,35.8447876,,
23018,35.84500122,,
23019,35.84540558,34.57078552,32.65988541
23020,,34.57113647,32.65990829
23021,35.84613419,34.57145309,32.65993118
23022,35.84648132,,
23023,,34.57217026,32.65996552
23024,35.84711075,34.57256699,32.65998459
23026,,34.57325745,32.66002274
23028,35.84801483,,
23030,,34.57409668,32.66007233
23031,35.84887695,,
23033,,34.57477188,32.66010284
23037,35.85077667,,
23039,,34.57607269,32.66012955
23041,35.85282135,,
23043,,34.57671356,32.66028595
23047,35.85544586,,
23049,35.85638428,34.57759094,32.66095352
23051,35.85747147,34.57894897,32.66111374
23053,,34.58018112,32.66124725
23055,35.85921097,,
23056,35.85957336,,
23057,,34.58223343,32.66143799
23058,35.86022568,34.58273697,32.66147614
23060,,34.58468246,32.66155624
23061,35.8610611,,
23062,35.86133194,,
23063,35.86165237,34.58832169,32.66165543
23064,,34.58931732,32.66168213
23065,35.86238098,34.59022903,32.66170883
23067,,34.59183884,32.66177368
23070,35.86415482,,
23072,35.86497116,34.59485245,32.66191483
23074,,34.59579086,32.66196442
23075,35.86625671,,
23077,35.86745834,34.59693146,32.66204834
23078,35.86805725,,
23079,35.86862946,34.59754562,32.66209793
23080,,34.59782028,32.66212463
23081,,34.59806824,32.66214752
23084,35.87126923,,
23086,35.87229919,34.59929657,32.662323
23088,,34.60021591,32.66248322
23092,35.87623596,,
23093,35.87696075,,
23094,,34.60279465,32.66300583
23095,,34.60329437,32.66306686
23100,35.88127518,,
23102,35.88229752,34.60569,32.66359329
23103,35.88287735,,
23104,35.88370514,34.60614395,32.66379166
23105,,34.60634232,32.66392899
23106,,34.60652161,32.66424942
23109,35.88790512,,
23110,35.8885994,,
23111,35.88922882,34.60721207,32.66544342
23112,,34.60731125,32.6656189
23113,,34.60779953,32.66579056
23115,35.89126587,,
23116,35.89167404,,
23117,,34.60937881,32.66631699
23118,35.89263535,34.60969925,32.66643143
23120,35.8937645,34.61048889,32.66693878
23122,,34.61114502,32.66819
23126,35.89674377,,
23127,35.89719391,,
23128,,34.61291885,32.67116928
23129,,34.61321259,32.67157364
23131,35.8986702,,
23132,35.89898682,,
23133,35.89928055,34.61454773,32.6735611
23134,,34.61483765,32.67402267
23135,,34.61511993,32.67443466
23136,35.9001236,,
23138,,34.61584854,32.67551422
23139,35.90136719,,
23141,35.90234375,34.61698914,32.67653275
23142,35.90278244,,
23143,35.90323639,34.61779022,32.67724609
23144,,34.61814117,32.67755508
23145,35.90402985,34.61848831,32.67785263
23146,35.90445709,,
23147,,34.61909866,32.67835999
23148,35.90558624,34.61936188,32.67857742
23150,35.90697098,34.62000656,32.67893982
23152,,34.62062836,32.67926788
23153,35.90917969,,
23154,35.91007233,,
23155,35.91088486,34.62138367,32.67973709
23156,,34.62160492,32.67986679
23157,,34.62198257,32.68000412
23160,35.91467667,,
23161,35.91530991,,
23162,,34.62373734,32.68067932
23163,,34.6240387,32.68078995
23164,35.91693115,,
23165,35.91743088,,
23166,,34.62478256,32.68112183
23167,,34.62498856,32.68123627
23168,35.91907501,,
23169,35.91959381,,
23170,,34.62559509,32.68153381
23171,,34.62578964,32.681633
23175,35.92234039,,
23177,35.92309189,34.62683105,32.6821022
23179,,34.62708282,32.68222046
23183,35.92693329,,
23185,35.92841721,34.62902832,32.68248367
23186,35.92907333,,
23187,35.92967987,34.62968826,32.68257904
23188,,34.62996674,32.68263626
23189,,34.63022614,32.68273544
23190,35.93134689,,
23192,,34.63090134,32.68297958
23195,35.93441772,,
23196,35.93496323,,
23197,35.93674088,34.6317215,32.68326569
23198,,34.63183975,32.68330765
23199,,34.63195038,32.68336105
23200,35.941185,,
23201,35.94242096,,
23202,,34.63222885,32.68350601
23203,,34.63232422,32.68354797
23205,35.9463768,,
23206,35.94716644,,
23207,,34.63284683,32.68372726
23208,,34.63297272,32.68376923
23209,35.94913864,,
23210,35.94971085,,
23211,,34.63327789,32.68387604
23212,,34.63336563,32.68392181
23214,35.95151901,,
23216,35.95226669,34.63371277,32.68412018
23217,35.95268631,,
23218,,34.63387299,32.68422318
23219,,34.63393784,32.68426895
23221,35.95412445,,
23223,,34.634758,32.68445587
23225,35.95543289,,
23227,35.95591736,34.6356926,32.68534088
23229,35.95636368,34.6360817,32.68599319
23231,35.95681763,34.63640213,32.68652725
23233,,34.6366806,32.68696213
23241,35.95848465,,
23242,35.9587326,,
23243,,34.63834,32.68817902
23244,,34.63847733,32.68824768
23245,35.95954514,,
23247,,34.63887405,32.68844986
23249,35.96054459,,
23250,35.96079636,,
23251,35.96102142,34.64012527,32.68863297
23252,35.9612236,34.6414299,32.68867111
23253,,34.64260864,32.68870163
23254,,34.64367294,32.68873215
23260,35.96255493,,
23262,,34.65136337,32.69018173
23263,35.96292114,,
23265,,34.6543045,32.69052124
23267,35.96358109,,
23269,,34.65711975,32.6908493
23270,35.96435928,,
23271,35.9646225,,
23272,,34.65869522,32.69170761
23273,,34.65914536,32.69238281
23278,35.96749115,,
23280,35.96832657,34.66150665,32.69564438
23281,35.96871185,,
23282,,34.66209793,32.69627762
23283,,34.66238403,32.69656372
23284,35.96973038,,
23286,35.97052765,34.66326141,32.69729996
23288,,34.66374588,32.69773483
23289,35.97162628,,
23290,35.97197342,,
23291,,34.66545868,32.69828415
23292,35.97266388,34.66594696,32.69844437
23294,,34.66700363,32.69872665
23299,35.97583771,,
23301,35.97676468,34.66959381,32.70043945
23303,35.97764587,34.67014313,32.70086288
23305,35.97847366,34.67074966,32.70124817
23307,,34.67124939,32.70194244
23308,35.979496,,
23310,,34.67187119,32.70275497
23312,35.98076248,,
23313,35.98108292,,
23314,35.98137665,34.6725235,32.70355606
23315,35.98164749,34.67265701,32.70378113
23316,,34.67294693,32.70399475
23317,35.98220062,34.67327881,32.704216
23318,35.98247147,,
23319,,34.67385483,32.70459366
23320,,34.67409897,32.70476151
23324,35.98450089,,
23325,35.98486328,,
23326,35.98522949,34.67549515,32.70541763
23327,,34.67572021,32.70549774
23328,35.98595047,34.67595673,32.70557022
23330,,34.67642593,32.70569992
23331,35.98748016,,
23332,35.98799515,,
23333,,34.6770134,32.70586014
23334,,34.67721558,32.7059021
23336,35.9900856,,
23337,35.99054718,,
23338,,34.67799759,32.70605087
23339,,34.67818832,32.70608902
23343,35.99296188,,
23345,,34.67983627,32.70631409
23346,35.99408722,,
23348,35.99468613,34.68058395,32.70640564
23350,,34.68098068,32.70645142
23353,35.9968338,,
23354,35.99791336,,
23355,,34.68249893,32.7065773
23356,35.99982452,34.68273544,32.70661926
23358,36.00140381,34.68324661,32.70670319
23360,,34.68381119,32.70682907
23361,36.00336075,,
23363,,34.68450928,32.70702362
23364,36.00545883,,
23366,,34.68503952,32.70715332
23371,36.01110458,,
23373,36.01233292,34.68663788,32.70736313
23375,36.01366043,34.68781662,32.70742035
23377,,34.68879318,32.70758438
23381,36.01675034,,
23383,,34.69085693,32.70825577
23387,36.01920319,,
23388,36.01957321,,
23389,36.01990509,34.69232559,32.7090683
23390,,34.69252777,32.70923615
23391,,34.69274521,32.70938873
23394,36.02136612,,
23396,36.02193832,34.69358063,32.71102905
23397,36.02220917,,
23398,,34.69382477,32.71177292
23399,36.02271271,34.69392776,32.71208954
23401,,34.6941185,32.71281815
23405,36.02412033,,
23407,,34.69464493,32.71429825
23409,36.02498245,,
23411,,34.69511414,32.71489716
23412,36.02560425,,
23414,,34.69544601,32.71520233
23415,36.02619171,,
23417,,34.6960144,32.71543884
23419,36.02708435,,
23421,36.02773666,34.69735718,32.71569061
23422,36.02809143,,
23423,36.02840805,34.69790268,32.71608353
23424,,34.69821548,32.71625519
23425,,34.69850159,32.71640778
23429,36.03033829,,
23431,36.03100967,34.69983673,32.71834564
23433,36.03162003,34.70024872,32.71877289
23434,36.03196716,,
23435,,34.70060349,32.71914673
23436,,34.7007637,32.71931458
23437,36.03291321,,
23439,36.03393936,34.7011795,32.71973038
23440,36.03440857,,
23441,36.03485107,34.70144272,32.71997452
23442,36.03525925,34.70155334,32.72008133
23443,,34.70165253,32.72018814
23444,36.036129,34.70174789,32.72035599
23446,,34.70192719,32.7206459
23447,36.03720856,,
23449,,34.70230103,32.7209816
23450,36.03807831,,
23451,36.03842926,,
23452,,34.70277786,32.72124863
23453,36.0390625,34.70299911,32.72134399
23454,36.0393486,,
23455,36.03962326,34.70338058,32.72150421
23456,36.03988266,34.70354843,32.72157669
23457,,34.70370483,32.72164536
23458,,34.70392227,32.72170639
23460,36.04209137,,
23461,36.0427475,,
23462,36.04333878,34.70472336,32.72192383
23463,,34.70488358,32.72200012
23464,36.04436874,34.70503235,32.72206497
23465,36.04481888,,
23466,36.04526138,34.70545197,32.7221756
23467,,34.70569611,32.72222137
23468,,34.70591736,32.72226715
23471,36.04765701,,
23473,36.04874802,34.7070961,32.722435
23474,36.04923248,,
23475,36.04967499,34.70771408,32.72248077
23476,36.05016708,34.70798874,32.72250366
23477,36.05061722,34.70824051,32.72252655
23478,36.05107117,34.70849609,32.72254562
23479,,34.70872879,32.72256088
23480,36.05186081,34.7089386,32.72257996
23482,36.0525322,34.70949936,32.72260666
23483,36.05282593,,
23484,,34.71008682,32.72264099
23485,,34.71033478,32.72268295
23490,36.05460739,,
23492,,34.71177673,32.72288895
23493,36.05536652,,
23494,36.05559158,,
23495,36.05579758,34.71232224,32.72305679
23496,,34.71249771,32.72310638
23497,,34.71266937,32.72315598
23498,36.0563736,,
23500,,34.71310806,32.72331619
23501,36.05714798,,
23503,36.05754852,34.71349716,32.72343826
23505,,34.71375656,32.72351074
23507,36.05860901,,
23508,36.05894089,,
23509,,34.71448135,32.72444534
23510,,34.71465683,32.72470474
23511,36.06001282,,
23513,36.0611496,34.7151413,32.72533035
23515,,34.71541595,32.72565079
23516,36.062603,,
23518,36.0634346,34.71575165,32.72606277
23520,,34.71593475,32.72631073
23522,36.0650177,,
23524,36.06613541,34.71637344,32.72667694
23526,36.0670929,34.71667862,32.72689819
23527,36.06750107,,
23528,,34.71693802,32.72711563
23529,,34.71705627,32.727211
23530,36.06854248,,
23531,36.06895828,,
23532,,34.71735764,32.72743988
23533,,34.71747208,32.72750854
23534,36.07031631,,
23536,,34.71778107,32.72766495
23541,36.07301712,,
23542,36.07336044,,
23543,,34.71837997,32.7293663
23544,36.07428741,34.71845245,32.72977448
23545,36.07470703,,
23546,36.07535553,34.71862793,32.73077393
23547,,34.71873856,32.73134613
23548,,34.71883774,32.73185349
23549,36.07699966,,
23551,,34.71909714,32.73313141
23553,36.07863235,,
23555,36.07927322,34.7193985,32.73434067
23556,36.07956696,,
23557,36.07983017,34.71979523,32.73478699
23558,,34.7199707,32.73498154
23559,,34.72025299,32.7351532
23560,36.08094406,,
23562,,34.72095871,32.73558807
23566,36.08428574,,
23567,36.0850296,,
23568,,34.72211456,32.73617935
23569,36.08634186,34.72228241,32.73625183
23571,,34.72263336,32.73637772
23574,36.08872223,,
23575,36.08909607,,
23576,,34.72359085,32.73706818
23577,36.08986664,34.7237587,32.73720169
23579,,34.72415161,32.73749924
23589,36.09301376,,
23591,36.09365082,34.72674179,32.73889542
23592,36.09408951,,
23593,36.09451294,34.72703171,32.73921967
23594,,34.72716522,32.73939514
23595,36.09530258,34.72732162,32.73955536
23597,,34.72761917,32.73994064
23598,36.09641647,,
23600,,34.72803497,32.74053955
23601,36.09753799,,
23603,36.09817123,34.72855377,32.74104691
23604,36.09846497,,
23605,36.09883881,34.72887421,32.74134064
23606,,34.72920227,32.74147797
23607,,34.729496,32.74160385
23608,36.09988785,,
23609,36.10020828,,
23610,,34.73025894,32.7419281
23611,,34.73047638,32.74201965
23612,36.10102463,,
23614,36.10157776,34.73098755,32.74304199
23616,,34.73128891,32.74383545
23618,36.10289001,,
23620,,34.73181534,32.74506378
23624,36.10472488,,
23626,,34.73298264,32.74654007
23629,36.10648346,,
23630,36.10700226,,
23631,,34.73521042,32.74754333
23632,,34.73583603,32.74769211
23635,36.11065674,,
23637,36.11311722,34.73884583,32.74827957
23639,,34.74032211,32.74848175
23644,36.12024689,,
23646,36.12198639,34.74640656,32.7491684
23648,,34.74785995,32.74939346
23652,36.12596893,,
23654,36.12688446,34.75128174,32.75068665
23656,36.12764359,34.75228882,32.75119019
23658,,34.75312424,32.75160217
23659,36.12865829,,
23660,36.12897873,,
23661,36.12927246,34.75440598,32.75284576
23662,,34.75479889,32.75329971
23663,36.13062286,34.75515747,32.7537117
23665,,34.75579834,32.75441742
23672,36.13567352,,
23674,,34.76169586,32.75788116
23675,36.1370697,,
23677,36.13791275,34.76383209,32.76000977
23678,36.13834763,,
23679,,34.7651329,32.76109695
23680,,34.76573563,32.76156616
23681,36.13942337,,
23683,,34.76722336,32.76272964
23685,36.14191818,,
23687,,34.7689209,32.76387405
23688,36.1437645,,
23690,,34.77010345,32.76449585
23691,36.14534378,,
23692,36.14583206,,
23693,36.14627457,34.77116394,32.76506805
23694,36.14673233,34.77145767,32.76523972
23695,,34.77172089,32.7653923
23696,36.14753342,34.77196121,32.76553726
23697,36.14788055,,
23698,,34.77241898,32.76577759
23699,,34.77263641,32.76588058
23702,36.14933777,,
23704,,34.77349854,32.76625824
23707,36.15046692,,
23709,36.15081024,34.77416229,32.7664566
23711,,34.7743721,32.76651382
23713,36.15182877,,
23715,,34.77471924,32.76661682
23716,36.15262985,,
23717,36.15288544,,
23718,,34.77494431,32.76668167
23719,36.15335083,34.77502441,32.76670456
23721,,34.7752037,32.76674652
23723,36.1540947,,
23725,36.1545105,34.77561951,32.76689529
23727,,34.77579498,32.76696396
23729,36.15538788,,
23731,36.15582657,34.77608109,32.76709747
23732,36.1561203,,
23733,,34.77619553,32.76719666
23734,36.15662384,34.7762413,32.76724243
23735,36.15683746,,
23736,,34.77633286,32.76731873
23737,,34.77638245,32.76734543
23738,36.15739441,,
23740,36.15779114,34.77687073,32.76756287
23741,36.15797043,,
23742,,34.7772522,32.76771927
23743,,34.77745819,32.76779938
23745,36.15857315,,
23746,36.15870667,,
23747,,34.77824783,32.76807022
23748,,34.77845764,32.76812363
23749,36.1603508,,
23751,,34.7791214,32.76832962
23752,36.16274643,,
23754,36.16402054,34.77961349,32.76856995
23756,,34.77992249,32.76869583
23758,36.1660614,,
23760,,34.78057098,32.7690506
23763,36.16817474,,
23764,36.16857147,,
23765,,34.78134155,32.77480316
23766,,34.78149414,32.7756424
23767,36.16965866,,
23769,,34.78190994,32.77773285
23778,36.17248154,,
23779,36.17276382,,
23780,,34.78392792,32.78191757
23781,,34.78426361,32.7821312
23787,36.17472458,,
23789,,34.78615189,32.78333282
23793,36.17675018,,
23795,36.17734909,34.78707123,32.78388596
23797,36.17827606,34.78728867,32.78409958
23799,,34.78747177,32.78429031
23800,36.18003464,,
23802,,34.78783417,32.78452682
23804,36.1820755,,
23805,36.18250656,,
23806,36.18291855,34.78833771,32.78498459
23807,,34.78844833,32.7850914
23808,,34.78855133,32.78519058
23812,36.18488693,,
23814,36.18540955,34.78930283,32.78578949
23815,36.18569565,,
23816,,34.78968811,32.78593826
23817,36.18619919,34.78990555,32.7859993
23819,36.18666077,34.7902832,32.78661346
23820,36.18704224,,
23821,36.18741226,34.79070282,32.7875824
23822,,34.79089355,32.78800201
23823,36.18812561,34.79124069,32.78837585
23824,36.18849945,,
23825,,34.79259109,32.78901291
23826,,34.79316711,32.78927994
23827,36.18944168,,
23829,,34.79465866,32.7899437
23830,36.19021225,,
23831,36.19047546,,
23832,,34.79592514,32.7905426
23833,,34.79631805,32.79072952
23835,36.19152451,,
23837,,34.7978096,32.79132843
23842,36.19351959,,
23843,36.19389343,,
23844,36.19423676,34.79964828,32.79337311
23845,36.19458771,34.79988098,32.7938118
23846,36.19491959,34.80009079,32.7942276
23847,,34.80029678,32.79460144
23848,,34.80048752,32.79493713
23849,36.19812012,,
23850,36.1994133,,
23851,,34.80101013,32.79576874
23852,,34.80115509,32.79600143
23854,36.20351028,,
23856,,34.80161667,32.79692841
23859,36.2070694,,
23861,,34.80202866,32.79768753
23864,36.20943451,,
23865,36.20980453,,
23866,36.21013641,34.80250168,32.79814911
23867,,34.80259323,32.7982254
23868,36.21073532,34.80268478,32.79829788
23870,,34.80283737,32.79841614
23872,36.2118187,,
23873,36.21205139,,
23874,,34.80313873,32.79859543
23875,,34.80324554,32.79863358
23882,36.21513748,,
23884,,34.804142,32.79888916
23887,36.21693039,,
23888,36.21726227,,
23889,36.21756744,34.80485153,32.79896164
23890,36.21784973,34.80506897,32.79896545
23891,36.21810913,34.80564499,32.79896927
23892,36.21834946,34.80615616,32.79897308
23893,,34.80662155,32.7989769
23894,36.21878433,34.80704498,32.79898071
23896,36.21918488,34.80786133,32.79899216
23898,36.21982574,34.80954742,32.79901123
23899,36.22012329,,
23900,36.22039795,34.8112793,32.7990303
23901,,34.81201935,32.79903412
23902,36.22089386,34.81268692,32.79904175
23903,36.2211113,,
23904,,34.81407928,32.79908752
23905,36.22154999,34.81495667,32.79912567
23907,36.22221756,34.81654739,32.79935074
23909,,34.81796646,32.79966736
23912,36.22423172,,
23913,36.22463608,,
23914,,34.82060623,32.8002243
23915,36.22534943,34.82101059,32.80030823
23916,36.22566605,,
23917,36.22595215,34.82172775,32.80045319
23918,36.22621536,34.82203674,32.80051422
23919,,34.82233047,32.80080795
23920,,34.82260132,32.80107498
23921,36.22692871,,
23922,36.22714996,,
23923,,34.82335663,32.80177307
23924,,34.82357025,32.80196762
23925,36.22779083,,
23927,,34.82415771,32.80244446
23928,36.22843933,,
23930,,34.82463455,32.80348969
23932,36.22922897,,
23933,36.22951508,,
23934,,34.82511902,32.80593872
23935,,34.82523346,32.80641556
23937,36.23073959,,
23939,,34.82571793,32.8079071
23942,36.23301315,,
23943,36.23339462,,
23944,36.23374176,34.82627106,32.80913162
23945,,34.82642746,32.80932617
23946,,34.82657242,32.80952835
23947,36.2348175,,
23948,36.23512268,,
23949,36.23543167,34.82699966,32.81016159
23950,36.23571777,34.82713318,32.81033707
23951,,34.82725906,32.81049347
23952,,34.8273735,32.81064606
23953,36.2364769,,
23955,,34.82771683,32.81101608
23958,36.23751831,,
23959,36.23769379,,
23960,,34.82907486,32.8115921
23961,,34.82933426,32.81167984
23962,36.23886108,,
23964,,34.8303299,32.81189728
23966,36.24158859,,
23968,,34.83138657,32.81211853
23969,36.24327469,,
23970,36.24373627,,
23971,36.24420929,34.83203506,32.81227875
23972,,34.83222198,32.81313324
23973,36.24505997,34.83239365,32.81390381
23974,36.24543381,,
23975,36.24602127,34.83272552,32.81521988
23976,,34.83288956,32.81578064
23977,,34.83310699,32.81628799
23978,36.24772644,,
23980,,34.83370972,32.81756592
23987,36.2517128,,
23989,,34.83913422,32.82181549
23991,36.25302124,,
23993,,34.84439087,32.82296753
23997,36.25450897,,
23999,36.25491714,34.84959412,32.82411575
24000,36.25511169,,
24001,,34.85090256,32.82445145
24002,,34.8519249,32.82459259
24005,36.25605392,,
24007,36.25647736,34.85583115,32.82515717
24008,36.25666428,,
24009,36.25709915,34.85704422,32.82530594
24010,,34.85757065,32.82536697
24011,36.2578392,34.85804367,32.82542038
24013,,34.85886383,32.8257103
24014,36.25885773,,
24016,,34.86014557,32.82605743
24020,36.26093292,,
24022,36.26177216,34.86309052,32.82654953
24023,36.262146,,
24024,,34.86401749,32.82667542
24025,,34.86446381,32.82673264
24028,36.26336288,,
24030,,34.8662796,32.82736969
24031,36.26422882,,
24032,36.26466751,,
24033,,34.86764526,32.82803726
24034,,34.86805344,32.82822037
24035,36.26586914,,
24037,,34.86908722,32.82867432
24041,36.26776505,,
24043,,34.87048721,32.82932281
24047,36.27096558,,
24048,36.27230453,,
24049,,34.87156296,32.82987213
24050,,34.87170792,32.82994461
24051,36.27562714,,
24052,36.27654266,,
24053,,34.87230301,32.83013535
24054,,34.87257385,32.83019257
24055,36.27885437,,
24057,36.28012085,34.8733139,32.83037186
24059,,34.873806,32.83047485
24062,36.28527451,,
24064,,34.87509155,32.83084106
24065,36.28753281,,
24067,36.28871536,34.87573624,32.83102798
24069,36.28973007,34.87613297,32.83113098
24071,36.29059982,34.87657928,32.83121109
24073,,34.87694931,32.83127594
24076,36.29220963,,
24078,,34.87857819,32.83140945
24082,36.29380798,,
24083,36.29401016,,
24084,,34.87984848,32.83161545
24085,,34.88000107,32.83169937
24086,36.29467392,,
24087,36.29494858,,
24088,,34.88038254,32.83188248
24089,,34.88048553,32.83193207
24094,36.29648972,,
24096,,34.88298035,32.83226013
24098,36.29706955,,
24100,,34.88460159,32.83240891
24101,36.29750824,,
24103,,34.88551712,32.83248901
24105,36.2983017,,
24107,,34.88652039,32.83262253
24112,36.29957962,,
24114,,34.88817215,32.83340836
24116,36.30020905,,
24118,36.30052185,34.88891983,32.83369827
24120,36.3010788,34.88924408,32.83385086
24122,,34.88952255,32.83398056
24123,36.30175781,,
24124,36.30197525,,
24125,,34.8898468,32.83413315
24126,,34.88994598,32.83417511
24134,36.30367661,,
24136,36.30392456,34.89068604,32.83451843
24138,,34.89080429,32.8346138
24139,36.30438614,,
24140,36.30454254,,
24141,36.3046875,34.89109802,32.83472061
24142,,34.89117813,32.83475113
24143,,34.89125061,32.83478165
24144,36.30511475,,
24146,,34.89147568,32.83488083
24149,36.30570602,,
24150,36.30581284,,
24151,36.3059082,34.89193726,32.8350296
24152,36.30599594,34.89208221,32.8350563
24153,36.30612183,34.89223099,32.83507919
24154,,34.89237213,32.83509827
24155,,34.8925209,32.83512497
24156,36.30650711,,
24158,,34.89296722,32.83517456
24159,36.30717087,,
24160,36.30737686,,
24161,36.30756378,34.89345551,32.83522797
24162,36.30773544,34.89371872,32.83524704
24163,,34.89395523,32.83526611
24164,36.30810165,34.89416885,32.83528137
24165,36.30830765,,
24166,36.30850983,34.89459229,32.83533478
24167,36.30869293,34.89477539,32.83536148
24168,,34.89495468,32.83538818
24169,,34.89511871,32.83540726
24170,36.30927277,,
24171,36.30944061,,
24172,,34.89556885,32.83545303
24173,36.3097496,34.89569092,32.83546448
24175,,34.89589691,32.83602905
24176,36.31021118,,
24178,,34.89616013,32.83738708
24179,36.31085587,,
24181,,34.89639282,32.83839035
24184,36.31199265,,
24185,36.31221771,,
24186,36.31243896,34.89687729,32.83985901
24187,,34.89696503,32.84009552
24188,,34.89705276,32.84030533
24192,36.31368256,,
24193,36.31438828,,
24194,36.31503296,34.89786911,32.84134674
24195,36.31561279,34.89803696,32.84149933
24196,,34.89825439,32.84163284
24197,,34.89845276,32.84176254
24201,36.31843567,,
24202,36.31879425,,
24203,36.31912613,34.89979172,32.84235382
24204,,34.90013123,32.8424263
24205,36.32039642,34.90047073,32.84250259
24206,36.32110596,,
24207,,34.90109634,32.84276199
24208,,34.90136719,32.84294891
24212,36.32553482,,
24214,,34.90732956,32.84386444
24220,36.33069611,,
24222,36.33166504,34.91279602,32.84527588
24223,36.33213425,,
24224,36.33263016,34.91361618,32.84553146
24225,,34.91417313,32.84564972
24226,36.33350754,34.91471481,32.84576035
24228,,34.91572952,32.84595108
24229,36.33459091,,
24230,36.33489227,,
24231,36.33522034,34.91692734,32.84620285
24232,,34.9177742,32.84627151
24233,36.33604431,34.9185524,32.84634018
24234,36.33651733,,
24235,36.33695602,34.91988373,32.84646606
24236,,34.92045593,32.84651947
24237,,34.92097855,32.84657288
24238,36.33819962,,
24240,,34.92237091,32.84702301
24241,36.33924866,,
24243,,34.92356873,32.84737396
24245,36.3404808,,
24247,36.3409996,34.92466736,32.84772491
24249,36.34147644,34.92516708,32.84787369
24250,36.34171677,,
24251,36.3419838,34.92559433,32.84833145
24252,,34.92577362,32.84852219
24253,,34.92593765,32.84869766
24255,36.34295273,,
24257,36.34337997,34.9264679,32.84929276
24259,36.34378815,34.92669678,32.84951782
24260,36.34396744,,
24261,36.34427643,34.92713928,32.84999466
24262,,34.9274292,32.85033798
24263,,34.92769241,32.85065842
24268,36.34629822,,
24270,,34.92941284,32.85240936
24276,36.34999466,,
24278,36.35097122,34.93214798,32.85330963
24280,,34.9327507,32.85342407
24281,36.35217667,,
24283,36.35299683,34.93362427,32.85375214
24285,36.35370636,34.93409348,32.85391998
24286,36.35411453,,
24287,,34.93451309,32.85406494
24288,36.35482025,34.93474579,32.85412598
24289,36.35512543,,
24290,36.35540009,34.93516541,32.85422134
24291,36.35564804,34.93534851,32.85426331
24292,36.35587311,34.93551254,32.85438156
24293,,34.93567276,32.854496
24294,36.35630798,34.93581772,32.85460281
24296,,34.93606949,32.8547821
24300,36.35759354,,
24302,36.35805893,34.93680573,32.85513687
24303,36.35842133,,
24304,,34.9370575,32.85521317
24305,,34.93716431,32.85524368
24306,36.35935211,,
24308,,34.93744659,32.85532761
24309,36.36010742,,
24310,36.36035538,,
24311,,34.93771744,32.85540009
24312,36.36088181,34.93780136,32.85542679
24313,36.36114883,,
24314,36.36141205,34.93794632,32.85548019
24315,36.36166,34.93801498,32.85549927
24316,,34.93807602,32.85552216
24317,,34.9381485,32.85554886
24321,36.36306,,
24322,36.36326218,,
24323,36.36365891,34.93847656,32.85593033
24324,,34.93853378,32.8561821
24325,36.36434937,34.93858337,32.85640717
24327,,34.93876266,32.85679245
24328,36.36522293,,
24329,36.36549759,,
24330,,34.93898773,32.85724258
24331,,34.93904877,32.85735703
24332,36.36625671,,
24334,,34.93936157,32.8576622
24336,36.36740494,,
24338,36.36789322,34.94015503,32.85999298
24340,36.36837387,34.94062805,32.8614502
24342,,34.94102097,32.86303329
24343,36.36898804,,
24345,36.36940002,34.94162369,32.86490631
24347,,34.94194794,32.86589432
24351,36.37062454,,
24353,,34.94277573,32.86797714
24355,36.37184906,,
24356,36.37217712,,
24357,,34.94324493,32.86881256
24358,,34.94333649,32.86897659
24361,36.37437439,,
24363,,34.94378662,32.87060165
24368,36.37756348,,
24370,,34.94495773,32.87228775
24374,36.37975311,,
24375,36.38006592,,
24376,,34.94665527,32.873703
24377,36.38061905,34.94696808,32.87421036
24379,,34.9478302,32.87514114
24381,36.38212204,,
24383,,34.94968796,32.87658691
24384,36.3831749,,
24385,36.38347626,,
24386,36.3839035,34.95106125,32.87734604
24387,,34.95164871,32.87755203
24388,36.38469315,34.95218277,32.87773514
24389,36.38514328,,
24390,,34.9530983,32.87814331
24391,,34.95349503,32.87835312
24395,36.38877487,,
24396,36.38973618,,
24397,36.39061737,34.95531082,32.87920761
24398,,34.95560074,32.87929916
24399,,34.95586395,32.8793869
24402,36.39424133,,
24403,36.39482117,,
24404,36.39543915,34.95690155,32.87979126
24405,,34.95706177,32.87985611
24406,36.39658737,34.95720673,32.87990952
24408,36.39755249,34.95749283,32.87999344
24410,,34.95776367,32.88032913
24413,36.39996719,,
24414,36.40047455,,
24415,,34.95833588,32.88099289
24416,,34.9584465,32.88108826
24419,36.40272141,,
24420,36.40309525,,
24421,36.40343475,34.95888138,32.88148117
24422,,34.95898438,32.88154221
24423,,34.95908356,32.88160324
24427,36.4076767,,
24429,,34.96014786,32.88188553
24430,36.40937042,,
24431,36.40985489,,
24432,36.41028976,34.96060562,32.88198853
24433,36.41077423,34.96075439,32.88201904
24434,36.41124344,34.96090698,32.88206482
24435,,34.96105194,32.88210297
24436,36.41220093,34.96120453,32.8821373
24438,36.41317749,34.96176147,32.88220978
24439,36.41361618,,
24440,,34.96222305,32.88225937
24441,36.41457748,34.96242142,32.88227844
24443,,34.96279144,32.88231659
24446,36.41684341,,
24448,36.41766357,34.96386337,32.88261795
24450,,34.9642868,32.88279724
24454,36.42046356,,
24456,,34.96707535,32.88317108
24460,36.42309189,,
24461,36.42350769,,
24462,36.42389297,34.97013474,32.8834877
24463,36.4242363,34.97051239,32.88353729
24464,,34.97085953,32.88357925
24465,,34.97117615,32.88362885
24466,36.42560196,,
24468,,34.97195816,32.88375473
24469,36.42803955,,
24471,36.42995834,34.97260666,32.88399887
24472,36.43078232,,
24473,,34.97297668,32.88441849
24474,36.43225098,34.97314072,32.88465881
24475,36.43289948,,
24476,,34.97343445,32.88527298
24477,,34.97357178,32.88563538
24478,36.43462372,,
24480,,34.97393799,32.88657761
24485,36.43865967,,
24486,36.43933487,,
24487,,34.97476578,32.88813782
24488,,34.97488785,32.88828278
24489,36.44107056,,
24491,,34.97519302,32.8886795
24493,36.44300461,,
24495,,34.97566223,32.88931656
24496,36.44406891,,
24498,,34.97605515,32.88991547
24503,36.44723892,,
24505,36.44794083,34.97678757,32.89077377
24506,36.44826126,,
24507,,34.97730637,32.89094543
24508,,34.97752762,32.89102554
24510,36.44932556,,
24511,36.44954681,,
24512,36.44980621,34.97924042,32.89130402
24513,,34.97965622,32.89136505
24514,36.45034409,34.98010635,32.89142227
24515,36.45058441,,
24516,36.45080566,34.98089218,32.89152527
24517,,34.9812355,32.8915596
24518,36.45120239,34.98154449,32.89159012
24519,36.45138168,,
24520,,34.98213196,32.89163971
24521,,34.98240662,32.89166641
24524,36.45230103,,
24525,36.45255661,,
24526,,34.98423004,32.89178467
24527,36.45304489,34.98479843,32.89180756
24529,,34.98579025,32.8918457
24531,36.4543457,,
24532,36.45473862,,
24533,36.45511627,34.98747253,32.89211273
24534,,34.98782349,32.89265823
24535,36.45578766,34.98814774,32.89316559
24536,36.45608521,,
24537,,34.9887352,32.89404297
24538,,34.98902512,32.89444351
24541,36.45755768,,
24543,36.45809174,34.99011612,32.89603806
24544,36.45832443,,
24545,36.45853806,34.99048233,32.89651108
24546,36.4587326,34.99064636,32.89671707
24547,36.45890808,34.99081421,32.89690781
24548,36.4590683,34.99097443,32.89708328
24549,,34.99111938,32.89724731
24550,36.45944977,34.99124908,32.89739227
24552,,34.9916153,32.89764023
24554,36.46017075,,
24555,36.46031952,,
24556,,34.99221039,32.89801407
24557,,34.99351883,32.89808655
24558,36.46128845,,
24559,36.46171188,,
24560,36.46276093,34.99785233,32.89827347
24561,,34.99902725,32.89832306
24562,,35.00062943,32.89837265
24569,36.46948242,,
24570,36.47025299,,
24571,36.47097015,35.014431,32.89871597
24572,,35.0154953,32.89874649
24573,36.47223282,35.01644897,32.89877319
24575,,35.01809311,32.89883804
24582,36.47620773,,
24584,,35.02366638,32.89906693
24587,36.47850418,,
24588,36.4792366,,
24589,36.47996902,35.02599335,32.89917374
24590,36.4806366,35.02645111,32.899189
24591,,35.02695465,32.89929199
24592,36.48177719,35.02742004,32.89938354
24594,,35.02822113,32.89956665
24595,36.48315048,,
24596,36.48352814,,
24597,36.48389053,35.02931976,32.89980316
24598,36.48423004,35.02962494,32.89987183
24599,,35.02992249,32.89993668
24600,,35.03019714,32.8999939
24606,36.48639679,,
24607,36.4866066,,
24608,,35.03173828,32.90055466
24609,,35.0318718,32.90062714
24610,36.48736954,,
24612,,35.03219604,32.90116501
24613,36.48803329,,
24615,,35.03253555,32.90248871
24617,36.48891449,,
24618,36.48913193,,
24619,36.48933411,35.03286362,32.90406036
24620,36.48956299,35.03293991,32.90436172
24621,,35.03301239,32.90694809
24622,,35.03308487,32.90927505
24623,36.49023056,,
24625,,35.03326797,32.91513062
24627,36.49150085,,
24628,36.49187088,,
24629,36.49220276,35.03350449,32.92113876
24630,36.49251938,35.03358841,32.9222908
24631,,35.0336647,32.92332458
24632,,35.03372955,32.92426682
24643,36.49750519,,
24645,36.49946594,35.03984833,32.93420792
24646,36.50030899,,
24647,,35.04090118,32.93508148
24648,36.50190735,35.04137039,32.9354744
24650,,35.04217911,32.93615723
24652,36.50586319,,
24653,36.50700378,,
24654,,35.04344177,32.93718338
24655,,35.0437088,32.93738174
24659,36.51207352,,
24661,,35.04578781,32.93830872
24663,36.51446152,,
24665,,35.04708481,32.93869781
24666,36.5158577,,
24668,,35.04777908,32.93891525
24669,36.51699829,,
24671,,35.04831314,32.93909836
24673,36.51903534,,
24675,36.52013779,35.04885864,32.93928528
24676,36.52061844,,
24677,36.52105713,35.04911041,32.93938065
24678,36.52147675,35.0492363,32.93942642
24679,36.5218544,35.04935074,32.93946457
24680,,35.04945755,32.93949509
24681,36.52251053,35.0495491,32.93956757
24682,36.52279663,,
24683,,35.04972458,32.9397049
24684,36.52407074,35.04980469,32.93976593
24685,36.52462387,,
24686,,35.05010605,32.93987656
24687,,35.05023956,32.93992233
24689,36.52661514,,
24691,36.52746964,35.05074692,32.94007492
24693,,35.05123901,32.94016647
24696,36.5291214,,
24698,36.52964401,35.05295181,32.94049835
24699,36.52987671,,
24700,36.53013992,35.05344772,32.94060516
24701,36.53039932,35.05365753,32.94065094
24702,,35.05385971,32.94070053
24703,,35.05404663,32.94074631
24704,36.53115082,,
24705,36.53137207,,
24706,36.53157806,35.05450439,32.94086838
24707,36.53180695,35.05469131,32.94090652
24708,36.53201294,35.05486298,32.94094086
24709,,35.05501938,32.94096756
24710,,35.05516434,32.94100189
24711,36.53253937,,
24713,,35.05556488,32.94107437
24714,36.53306198,,
24716,,35.05604553,32.94111252
24720,36.53410721,,
24721,36.53425217,,
24722,,35.05727386,32.94116211
24723,,35.05755997,32.94116592
24729,36.5360527,,
24731,,35.05983734,32.94120789
24734,36.53704834,,
24736,36.5374527,35.06071091,32.94122314
24737,36.53764725,,
24738,,35.06096268,32.94347382
24739,,35.0610733,32.94443512
24740,36.53814316,,
24741,36.53842545,,
24742,,35.06136322,32.94968796
24743,36.53893661,35.06148529,32.95110321
24744,36.5391655,,
24745,,35.0617218,32.95351791
24746,,35.06182861,32.95454788
24748,36.5399437,,
24750,36.54029083,35.06225967,32.95788193
24751,36.54059219,,
24752,,35.06245422,32.95918274
24753,,35.06253433,32.95973587
24755,36.54168701,,
24757,36.5421257,35.06302261,32.96146393
24759,,35.0632515,32.96212387
24765,36.54380417,,
24767,,35.06424332,32.96369553
24769,36.54548264,,
24771,,35.06496048,32.96413422
24777,36.54854584,,
24779,,35.06715393,32.96770859
24783,36.55018997,,
24785,36.55062485,35.06858826,32.9718132
24786,36.55081558,,
24787,,35.06934357,32.97274399
24788,36.55116272,35.06968307,32.97314453
24789,36.55147171,,
24790,,35.07027435,32.97383499
24791,,35.07052612,32.97413254
24793,36.55309296,,
24795,36.55382919,35.07139587,32.97506714
24796,36.55421066,,
24797,,35.0717392,32.97541428
24798,,35.07192993,32.97556686
24799,36.55601501,,
24801,,35.07247925,32.97594833
24802,36.55770874,,
24804,,35.07294464,32.97625351
24809,36.56087494,,
24811,,35.07461929,32.97676468
24812,36.56194305,,
24813,36.56224823,,
24814,36.56255341,35.07519531,32.97690964
24815,,35.07535553,32.9769516
24816,,35.0755043,32.97698593
24817,36.56370926,,
24819,,35.07589722,32.97709274
24820,36.56505585,,
24822,36.56590271,35.07656479,32.97719955
24824,,35.07726669,32.97725296
24826,36.56743622,,
24828,,35.07889175,32.9773407
24830,36.5687294,,
24831,36.56906509,,
24832,36.56984711,35.0806427,32.97740936
24833,36.57057571,35.08132553,32.97742462
24834,36.57123947,35.08194733,32.97743988
24835,,35.08288574,32.97745514
24836,,35.08373642,32.97746658
24843,36.57538986,,
24844,36.57575226,,
24845,36.57608414,35.0893631,32.97759628
24846,,35.0897789,32.97761154
24847,,35.09016037,32.97762299
24850,36.57740402,,
24852,36.57781982,35.09163666,32.97768402
24854,36.57823181,35.0920639,32.97773361
24856,,35.09255981,32.97790146
24861,36.57932663,,
24863,36.57956314,35.09429169,32.97857666
24864,36.57966614,,
24865,,35.09468079,32.97868729
24866,36.58012772,35.09487152,32.97873688
24868,36.58063126,35.09523773,32.97883224
24870,,35.09558105,32.97891998
24872,36.58216476,,
24874,,35.096241,32.97906494
24877,36.58364487,,
24879,,35.097229,32.97921371
24888,36.58697891,,
24889,36.58719254,,
24890,36.5873909,35.10215759,32.97939301
24891,,35.10272598,32.97940826
24892,36.58773422,35.1032486,32.97942352
24893,36.58789825,,
24894,,35.10415268,32.97945404
24895,36.58828735,35.10454559,32.97948837
24896,36.58846664,,
24897,,35.10522842,32.97954178
24898,36.58886719,35.10552979,32.97958755
24900,,35.10617447,32.97966766
24903,36.59008408,,
24904,36.59034348,,
24905,36.59064102,35.10774612,32.97981262
24906,,35.10801315,32.97982407
24907,,35.10826111,32.97983551
24908,36.59151077,,
24910,,35.1094017,32.97997284
24911,36.59294891,,
24913,36.59375381,35.11039352,32.98010254
24915,,35.11092758,32.98018646
24916,36.59489059,,
24918,,35.11196136,32.98031235
24919,36.59646225,,
24921,,35.11301041,32.98042679
24924,36.59971619,,
24925,36.6002121,,
24926,36.60066986,35.11495972,32.98056412
24927,36.60107803,35.11528778,32.98058319
24928,,35.11559296,32.98060226
24929,,35.11588287,32.98061752
24931,36.60237885,,
24932,36.60263062,,
24933,36.60294724,35.11679077,32.98067856
24934,36.6032486,35.11697006,32.98070145
24935,,35.11726379,32.98072815
24936,36.60378265,35.1175766,32.98075485
24937,36.60403061,,
24938,,35.1181221,32.98080826
24939,,35.11856461,32.98083496
24941,36.60521317,,
24943,36.60585403,35.12001419,32.9809227
24945,,35.12057495,32.98099518
24946,36.60742569,,
24947,36.60796356,,
24948,,35.12122345,32.98111725
24949,36.60890961,35.12142181,32.98115158
24951,,35.12176895,32.9812088
24954,36.61139679,,
24955,36.61227417,,
24956,36.6130867,35.12239838,32.98131561
24957,36.61386871,35.12251663,32.98140717
24958,,35.12263489,32.98148727
24959,36.61523819,35.1227417,32.98156357
24960,36.61584091,,
24961,,35.1230545,32.9817009
24962,36.61700439,35.12319183,32.98176193
24963,36.61751556,,
24964,36.61797714,35.12342453,32.98188019
24965,,35.1235199,32.98192978
24966,36.61885071,35.12360764,32.98197556
24968,36.61970901,35.12376785,32.98204803
24970,36.62044525,35.12394714,32.98211288
24971,36.62091446,,
24972,,35.12411499,32.98217773
24973,,35.12419128,32.98220825
24974,36.62219238,,
24975,36.62262344,,
24976,,35.12445831,32.9822731
24977,,35.12456512,32.98229218
24979,36.6240387,,
24981,,35.12492752,32.98236084
24982,36.62487411,,
24984,36.62542725,35.12516403,32.98240662
24985,36.62570953,,
24986,,35.1254158,32.9824295
24987,,35.12555695,32.98244095
24989,36.62664032,,
24991,,35.12606049,32.9824791
24993,36.62726974,,
24995,,35.12668991,32.98255539
24998,36.62848282,,
25000,,35.12727737,32.98265076
25001,36.6290741,,
25003,,35.12770844,32.98270035
25006,36.62997055,,
25008,,35.12833023,32.98278809
25011,36.63098145,,
25013,36.63144684,35.12891769,32.98294067
25015,,35.12967682,32.98300171
25017,36.63266373,,
25019,,35.1332283,32.98314285
25021,36.63370514,,
25023,,35.1375351,32.98326111
25026,36.63479996,,
25028,,35.14190674,32.98338318
25032,36.63568878,,
25034,36.63602066,35.1477623,32.98379517
25035,36.63624191,,
25036,36.63687134,35.15015793,32.98406982
25037,36.63743973,35.15119934,32.98419571
25038,,35.15213776,32.98431015
25039,,35.15299225,32.98442078
25040,36.63885498,,
25042,,35.1550827,32.98469543
25044,36.64125061,,
25045,36.64172745,,
25046,,35.15704346,32.98496628
25047,,35.1574173,32.98501968
25049,36.64339828,,
25051,,35.15861893,32.98535538
25052,36.64501572,,
25053,36.64547729,,
25054,,35.1593399,32.9858284
25055,36.64628983,35.15954971,32.98595428
25057,,35.15991974,32.98617935
25058,36.64733505,,
25059,36.6477356,,
25060,,35.16038132,32.98645782
25061,36.64844131,35.16052628,32.98653412
25062,36.64874649,,
25063,,35.16077805,32.98669052
25064,,35.16088486,32.986763
25067,36.65019608,,
25069,36.65083313,35.16128159,32.98706436
25070,36.65112305,,
25071,,35.16139984,32.98715591
25072,36.65167236,35.16147232,32.98719788
25074,,35.16166306,32.98726654
25075,36.65248108,,
25077,,35.16213226,32.98737717
25078,36.65335846,,
25080,36.65419006,35.16270447,32.98746872
25081,36.65455246,,
25082,,35.16305161,32.98752213
25083,,35.16321564,32.98754501
25088,36.65655518,,
25090,36.65695953,35.16500854,32.98783112
25092,36.65745544,35.16552353,32.98807907
25094,,35.16596985,32.98828125
25095,36.65821075,,
25096,36.65845871,,
25097,,35.16654968,32.98849487
25098,36.65890503,35.16671371,32.98855209
25100,,35.16702271,32.98865128
25101,36.65948105,,
25103,,35.16743088,32.98878479
25105,36.66107178,,
25107,36.66176987,35.16783524,32.98889923
25109,,35.16804504,32.98894119
25110,36.66267395,,
25111,36.66297531,,
25112,,35.16836548,32.9889946
25113,,35.16889191,32.98900986
25114,36.66375351,,
25116,,35.1756897,32.98905563
25118,36.66468048,,
25120,,35.18227768,32.98914337
25121,36.66544342,,
25123,36.66588593,35.18572998,32.98918533
25125,,35.18755722,32.98919296
25127,36.6668396,,
25129,,35.19033432,32.98954391
25132,36.66801071,,
25134,,35.19266129,32.98982239
25136,36.66898346,,
25138,,35.19381332,32.98997879
25141,36.67002487,,
25143,,35.1947403,32.99015427
25144,36.67064667,,
25146,36.67113113,35.19517517,32.99027252
25147,36.67140579,,
25148,36.67166519,35.19540787,32.990345
25149,,35.19551086,32.99037552
25150,,35.19562149,32.99040985
25153,36.6734848,,
25155,36.67449188,35.19611359,32.99053955
25156,36.67494202,,
25157,36.67551422,35.19628525,32.99058151
25158,,35.19635773,32.99060059
25159,36.67651749,35.19643021,32.99061966
25161,36.67763138,35.19655991,32.99067307
25163,36.6787796,35.19667435,32.99073792
25165,,35.1967659,32.99082184
25169,36.6814003,,
25171,36.68224335,35.19695663,32.99111557
25173,36.68320084,35.19700623,32.9912262
25175,,35.19706345,32.99129868
25178,36.68525314,,
25179,36.68564606,,
25180,,35.19719696,32.99150085
25181,,35.19722366,32.991539
25182,36.68698883,,
25183,36.68737411,,
25184,36.6877327,35.19734192,32.99257278
25185,,35.19741821,32.99300003
25186,36.68835449,35.19749069,32.9934082
25188,,35.19761658,32.99411011
25190,36.68964767,,
25191,36.69020081,,
25192,36.69073868,35.19783783,32.99679565
25193,,35.19799805,32.99731064
25194,,35.19814682,32.99784851
25195,36.69216156,,
25196,36.69257355,,
25197,36.6929512,35.19854736,32.99916077
25198,,35.19866562,32.99951553
25199,36.69368362,35.19877243,32.99983597
25201,36.69428253,35.19900894,33.00038528
25202,36.6945343,,
25203,36.6947937,35.19927216,33.00082397
25204,36.69512177,35.1993866,33.00101089
25205,36.69552612,35.19948959,33.00117874
25206,,35.19958115,33.00132751
25207,36.69631958,35.19966507,33.00146484
25208,36.69668198,,
25209,36.69703674,35.19991302,33.0017128
25210,36.69739532,35.20006561,33.00182724
25211,,35.20020294,33.00193024
25212,,35.20033264,33.00202179
25217,36.69943237,,
25218,36.69972992,,
25219,,35.20098114,33.00281525
25220,,35.20104218,33.00297165
25224,36.70152664,,
25225,36.70178223,,
25226,,35.20142365,33.00365448
25227,,35.20147324,33.00374985
25228,36.70244217,,
25230,,35.20166779,33.00416183
25231,36.70317841,,
25233,,35.20185089,33.00447083
25234,36.70412827,,
25235,36.70449829,,
25236,,35.20207214,33.00470352
25237,36.70516968,35.20213699,33.00476456
25239,36.70579529,35.20225525,33.00487137
25241,36.70630646,35.2023468,33.00495911
25243,,35.20243454,33.00501633
25247,36.70888519,,
25249,36.70994568,35.20269775,33.00515366
25251,36.71085739,35.20281601,33.00519562
25252,36.71128845,,
25253,,35.20291901,33.0052681
25254,36.71209335,35.20298386,33.00529861
25255,36.71259689,,
25256,,35.20310974,33.00536728
25257,36.71353531,35.20317078,33.00539398
25258,36.71393585,,
25259,36.71435165,35.20329285,33.00544357
25260,36.71477509,35.2033577,33.00546265
25261,36.71515274,35.20344925,33.00548553
25262,,35.20353699,33.00551224
25263,36.71600723,35.20361328,33.00553513
25265,36.71752167,35.20375443,33.00558472
25267,36.71883774,35.20388412,33.00563431
25269,36.71996307,35.20401001,33.00577164
25271,,35.20412445,33.00596237
25275,36.72260666,,
25277,,35.2044754,33.0063591
25278,36.72389603,,
25279,36.72441864,,
25280,,35.20460892,33.00653076
25281,,35.20465088,33.00662613
25283,36.7262001,,
25285,36.72693634,35.20485306,33.00692749
25287,,35.2049675,33.00707245
25288,36.7280159,,
25290,,35.20510101,33.00724411
25291,36.72891998,,
25292,36.7291832,,
25293,,35.20520401,33.00738907
25294,36.7298584,35.20523453,33.00743103
25295,36.73020935,,
25296,36.73054886,35.20529175,33.00751495
25297,36.73085785,35.20531845,33.0075531
25298,,35.20534897,33.00760269
25299,36.7314682,35.2053833,33.00764465
25300,36.73184967,,
25301,,35.20547485,33.00772095
25302,36.73262405,35.20551682,33.00775146
25303,36.73300171,,
25304,36.73334122,35.20561981,33.00780869
25305,36.73367691,35.20567703,33.00783539
25306,36.73398209,35.20573807,33.00786209
25307,,35.2057991,33.00788498
25308,,35.20586777,33.00790405
25311,36.73768616,,
25312,36.73860931,,
25313,,35.20671082,33.00798798
25314,36.7402153,35.20702744,33.00799942
25315,36.74095917,,
25316,36.741642,35.20757294,33.00803375
25317,36.74228287,35.20780945,33.00806427
25318,36.74287796,35.2080307,33.00809097
25319,,35.20822906,33.00811386
25320,36.74424362,35.20842743,33.00813293
25322,,35.20882034,33.00817871
25323,36.74660873,,
25324,36.74727249,,
25325,,35.2093544,33.00828171
25326,,35.20950317,33.00830841
25328,36.74965668,,
25330,,35.21008301,33.00841904
25331,36.751091,,
25332,36.75162125,,
25333,,35.21041489,33.00848389
25334,36.75267029,35.21051407,33.00850296
25336,,35.21068954,33.00852966
25337,36.75444031,,
25339,,35.2109375,33.00856781
25341,36.75656891,,
25343,36.75786591,35.2111969,33.00869751
25344,36.75850677,,
25345,,35.21132278,33.00875854
25346,36.75972748,35.21137619,33.00878525
25348,,35.211483,33.00883484
25360,36.76706314,,
25362,,35.21271133,33.01165771
25363,36.76802444,,
25364,36.7682991,,
25365,,35.21298981,33.01207352
25366,,35.2130661,33.01218796
25367,36.76909256,,
25369,,35.21326447,33.01248932
25370,36.76985931,,
25371,36.77009201,,
25372,,35.2134285,33.01277542
25373,,35.2134819,33.01287079
25375,36.77241516,,
25376,36.7730751,,
25377,,35.21363831,33.01316452
25378,,35.21368027,33.01322174
25381,36.77573013,,
25383,,35.21387863,33.01341629
25389,36.7791748,,
25391,36.77993774,35.21418381,33.0135994
25393,,35.21424866,33.01367569
25395,36.7816391,,
25397,,35.21435165,33.01380157
25398,36.78302002,,
25399,36.78340912,,
25400,,35.21445465,33.01425171
25401,,35.21456528,33.01443481
25402,36.7844429,,
25404,,35.21488571,33.01491928
25405,36.78529358,,
25407,36.78585815,35.21515656,33.01530838
25408,36.78611755,,
25409,,35.21538925,33.01554108
25410,36.78661728,35.21549606,33.0156517
25411,36.78685379,,
25412,36.78731537,35.21577835,33.01585388
25413,36.78773499,35.21623611,33.01594925
25414,,35.21665192,33.01603317
25415,,35.21702957,33.01610947
25416,36.78887558,,
25417,36.78933716,,
25418,36.78974915,35.2182312,33.01628494
25419,36.79014206,35.21873474,33.01633072
25420,,35.21918488,33.0163765
25421,,35.21959686,33.01642227
25422,36.79191971,,
25423,36.79253769,,
25424,,35.22067642,33.01654434
25425,36.79362488,35.22098923,33.01658249
25427,36.79457474,35.22194672,33.01665115
25429,,35.22312546,33.01671219
25433,36.80093765,,
25435,36.80314636,35.22667313,33.01760864
25437,36.80515289,35.22792053,33.01802063
25438,36.80601883,,
25439,,35.22907257,33.01836777
25440,,35.22955704,33.01851654
25442,36.80870438,,
25444,36.80967331,35.23108292,33.01898575
25446,,35.23167419,33.01916885
25447,36.81090164,,
25449,36.81160736,35.23237991,33.01939774
25451,36.8122406,35.23279572,33.01953125
25453,36.81283569,35.23321915,33.01963806
25454,36.81309509,,
25455,,35.23357391,33.01974869
25456,,35.23373413,33.01979828
25457,36.81383133,,
25459,,35.23414993,33.01996994
25460,36.81471252,,
25461,36.81500244,,
25462,,35.23448944,33.02014923
25463,36.81554031,35.23458099,33.02020645
25464,36.81579971,,
25465,,35.23477554,33.02030945
25466,,35.23487473,33.02035522
25467,36.81676102,,
25468,36.81707001,,
25469,,35.23514175,33.02059555
25470,,35.23522568,33.02066422
25474,36.81887817,,
25476,36.81959152,35.23559189,33.02101135
25477,36.81990814,,
25478,36.82021713,35.235672,33.02109146
25479,,35.23571014,33.02112579
25480,36.82098389,35.23575211,33.0211525
25482,,35.2358284,33.0212059
25484,36.82244492,,
25485,36.82274628,,
25486,,35.23605347,33.02128983
25487,,35.23610306,33.02131653
25488,36.82374573,,
25489,36.82406616,,
25490,,35.23628616,33.02138519
25491,,35.23633957,33.02140045
25502,36.82729721,,
25503,36.82777786,,
25504,,35.23752975,33.02155304
25505,,35.23792648,33.02157211
25510,36.83052826,,
25512,36.83132172,35.24021912,33.0222702
25514,,35.24071503,33.02251434
25515,36.83247757,,
25516,36.83280945,,
25517,36.83310699,35.24146271,33.02280807
25518,36.83337784,35.2416687,33.022892
25519,36.83364868,35.24185562,33.02296829
25520,36.83390045,35.24202347,33.02302933
25521,,35.24217606,33.02309036
25522,,35.24232101,33.02314377
25527,36.83543396,,
25529,,35.24307251,33.02340698
25537,36.83886719,,
25539,,35.24401093,33.02357864
25541,36.83999634,,
25543,,35.24452591,33.02362823
25545,36.84110641,,
25547,,35.24528503,33.02401733
25548,36.84178925,,
25550,36.84222031,35.24750519,33.02444077
25551,36.84242249,,
25552,,35.24904251,33.02467728
25553,,35.24988937,33.02478027
25558,36.84412766,,
25560,36.84454346,35.25532532,33.02552795
25561,36.84472656,,
25562,,35.25684738,33.02574539
25563,,35.25750732,33.02586365
25564,36.84527969,,
25565,36.84544373,,
25566,,35.25913239,33.02616882
25567,,35.25957489,33.02639771
25574,36.84732437,,
25576,36.84774017,35.26217651,33.02771759
25577,36.84794235,,
25578,,35.26252747,33.0279274
25579,,35.26268005,33.02801514
25580,36.84853363,,
25582,,35.26309204,33.02822495
25583,36.84910583,,
25585,,35.26346207,33.02854919
25586,36.84993362,,
25588,,35.2637558,33.02906036
25590,36.850811,,
25592,,35.26404953,33.02978897
25594,36.8521347,,
25595,36.85284805,,
25596,36.85354233,35.2643013,33.03024673
25597,,35.26435471,33.03033829
25598,,35.26440048,33.03042221
25599,36.85537338,,
25600,36.85589218,,
25601,,35.26452255,33.03063965
25602,,35.26458359,33.03070068
25603,36.85723114,,
25605,36.85793686,35.2647438,33.03085709
25607,,35.26483536,33.03093719
25612,36.86051178,,
25613,36.86079025,,
25614,36.86109924,35.26541901,33.03120041
25615,,35.265522,33.03124619
25616,,35.26561737,33.03128433
25617,36.86191559,,
25619,36.86236954,35.26585388,33.03139496
25620,36.86261368,,
25621,,35.26599884,33.03145599
25622,36.86468887,35.26606369,33.03148651
25623,36.86562729,,
25624,,35.26630402,33.03153992
25625,,35.26640701,33.03156281
25628,36.86919785,,
25630,,35.26688004,33.03164291
25631,36.87067032,,
25633,36.87150192,35.26722717,33.03170013
25635,36.87243271,35.26748657,33.03173065
25637,36.87337875,35.2677803,33.03174973
25638,36.87379456,,
25639,36.87419891,35.26805115,33.03177261
25640,,35.26818466,33.03178024
25641,,35.26830673,33.03178787
25642,36.87520218,,
25643,36.87554169,,
25644,36.87584686,35.26871109,33.03222656
25645,,35.26883316,33.03249359
25646,,35.26894379,33.03273392
25647,36.87666702,,
25649,,35.26925278,33.03337479
25650,36.87733459,,
25651,36.87759399,,
25652,36.87783051,35.26947403,33.03396606
25653,36.87807465,35.26953888,33.03414154
25654,36.87919235,35.26959991,33.03593826
25655,,35.26966095,33.03755951
25656,,35.26972961,33.03901672
25659,36.88420105,,
25661,,35.27015686,33.04447174
25662,36.88637924,,
25663,36.88699341,,
25664,,35.27080154,33.04786682
25665,,35.27116394,33.04956436
25668,36.88948059,,
25670,36.89028931,35.27253342,33.05590057
25672,,35.2729454,33.05766678
25678,36.89510727,,
25679,36.8956337,,
25680,,35.27420807,33.06228638
25681,36.89653397,35.2743187,33.06267548
25683,36.8972702,35.27451324,33.06335068
25685,36.897892,35.27482986,33.06388855
25687,,35.27523422,33.06432724
25688,36.89862442,,
25690,,35.27573395,33.06494522
25693,36.89957428,,
25694,36.8997345,,
25695,36.89987564,35.2763443,33.06565857
25696,,35.27643967,33.0657692
25697,,35.27652359,33.06587219
25698,36.9002533,,
25700,36.90046692,35.27694321,33.06614685
25702,,35.27724075,33.06631851
25703,36.9008522,,
25705,36.90115738,35.27861786,33.06652069
25706,36.90130234,,
25707,,35.27950287,33.06661987
25708,,35.27990723,33.06666183
25709,36.90209198,,
25711,,35.28118515,33.06676483
25716,36.90414429,,
25718,,35.28460693,33.06691742
25719,36.90497208,,
25721,36.90560913,35.28614807,33.06695175
25723,,35.28697968,33.06697464
25730,36.9086647,,
25732,36.91047668,35.28974533,33.06710052
25733,36.91126251,,
25734,36.91196823,35.29023361,33.06711578
25735,36.91263962,35.29044342,33.06712341
25736,,35.29063797,33.06712723
25737,,35.29080963,33.06713486
25739,36.91482925,,
25741,,35.29137802,33.06735611
25743,36.91638565,,
25744,36.91672134,,
25745,,35.29177475,33.06766129
25746,,35.29185104,33.06771851
25747,36.91785431,,
25748,36.91822433,,
25749,36.91856384,35.29203796,33.06786728
25750,,35.29208755,33.06791687
25751,36.9192009,35.29233932,33.06796646
25753,,35.29283524,33.06805038
25754,36.9199791,,
25756,,35.29346848,33.06813812
25757,36.92066574,,
25759,,35.29394531,33.06820297
25774,36.92415237,,
25776,36.92462921,35.29586411,33.06887436
25777,36.92485809,,
25778,,35.29607391,33.06901169
25779,36.9252739,35.29616547,33.06908798
25781,36.92562485,35.29633331,33.06922531
25782,36.92577744,,
25783,,35.29654694,33.06934738
25784,,35.29668045,33.06943893
25788,36.92689896,,
25789,36.92713165,,
25790,,35.29747391,33.06984711
25791,36.9275856,35.29761887,33.0698967
25792,36.9277916,,
25793,36.92798233,35.29788589,33.06999207
25794,,35.29800034,33.07003403
25795,,35.29810333,33.07006836
25797,36.9288559,,
25798,36.92917633,,
25799,36.9295578,35.29856491,33.07017517
25800,36.92990112,35.29866791,33.07019806
25801,,35.29876328,33.07021713
25802,,35.29891968,33.07023621
25803,36.93083572,,
25805,,35.29935455,33.07038116
25807,36.93291473,,
25809,,35.29986954,33.07069397
25816,36.93736267,,
25817,36.93783188,,
25818,36.93827438,35.30106354,33.07156754
25819,,35.30115891,33.07171631
25820,,35.30124283,33.07184982
25821,36.93945694,,
25823,36.94026947,35.30150223,33.07218933
25825,,35.30170059,33.07236862
25836,36.94684601,,
25838,,35.30263138,33.07404327
25840,36.94914246,,
25841,36.94962311,,
25842,36.95011902,35.3027916,33.07501602
25843,36.95058441,35.30284119,33.07524872
25844,,35.30289459,33.07545853
25845,,35.30316162,33.07566071
25846,36.95246124,,
25848,,35.30390167,33.07615662
25854,36.95663071,,
25856,,35.30518723,33.0769577
25857,36.95768356,,
25859,36.95828629,35.30551529,33.07711792
25861,36.95890808,35.30576706,33.07719803
25863,,35.30601501,33.07727051
25865,36.9600296,,
25866,36.96031952,,
25867,,35.30675888,33.07747269
25868,36.96084595,35.30696106,33.07756805
25870,36.96134567,35.30731201,33.07773209
25872,36.96178436,35.30762482,33.07787704
25873,36.9619751,,
25874,36.96215057,35.30788803,33.07806396
25875,,35.30800247,33.07817459
25876,,35.3081131,33.07826996
25877,36.96261215,,
25878,36.96274948,,
25879,36.96287918,35.30836868,33.07851028
25880,36.96300125,35.30873108,33.07857132
25881,36.96315002,35.30906677,33.07862473
25882,,35.30936813,33.07867432
25883,,35.30963898,33.07871628
25884,36.96356583,,
25886,,35.3103447,33.07886505
25890,36.96647644,,
25891,36.96800613,,
25892,36.9693985,35.31159592,33.07907486
25893,,35.31175232,33.07910156
25894,36.97179413,35.31189346,33.07912445
25895,36.97286224,,
25896,36.97412872,35.31212997,33.07917023
25897,36.97536087,35.31227112,33.07937622
25898,36.97647858,35.31241608,33.07955933
25899,36.97813034,35.31256485,33.07972717
25900,36.9796257,35.31290436,33.07987595
25901,36.98103333,35.31342316,33.08000946
25902,36.98232651,35.31422424,33.08012772
25903,,35.31501007,33.08023834
25904,36.98456192,35.3157196,33.08080673
25906,36.98642349,35.31942749,33.08177948
25907,36.98732376,,
25908,,35.32247543,33.08273697
25909,36.98911285,35.32378769,33.08319092
25910,36.98992157,,
25911,36.99065781,35.32606888,33.08396912
25912,,35.32705688,33.08430099
25913,36.99195862,35.32794952,33.08460236
25915,,35.32949448,33.08512878
25917,36.99406052,,
25919,36.99488831,35.33177185,33.08593369
25921,36.99556732,35.33263016,33.086689
25922,36.99585724,,
25923,36.99613571,35.33336639,33.08771515
25924,,35.33368301,33.08816147
25925,36.99666977,35.33396912,33.08856201
25927,,35.33453369,33.0892601
25930,36.99790192,,
25932,,35.33566284,33.09085464
25935,36.99912643,,
25936,36.99936676,,
25937,,35.33642578,33.09203339
25938,,35.33655548,33.09220505
25941,37.00075912,,
25943,,35.33728027,33.09285736
25944,37.00168228,,
25946,,35.33778381,33.09312057
25948,37.00344849,,
25950,,35.33838654,33.09339905
25952,37.00532532,,
25953,37.00572586,,
25954,,35.33889771,33.09373856
25955,,35.33900833,33.09383392
25956,37.00683594,,
25958,,35.33940125,33.09422684
25960,37.00799561,,
25962,,35.33980179,33.0946312
25967,37.00970078,,
25969,,35.34083939,33.09839249
25970,37.01051712,,
25972,37.01097107,35.34545898,33.0995903
25974,,35.34783554,33.10023499
25976,37.01174545,,
25978,,35.35135651,33.10189819
25980,37.01298523,,
25981,37.01333618,,
25982,37.01364899,35.35393143,33.10368729
25983,,35.3544426,33.10404968
25984,,35.35497665,33.10440445
25985,37.01449585,,
25987,,35.3565712,33.10527802
25991,37.01575089,,
25992,37.01602936,,
25993,,35.3592186,33.10677719
25994,,35.35952759,33.10695648
25996,37.01700211,,
25997,37.0172081,,
25998,37.01761246,35.36049652,33.10767746
25999,37.01798248,35.36069107,33.1078186
26000,,35.36088181,33.10794449
26001,37.01861572,35.36105347,33.10805511
26002,37.01888657,,
26003,,35.36135864,33.10824966
26004,37.01938629,35.36150742,33.10834885
26005,37.01961136,,
26006,,35.36181259,33.10850906
26007,,35.36195374,33.10857391
26008,37.02018356,,
26010,37.02059937,35.36239243,33.10877228
26012,,35.36275864,33.1089325
26013,37.0212059,,
26015,,35.36348724,33.10913467
26016,37.02179337,,
26018,,35.36455917,33.10929108
26019,37.02241135,,
26021,37.0229454,35.36540604,33.10942078
26023,37.0234642,35.3658638,33.10956192
26025,,35.36624908,33.10968399
26027,37.02431107,,
26029,,35.36712265,33.10990524
26033,37.02511597,,
26035,,35.36823654,33.11011505
26036,37.02563095,,
26038,37.02629471,35.36884689,33.11024094
26040,,35.36922836,33.11032104
26042,37.02752304,,
26043,37.02780533,,
26044,,35.36985397,33.11045837
26045,37.02838516,35.36998367,33.11048508
26046,37.02865982,,
26047,,35.37022018,33.11053848
26048,,35.37031937,33.11055756
26049,37.02939987,,
26051,,35.37060165,33.11060333
26053,37.03025436,,
26055,,35.3708725,33.11065292
26063,37.03168869,,
26064,37.03185654,,
26065,,35.37139893,33.11129379
26066,37.03217697,35.37147522,33.1114502
26067,37.03232574,,
26068,,35.37161636,33.11172104
26069,,35.37168121,33.11184311
26073,37.03322601,,
26074,37.0334053,,
26075,37.03357315,35.37231445,33.1123848
26076,37.03373337,35.37244034,33.11245346
26077,,35.37255859,33.11252213
26078,37.03528976,35.37267303,33.11257935
26080,37.03752136,35.37287521,33.11268234
26082,,35.37304688,33.11277008
26083,37.04088211,,
26085,,35.37461472,33.11289597
26086,37.04364395,,
26087,37.04442596,,
26088,37.04562378,35.3758316,33.11299515
26089,37.04671097,35.37618637,33.11303329
26090,37.04772568,35.37650681,33.1130867
26091,,35.37680054,33.11313248
26092,,35.37707138,33.11326981
26096,37.05242157,,
26098,37.05351639,35.37834167,33.11384964
26100,37.05516815,35.37868118,33.11397552
26102,37.05722809,35.37897873,33.11408997
26104,37.05897141,35.37922668,33.1141777
26106,37.06042099,35.37943649,33.11425781
26108,,35.37962341,33.11433029
26110,37.06294632,,
26111,37.0634346,,
26112,,35.37992477,33.11447144
26113,,35.37998962,33.11450195
26116,37.06547928,,
26118,,35.38029099,33.11462021
26119,37.0665741,,
26120,37.06697083,,
26121,,35.38044739,33.11468506
26122,37.06771088,35.38049698,33.11470413
26123,37.06804276,,
26124,,35.38061142,33.11473465
26125,37.06866074,35.38066101,33.11475754
26127,37.06922531,35.38090515,33.11480331
26129,37.06970978,35.3810997,33.11489487
26131,37.07012177,35.38127136,33.11515427
26133,,35.38143539,33.11553192
26134,37.07063675,,
26136,,35.38166428,33.11607361
26142,37.07276917,,
26143,37.07297516,,
26144,,35.38208008,33.11690521
26145,37.07361984,35.38215256,33.11696625
26147,37.07418442,35.38228226,33.11706924
26149,37.07465744,35.38241196,33.11714935
26150,37.07514572,,
26151,,35.3825264,33.11729431
26152,,35.38257599,33.11735535
26155,37.07762146,,
26156,37.07798767,,
26157,,35.3828125,33.11759186
26158,,35.38285446,33.11763382
26159,37.07902527,,
26161,,35.38297272,33.11774445
26162,37.07992554,,
26164,37.08049393,35.38308716,33.11794662
26166,,35.3832283,33.11817932
26167,37.08126068,,
26168,37.08147812,,
26169,,35.38341904,33.1186142
26170,37.08189774,35.38349915,33.11875916
26171,37.0820961,,
26172,37.08227539,35.3836441,33.11901474
26173,,35.3837204,33.119133
26174,,35.38378906,33.11924362
26176,37.08306122,,
26178,37.0835228,35.38404465,33.11967468
26179,37.08376694,,
26180,37.08398819,35.38416672,33.11993408
26181,,35.38423538,33.12004471
26182,37.08438492,35.38430023,33.12015152
26184,37.0847435,35.38577271,33.120327
26186,,35.38730621,33.12046432
26187,37.08519745,,
26189,,35.38934708,33.1206131
26191,37.08585358,,
26193,,35.39199066,33.12073898
26194,37.08649826,,
26196,,35.39378357,33.1207962
26197,37.08703613,,
26198,37.08719635,,
26199,37.08736038,35.39518738,33.12082672
26200,37.08750153,35.39560318,33.12083435
26201,,35.39597321,33.12083817
26202,,35.3963089,33.12084198
26203,37.08815384,,
26205,,35.39735413,33.12086868
26206,37.09085464,,
26208,,35.3981781,33.1208992
26215,37.0958786,,
26217,,35.39969254,33.12096405
26218,37.09692383,,
26220,,35.39997864,33.1210022
26221,37.0981102,,
26223,37.09889221,35.40019226,33.12101746
26225,37.0995636,35.40031433,33.12102127
26227,,35.40042877,33.1210289
26228,37.10039139,,
26229,37.10062408,,
26230,,35.40057373,33.1210289
26231,,35.40061951,33.1210289
26232,37.10129547,,
26234,37.10165405,35.40080261,33.12212753
26235,37.10181808,,
26236,37.10206223,35.4009552,33.12300491
26237,37.10233307,35.40102768,33.12337875
26238,37.10261917,35.40109253,33.12371445
26239,,35.40115356,33.12401962
26240,,35.40120697,33.12429047
26245,37.10434723,,
26247,,35.40172195,33.12557602
26248,37.10506058,,
26250,,35.40213394,33.12591934
26253,37.10622787,,
26255,37.10659409,35.40276718,33.126297
26257,37.10694885,35.40296555,33.12643433
26259,37.10726929,35.40316772,33.1265564
26261,,35.40333557,33.12667084
26262,37.10765839,,
26264,,35.40363693,33.12690353
26266,37.10813904,,
26267,37.10827255,,
26268,,35.40419388,33.1281929
26269,,35.40435028,33.12916946
26270,37.10868073,,
26271,37.10882568,,
26272,,35.40485001,33.13155746
26273,,35.40499115,33.13220596
26275,37.10950089,,
26277,,35.40545273,33.13420868
26281,37.11090088,,
26283,37.11142349,35.4062233,33.13607025
26285,,35.40644836,33.13647079
26292,37.11367416,,
26294,,35.40731049,33.13808823
26295,37.11445618,,
26297,,35.40755844,33.13945007
26298,37.115242,,
26299,37.11552429,,
26300,,35.40779114,33.14045715
26301,37.11620712,35.40785599,33.14073563
26303,37.11689758,35.40796661,33.14122772
26305,37.11750031,35.40808487,33.14162445
26306,37.1177597,,
26307,,35.40839386,33.14194107
26308,,35.40862274,33.14212418
26309,37.11843491,,
26311,37.11916733,35.40927505,33.14257813
26312,37.11954117,,
26313,,35.41046143,33.14280319
26314,,35.41135025,33.14289856
26317,37.12110901,,
26319,,35.41481018,33.14333344
26322,37.12266541,,
26324,37.12334824,35.41723633,33.14362335
26325,37.12373734,,
26326,,35.41808701,33.14369965
26327,,35.4184494,33.14372635
26332,37.12608337,,
26333,37.12633896,,
26334,,35.42086792,33.14387512
26335,,35.42111588,33.14390182
26337,37.12756348,,
26338,37.12786865,,
26339,37.12815094,35.42198563,33.14403915
26340,37.12841034,35.42215729,33.14406586
26341,37.12865067,35.42230988,33.14408112
26342,,35.42245483,33.14409637
26343,,35.42258453,33.14411163
26345,37.12963867,,
26347,,35.42304611,33.14417648
26350,37.13284302,,
26351,37.13337708,,
26352,,35.42345047,33.14427948
26353,,35.42357635,33.14429474
26354,37.13476181,,
26355,37.13515091,,
26356,,35.42424393,33.1443367
26357,37.13581848,35.42443085,33.1443634
26359,,35.42479324,33.14440536
26361,37.13698196,,
26363,,35.42533493,33.14477921
26365,37.13817215,,
26366,37.13841629,,
26367,,35.42577362,33.14532471
26368,37.13889313,35.42589569,33.14543915
26370,,35.4261055,33.14564133
26372,37.13983154,,
26374,,35.42647934,33.14596558
26378,37.14099121,,
26379,37.14118576,,
26380,37.14137268,35.42702484,33.14637756
26381,37.14157104,35.42712402,33.14644241
26382,37.14175415,35.42721558,33.14653015
26383,37.14195251,35.42729568,33.14661026
26384,37.14213181,35.42736435,33.14668274
26385,,35.42743301,33.14674759
26386,,35.42749405,33.14683151
26387,37.14270782,,
26389,,35.42790604,33.14701843
26390,37.14343262,,
26391,37.14367294,,
26392,,35.42822647,33.14716721
26393,,35.42832565,33.14720917
26395,37.14472198,,
26397,37.14536667,35.4286499,33.14735794
26399,,35.42891312,33.14744949
26402,37.14714813,,
26403,37.14749527,,
26404,,35.42974091,33.14772034
26405,,35.42991638,33.14779663
26409,37.14977646,,
26410,37.15034866,,
26411,,35.43182755,33.14831161
26412,,35.43212128,33.14849854
26415,37.15343475,,
26416,37.15398407,,
26417,,35.43329239,33.14920044
26418,,35.43351746,33.14929962
26419,37.15538788,,
26421,,35.43411255,33.14953613
26422,37.15652847,,
26424,,35.4345932,33.1497345
26426,37.15765381,,
26428,,35.43507767,33.14994049
26429,37.15843964,,
26431,37.15890121,35.4353714,33.15010834
26433,37.15932846,35.43555832,33.15020752
26434,37.15952301,,
26435,37.1597023,35.4357338,33.15029144
26436,,35.4358139,33.1503334
26437,37.16005707,35.43588638,33.15037537
26439,,35.43605042,33.15050888
26441,37.1609993,,
26443,,35.43651581,33.15079117
26455,37.16506195,,
26456,37.16543579,,
26457,,35.44193649,33.15142441
26458,,35.44219208,33.15147018
26459,37.16671371,,
26461,,35.44281387,33.15162277
26462,37.16772461,,
26464,,35.44325638,33.15182877
26468,37.16949463,,
26470,,35.44437027,33.15212631
26471,37.17028809,,
26473,,35.44514084,33.15226746
26474,37.17096329,,
26476,37.1713829,35.44573975,33.15250397
26477,37.17156219,,
26478,,35.44604874,33.15265274
26479,,35.44623184,33.15271759
26480,37.17218781,,
26482,,35.44671249,33.15296555
26483,37.17304611,,
26485,37.17352295,35.44706726,33.15330124
26486,37.17385483,,
26487,,35.44728088,33.15347672
26488,,35.44738007,33.15354919
26492,37.17711258,,
26494,37.17841339,35.44841766,33.15406036
26496,37.17956161,35.44871521,33.15417099
26498,,35.44913483,33.15425873
26499,37.18099213,,
26501,37.18183517,35.44984818,33.15444946
26503,,35.45021439,33.15457153
26504,37.18286133,,
26505,37.18318176,,
26506,,35.4507637,33.15522003
26507,37.18421936,35.45095062,33.15547562
26508,37.18466568,,
26509,37.18512344,35.45128632,33.15590668
26510,,35.45143509,33.15609741
26511,,35.4515686,33.15626907
26514,37.18728256,,
26516,,35.45209503,33.15783691
26518,37.18878555,,
26519,37.18912888,,
26520,37.1894722,35.45237732,33.15861511
26521,,35.45246887,33.15880585
26522,37.19027328,35.45255661,33.15897369
26523,37.1907196,,
26524,37.19112396,35.45272446,33.15926743
26525,37.19150543,35.45280457,33.1593895
26526,,35.45287323,33.15950012
26527,37.19221497,35.45293808,33.15960312
26529,,35.453125,33.15978241
26531,37.19374466,,
26532,37.19408417,,
26533,,35.45358276,33.16662979
26534,,35.45375824,33.16794968
26540,37.19632721,,
26542,,35.45478821,33.17477417
26549,37.19958496,,
26550,37.20013428,,
26551,,35.45649338,33.17861557
26552,37.20122147,35.4567337,33.17893219
26554,,35.45715714,33.17947388
26555,37.2027359,,
26557,37.20361328,35.45767212,33.18013
26558,37.20402145,,
26559,,35.45795059,33.18048859
26560,37.20473099,35.45806503,33.18064499
26561,37.20507431,,
26562,,35.45829773,33.18091965
26563,,35.45839691,33.18106842
26570,37.20810318,,
26572,,35.45928574,33.18215561
26573,37.2091217,,
26574,37.20959473,,
26575,,35.45970154,33.18252945
26576,37.21048737,35.45986557,33.18265915
26578,,35.46015167,33.18289566
26589,37.21689987,,
26591,,35.46133804,33.18516159
26592,37.21829987,,
26594,,35.46166992,33.18582535
26600,37.2282486,,
26601,37.22919846,,
26602,,35.4630127,33.18693542
26603,,35.46317673,33.18702316
26609,37.23442459,,
26611,37.23540115,35.4691658,33.1875
26612,37.23583984,,
26613,,35.47031021,33.18756866
26614,37.2366066,35.47080994,33.18759918
26615,37.23705292,,
26616,,35.4716835,33.18766403
26617,37.23786163,35.47206879,33.18769073
26619,,35.47322464,33.18774033
26620,37.23888779,,
26621,37.239254,,
26622,,35.47460556,33.18778992
26623,,35.47499466,33.18780136
26624,37.24033356,,
26625,37.24065781,,
26626,,35.47594452,33.18795013
26627,,35.47620392,33.18801498
26630,37.24206543,,
26631,37.24229431,,
26632,37.24250412,35.47740555,33.18834305
26633,,35.47759247,33.18844223
26634,,35.47776413,33.18853378
26639,37.25017166,,
26641,37.25234985,35.4798851,33.18897247
26643,,35.48059845,33.1890831
26648,37.25766754,,
26649,37.25817108,,
26650,37.2586441,35.48235321,33.1893959
26651,,35.48253632,33.18944168
26652,37.25946045,35.48279572,33.18948364
26654,,35.48339844,33.18985367
26657,37.2610054,,
26658,37.26125717,,
26659,,35.48504639,33.19052505
26660,37.26169968,35.48538971,33.19063187
26662,,35.48599625,33.19081497
26664,37.2628479,,
26665,37.26319122,,
26666,37.26353073,35.48693848,33.19110489
26667,,35.48712158,33.19118881
26668,37.26411819,35.48728943,33.19126511
26670,37.26465225,35.48759079,33.19139862
26672,,35.48788071,33.19151306
26678,37.26650238,,
26680,,35.48874664,33.19217682
26684,37.2674675,,
26685,37.26759338,,
26686,,35.48962021,33.19272232
26687,37.2682991,35.48975372,33.19286346
26689,,35.49002838,33.19311142
26690,37.26919174,,
26691,37.26944733,,
26692,,35.49082947,33.19339752
26693,37.27009583,35.49106598,33.19347763
26694,37.27043533,,
26695,,35.49147034,33.19361115
26696,,35.49164963,33.19373703
26697,37.27132416,,
26698,37.27156448,,
26699,,35.49221039,33.19405365
26700,,35.49274063,33.19413757
26701,37.27221298,,
26703,37.27258682,35.49407959,33.19451523
26704,37.2727623,,
26705,37.27297211,35.49507141,33.19470978
26706,,35.49550247,33.19478989
26707,,35.49589157,33.19486237
26708,37.27370453,,
26709,37.27392578,,
26710,,35.49689102,33.19503403
26711,37.27431107,35.49725342,33.19508362
26713,,35.49790955,33.19517136
26717,37.27519989,,
26719,,35.50000763,33.19536591
26720,37.27561951,,
26722,37.27597809,35.50177383,33.19553757
26723,37.27616119,,
26724,37.27632904,35.50270844,33.19563293
26725,37.27648544,35.50311279,33.1956749
26726,,35.50354767,33.19570923
26727,,35.50396729,33.19573975
26730,37.27728653,,
26732,,35.50593948,33.19617462
26734,37.27828217,,
26735,37.27851868,,
26736,,35.5071106,33.19643021
26737,,35.50733948,33.19648743
26739,37.27931595,,
26740,37.27967072,,
26741,37.27999115,35.50810623,33.19668579
26742,,35.50828934,33.19672775
26743,37.28055954,35.50845337,33.1967659
26745,,35.50875092,33.1969986
26746,37.28128433,,
26748,37.28169632,35.50913239,33.19727325
26750,37.28272629,35.50935364,33.19742584
26752,,35.50954819,33.19757843
26753,37.28395844,,
26755,,35.50992966,33.19813538
26756,37.28502274,,
26757,37.28534698,,
26758,,35.51033401,33.19893265
26759,,35.5105629,33.19915009
26760,37.2861824,,
26762,,35.51117706,33.20024109
26764,37.28704834,,
26765,37.28744125,,
26766,,35.51184082,33.20141983
26767,37.28818512,35.51197052,33.20164108
26769,,35.51219177,33.20231247
26771,37.28947449,,
26773,,35.51254654,33.20378113
26774,37.29051208,,
26775,37.29081345,,
26776,37.29109192,35.51277924,33.20455551
26777,,35.51289368,33.20476913
26778,,35.51299667,33.20496368
26780,37.2926712,,
26782,,35.51337051,33.20574188
26784,37.29520416,,
26786,37.29634094,35.5138588,33.20636749
26788,,35.51413727,33.20663834
26789,37.29782867,,
26791,,35.51469421,33.20697403
26792,37.29901505,,
26794,,35.51514435,33.2075386
26797,37.30065536,,
26799,,35.51614761,33.20898819
26801,37.30170822,,
26803,,35.51704407,33.20975113
26805,37.30246735,,
26807,,35.51792908,33.21025848
26808,37.3030014,,
26810,37.30329895,35.5185051,33.2105751
26811,37.30344391,,
26812,37.30358124,35.51889801,33.21081543
26813,37.30370331,35.51912689,33.21092224
26814,37.30382538,35.51935196,33.21102142
26815,37.30395889,35.5195694,33.21110916
26816,,35.51976776,33.21118927
26817,37.30422592,35.52000427,33.21126938
26818,37.30435181,,
26819,,35.52044296,33.21140289
26820,37.30462646,35.52064514,33.21146011
26822,,35.52101135,33.2115593
26828,37.30596161,,
26830,,35.52318954,33.21184921
26833,37.30686188,,
26835,,35.52511597,33.21199799
26836,37.30733109,,
26838,,35.52590942,33.2121048
26839,37.30773926,,
26841,,35.52651596,33.21216965
26842,37.30812836,,
26843,37.30829239,,
26844,,35.52816772,33.21239853
26845,,35.52892303,33.21247482
26847,37.30929947,,
26849,,35.53171158,33.21271515
26850,37.30990601,,
26852,37.31027985,35.53400421,33.21284103
26853,37.31051254,,
26854,,35.53518677,33.21290207
26855,,35.53569031,33.21292496
26856,37.31147385,,
26858,37.31218338,35.53696442,33.21300125
26859,37.31253052,,
26860,37.31285477,35.53765869,33.21306992
26861,,35.53796005,33.21310425
26862,,35.53823471,33.21313477
26863,37.31377029,,
26865,,35.53891754,33.21323013
26866,37.31467056,,
26867,37.31493759,,
26868,37.31518173,35.53943253,33.21334076
26869,,35.53960419,33.21337509
26870,,35.53978348,33.21340561
26871,37.3159256,,
26873,,35.54024124,33.21350861
26880,37.31774521,,
26882,37.31807709,35.54125977,33.21382523
26883,37.31822586,,
26884,,35.54153824,33.213871
26885,37.31851578,35.54165649,33.21388626
26887,,35.54192352,33.21392441
26888,37.31897736,,
26890,,35.54233551,33.21399689
26893,37.31986237,,
26895,37.32022095,35.54291916,33.21411514
26897,,35.54320908,33.21416855
26899,37.32094193,,
26900,37.32114792,,
26901,,35.54512405,33.21444321
26902,,35.54559708,33.21450806
26903,37.3217392,,
26905,,35.54681396,33.21465683
26907,37.32323837,,
26908,37.32355499,,
26909,37.32384872,35.54823685,33.21483231
26910,,35.54859924,33.21487808
26911,37.32437897,35.54892731,33.21492004
26913,37.32485199,35.54951859,33.21499252
26914,37.32506561,,
26915,,35.55005264,33.21505356
26916,37.32545853,35.5503006,33.21507645
26917,37.32566452,,
26918,,35.55074692,33.21524429
26919,37.32604599,35.55096817,33.21532059
26920,37.32624435,,
26921,,35.55139923,33.21545029
26922,37.32659531,35.55160522,33.21550369
26924,,35.55198669,33.21560669
26925,37.32704163,,
26926,37.3271904,,
26927,37.32733154,35.55269241,33.21573639
26928,37.32746124,35.55293274,33.21577835
26929,37.3276825,35.55315018,33.21582413
26930,,35.55335999,33.21587372
26931,,35.55354691,33.21591568
26934,37.32902145,,
26935,37.32923889,,
26936,,35.55441666,33.21652222
26937,,35.55460358,33.2167244
26938,37.32983017,,
26940,37.33046722,35.55553436,33.21723557
26942,37.33113861,35.55655289,33.21749496
26944,37.33184052,35.55736923,33.21770096
26945,37.33218765,,
26946,,35.55810547,33.21787643
26947,37.33280563,35.5584259,33.21795273
26948,37.33312988,,
26949,,35.55902481,33.21809006
26950,37.33372116,35.55934906,33.21815109
26952,37.33423615,35.5599556,33.21831894
26954,,35.56049728,33.21852112
26955,37.33499908,,
26957,,35.56126404,33.21879196
26958,37.3358345,,
26959,37.33611298,,
26960,37.33637619,35.56212997,33.21903992
26961,,35.56240082,33.21910858
26962,37.33683014,35.56266403,33.21917343
26964,37.33758926,35.56311417,33.21929169
26966,,35.56351089,33.21937943
26968,37.33954239,,
26970,,35.56441116,33.21959305
26974,37.34300232,,
26976,,35.5657959,33.22005081
26977,37.34472656,,
26978,37.34524155,,
26979,,35.56634521,33.22018433
26980,37.34622192,35.56651306,33.22022247
26982,37.34711838,35.56679916,33.22032547
26983,37.34753799,,
26984,37.34793854,35.56706619,33.22045898
26985,37.34831619,35.56718445,33.22052002
26986,37.34904099,35.56729126,33.22057724
26987,,35.56739044,33.22065735
26988,,35.56748199,33.22072983
26989,37.35137939,,
26991,,35.56770706,33.22091293
26997,37.3573494,,
26998,37.35786819,,
26999,37.35836792,35.56833267,33.22171021
27000,,35.56840897,33.22179031
27001,,35.56848907,33.22186279
27003,37.3600769,,
27005,37.36083603,35.56879044,33.22228241
27007,,35.56895828,33.22243118
27010,37.36240387,,
27012,37.36286163,35.56936264,33.22266769
27013,37.36306,,
27014,,35.56948853,33.22272873
27015,37.36423492,35.56961441,33.22275162
27017,,35.56983185,33.22280121
27025,37.37011719,,
27027,37.37085724,35.5709877,33.22530365
27029,,35.57143021,33.2271843
27031,37.37177658,,
27032,37.37205887,,
27033,37.3723259,35.57201385,33.22935867
27034,37.37257004,35.5721817,33.22994232
27035,37.37282944,35.57233429,33.23046494
27036,,35.57249069,33.23094177
27037,,35.57264709,33.2313652
27038,37.37395859,,
27039,37.37430191,,
27040,37.37462234,35.57304764,33.23363876
27041,,35.57316208,33.23426056
27042,,35.57326508,33.23482132
27044,37.37572098,,
27045,37.37595749,,
27046,,35.57365036,33.23655701
27047,,35.5737381,33.23689651
27050,37.37731171,,
27051,37.37757492,,
27052,37.37782288,35.57416916,33.23836517
27053,,35.57427216,33.23863983
27054,37.37842178,35.57436752,33.23888397
27056,37.37894821,35.57460403,33.23932648
27058,,35.57484436,33.23970413
27060,37.3799324,,
27061,37.38012695,,
27062,,35.57530594,33.24027634
27063,,35.57544708,33.24038315
27068,37.38272095,,
27069,37.38309097,,
27070,,35.57632065,33.24094772
27071,,35.57649231,33.24100494
27073,37.38431549,,
27075,,35.57722855,33.24126434
27076,37.38580704,,
27078,37.3869133,35.57769394,33.24151993
27080,,35.57796478,33.24171448
27081,37.38847733,,
27082,37.38904572,,
27083,,35.57832336,33.2419548
27084,,35.57841492,33.24202347
27088,37.39224625,,
27090,,35.5790863,33.24246979
27091,37.39378738,,
27092,37.39422226,,
27093,37.39464569,35.57952881,33.24262238
27094,37.39506149,35.5797081,33.24266815
27095,,35.57986832,33.2427063
27096,,35.58001328,33.24274445
27099,37.39844513,,
27101,,35.58063126,33.24293137
27104,37.4011879,,
27106,,35.58156204,33.24317551
27108,37.40332794,,
27109,37.40385818,,
27110,37.40437317,35.58250046,33.24332809
27111,37.40485764,35.58270645,33.24335861
27112,37.40529633,35.58291245,33.24342346
27113,,35.58309937,33.24348068
27114,,35.58327484,33.24356842
27115,37.40639114,,
27116,37.40675354,,
27117,37.4070816,35.58379364,33.24379349
27118,,35.58398056,33.24385834
27119,37.40768433,35.58415604,33.24391556
27121,,35.58446121,33.24402618
27125,37.40919113,,
27127,,35.58515549,33.24525833
27133,37.41074753,,
27134,37.41088867,,
27135,37.41102982,35.58693314,33.24757385
27136,37.41117096,35.58711624,33.24774933
27137,37.41136551,35.58728409,33.24790955
27138,37.41164398,35.58744812,33.24805832
27139,,35.58761597,33.24825668
27140,,35.58777618,33.24843979
27142,37.41263962,,
27144,,35.58838654,33.24919128
27145,37.41329193,,
27146,37.41347122,,
27147,,35.58877563,33.24993515
27148,37.41386795,35.58889771,33.25014114
27150,,35.5891304,33.2504921
27152,37.4146843,,
27153,37.41485596,,
27154,,35.58955383,33.25101852
27155,,35.58971405,33.25112534
27156,37.41542053,,
27157,37.41558456,,
27158,,35.59012604,33.25138092
27159,37.4159584,35.59031677,33.25145721
27161,37.41627121,35.59077835,33.25157547
27162,37.41641617,,
27163,,35.59123993,33.25173569
27164,,35.59153748,33.25180054
27166,37.41695404,,
27167,37.41711426,,
27168,,35.59732819,33.25211716
27169,37.41741562,35.59899521,33.25218582
27170,37.41756439,,
27171,,35.60187912,33.25229645
27172,,35.60312653,33.25234985
27173,37.4180603,,
27175,37.41844559,35.60935593,33.25248718
27177,,35.61309814,33.25255966
27180,37.41994095,,
27181,37.42021942,,
27182,,35.62049484,33.25298691
27183,,35.6215744,33.25308228
27187,37.4217453,,
27188,37.42237854,,
27189,37.42297363,35.6261673,33.25355911
27190,,35.62670517,33.25362396
27191,,35.62719345,33.25369263
27197,37.42741394,,
27198,37.42785645,,
27199,,35.62974167,33.25419617
27200,,35.62994003,33.25427246
27201,37.42913818,,
27202,37.42950439,,
27203,,35.63051605,33.25444794
27204,37.43021774,35.63069916,33.25449753
27205,37.43058014,,
27206,,35.63101959,33.25654221
27207,,35.63116455,33.25741577
27211,37.43282318,,
27213,37.43354797,35.63196945,33.26116562
27215,,35.6338501,33.26199341
27218,37.43514252,,
27219,37.43552017,,
27220,,35.64051819,33.26386642
27221,,35.64151764,33.26415634
27222,37.43650818,,
27223,37.43680573,,
27224,,35.64398575,33.26489639
27225,37.43732071,35.64465714,33.2651062
27227,,35.64589691,33.26546478
27228,37.43793869,,
27229,37.43815994,,
27230,,35.64757156,33.26589584
27231,,35.64804077,33.2660141
27233,37.43966293,,
27234,37.43996811,,
27235,,35.64951706,33.26665497
27236,37.44136047,35.64980316,33.26680374
27238,,35.65029144,33.26708984
27242,37.4447937,,
27244,37.44564056,35.65129852,33.26779938
27246,37.44641876,35.65153122,33.26799011
27248,,35.65172195,33.26818848
27250,37.44797516,,
27251,37.44834518,,
27252,,35.65201187,33.2685051
27253,,35.65206909,33.26857376
27254,37.44959641,,
27256,37.45035934,35.65222168,33.26879883
27257,37.45068741,,
27258,,35.65232849,33.26893616
27259,,35.65237427,33.26901245
27262,37.45239639,,
27263,37.45275116,,
27264,,35.65254974,33.26932526
27265,,35.65259552,33.26938248
27266,37.45365143,,
27268,37.45414734,35.65271759,33.26951599
27270,37.45457458,35.65278625,33.26958466
27272,,35.6528511,33.26963806
27273,37.45514297,,
27275,,35.65296555,33.26979065
27280,37.45737076,,
27282,,35.65343857,33.27069473
27284,37.45889664,,
27286,37.45992661,35.65365982,33.27355576
27288,37.46090317,35.653759,33.27542496
27290,,35.65384674,33.27694702
27295,37.46403503,,
27297,37.4647789,35.65406418,33.28258133
27299,,35.6541748,33.28395462
27300,37.46581268,,
27302,,35.65431976,33.28559494
27303,37.4668045,,
27305,37.46735764,35.65446854,33.28682327
27307,37.46794891,35.65455627,33.28746796
27309,,35.65466309,33.28801346
27312,37.4696846,,
27313,37.47005463,,
27314,,35.65506363,33.28913116
27315,37.47090149,35.65513611,33.28940201
27316,37.47128296,,
27317,37.47170258,35.65555954,33.28986359
27318,,35.65573883,33.29006577
27319,37.47247314,35.65590286,33.29025269
27321,,35.65618515,33.29057693
27328,37.47472763,,
27329,37.47491455,,
27330,,35.65706635,33.29161072
27331,,35.65713501,33.29170227
27335,37.47575378,,
27337,37.47598648,35.65749359,33.29305649
27339,,35.65765762,33.29340744
27340,37.47660446,,
27341,37.47686386,,
27342,,35.6579361,33.29384613
27343,,35.65802383,33.29396439
27344,37.47758102,,
27345,37.47783279,,
27346,37.47808838,35.65828705,33.29428482
27347,,35.65836716,33.294384
27348,,35.65843964,33.29447937
27349,37.47881317,,
27351,37.4792366,35.65872574,33.29499435
27352,37.47966003,,
27353,,35.65890121,33.29534531
27354,,35.65967178,33.29549789
27361,37.48295593,,
27363,37.48373795,35.66456604,33.29661942
27365,37.48452759,35.6652832,33.2968483
27366,37.48487091,,
27367,,35.6658783,33.29711533
27368,37.48558426,35.6661377,33.29723358
27370,,35.66658401,33.29743195
27371,37.48651886,,
27372,37.48679352,,
27373,37.48704529,35.66712952,33.29766464
27374,,35.66727829,33.29773331
27375,,35.6674118,33.29780197
27378,37.48811722,,
27380,37.48852158,35.66811371,33.298069
27382,,35.66836929,33.29823303
27385,37.48967361,,
27386,37.48987198,,
27387,37.4900589,35.66884995,33.29878998
27388,37.49023819,35.66892242,33.29898834
27389,37.4905014,35.66899872,33.29916763
27390,,35.66909409,33.29932785
27391,37.49098587,35.66918564,33.29988861
27393,37.49140549,35.66936874,33.30085373
27394,37.49160385,,
27395,,35.66951752,33.30163193
27396,,35.66959,33.30195999
27403,37.49385452,,
27405,,35.67008591,33.30381775
27407,37.4948616,,
27408,37.49509811,,
27409,,35.67028046,33.30425262
27410,,35.67034149,33.30434036
27412,37.4960289,,
27414,,35.67220306,33.30461884
27415,37.4971962,,
27416,37.49753189,,
27417,,35.67337418,33.30478287
27418,37.49816132,35.67369461,33.30483246
27419,37.49852753,,
27420,37.49885559,35.67425156,33.30491257
27421,37.49920273,35.67448807,33.30495071
27422,37.49962234,35.67470169,33.30498123
27423,,35.67490005,33.30501175
27424,,35.67507935,33.30503845
27425,37.50065613,,
27427,,35.67559814,33.3056221
27429,37.50331497,,
27431,,35.67619705,33.30730057
27434,37.50847626,,
27436,,35.67672348,33.30864716
27437,37.51094055,,
27439,,35.67694855,33.30918121
27449,37.52733231,,
27451,,35.67930603,33.31031418
27453,37.5308876,,
27454,37.53171539,,
27455,37.53246307,35.67998123,33.31051254
27456,,35.6802063,33.31056213
27457,37.53377914,35.68040848,33.31061554
27458,37.53443146,,
27459,37.53503036,35.68088531,33.31071854
27460,,35.68109512,33.31076431
27461,37.53606796,35.68128586,33.31080627
27462,37.53652573,,
27463,37.53694153,35.68161392,33.31087494
27464,,35.6817627,33.31090164
27465,,35.68190765,33.31092834
27466,37.53800583,,
27468,,35.68229294,33.31099319
27470,37.53976822,,
27472,,35.68267822,33.31162262
27474,37.54151535,,
27475,37.54188919,,
27476,,35.68296432,33.31224442
27477,,35.68301773,33.3123703
27479,37.54335022,,
27480,37.54368591,,
27481,,35.68321228,33.31282043
27482,,35.68325806,33.31294632
27485,37.54658127,,
27486,37.54738235,,
27487,,35.68343735,33.3134613
27488,,35.68346786,33.31354904
27495,37.55254364,,
27497,37.55330658,35.68520737,33.31412125
27499,,35.68561554,33.31419373
27502,37.55483246,,
27504,37.5553093,35.68681335,33.31432724
27506,37.55606079,35.68719482,33.31436539
27508,,35.68762207,33.31441116
27509,37.55742264,,
27511,,35.68813324,33.31451035
27512,37.55858612,,
27514,37.55971909,35.68852997,33.31463623
27515,37.56040573,,
27516,37.56103134,35.68873596,33.31470871
27517,,35.68891907,33.31475067
27518,,35.68908691,33.31478119
27521,37.56401062,,
27522,37.56447601,,
27523,,35.68978119,33.31504822
27524,37.56527328,35.689888,33.31510544
27526,,35.69008255,33.31520081
27530,37.56703568,,
27531,37.56730652,,
27532,,35.69062805,33.31555939
27533,,35.69074631,33.3157959
27538,37.56918335,,
27539,37.5693779,,
27540,,35.69150543,33.31705093
27541,,35.69164276,33.31716919
27542,37.56991196,,
27543,37.57008362,,
27544,37.57023621,35.69198608,33.31744003
27545,,35.69208527,33.31751251
27546,,35.69218063,33.31758118
27547,37.57064438,,
27549,,35.69242859,33.31778336
27550,37.57099152,,
27552,37.57125473,35.69264603,33.3180275
27554,,35.69277954,33.31817627
27555,37.57170105,,
27557,,35.69300079,33.31840897
27559,37.57222748,,
27560,37.57259369,,
27561,,35.69487381,33.31866455
27562,,35.69523239,33.31871796
27563,37.57355881,,
27564,37.57383728,,
27565,,35.69633865,33.31886673
27566,37.5743866,35.6966362,33.31890488
27568,,35.69715881,33.31897736
27570,37.57523727,,
27572,37.57569885,35.69903946,33.31910324
27574,,35.69974136,33.3191452
27576,37.57672119,,
27577,37.57693863,,
27578,37.57714844,35.70082092,33.3192215
27579,,35.70103073,33.31923676
27580,37.57754898,35.70121765,33.31925201
27582,,35.70156097,33.31927872
27584,37.57827759,,
27585,37.57844543,,
27586,,35.70207977,33.31969452
27587,,35.70218658,33.31977844
27588,37.57892227,,
27589,37.57906342,,
27590,,35.7024498,33.32012177
27591,,35.70252991,33.32022095
27593,37.57952881,,
27594,37.57963562,,
27595,,35.70291138,33.32054138
27596,,35.70300293,33.3205986
27602,37.58436203,,
27604,,35.70361328,33.32098389
27605,37.58588028,,
27606,37.58632278,,
27607,,35.70517349,33.32130051
27608,,35.70560074,33.32151794
27609,37.58758926,,
27611,,35.70680237,33.32213974
27612,37.58877945,,
27614,,35.70775986,33.32303238
27616,37.59088516,,
27618,,35.70886993,33.32471466
27621,37.59404373,,
27622,37.59453201,,
27623,,35.7100296,33.32601929
27624,,35.7102356,33.32620621
27626,37.59616089,,
27627,37.59648132,,
27628,37.59677887,35.71090317,33.32681656
27629,,35.71103668,33.3269577
27630,,35.7111702,33.3270874
27633,37.59827042,,
27634,37.59868622,,
27635,,35.71632385,33.32761765
27636,37.59940338,35.71725464,33.32770157
27637,37.59973907,,
27638,37.60005188,35.71899796,33.32791519
27639,37.60033798,35.7198143,33.32802963
27640,,35.72055054,33.32813263
27641,37.60087585,35.72122192,33.328228
27643,37.60133743,35.72237396,33.32845688
27645,,35.72331619,33.32891083
27646,37.60187912,,
27648,,35.7244072,33.32971191
27652,37.60283279,,
27654,,35.72577286,33.3309288
27660,37.60529327,,
27662,,35.72673798,33.33272934
27663,37.60643768,,
27665,37.60712814,35.72700119,33.33330917
27666,37.60744476,,
27667,,35.7271347,33.33387375
27668,,35.72719574,33.3341217
27672,37.6094017,,
27673,37.60971069,,
27674,,35.72756958,33.33517456
27675,37.6102562,35.72764206,33.33529282
27676,37.61050034,,
27677,37.61073303,35.72781754,33.33550262
27678,37.61095428,35.72798157,33.33559036
27679,37.61115265,35.72813034,33.33567047
27680,37.61136627,35.72826004,33.33575058
27681,37.61156464,35.72838974,33.33581924
27682,,35.72852707,33.33589172
27683,37.61193466,35.72866058,33.33596039
27685,,35.72889328,33.33606339
27687,37.61346817,,
27689,37.61418533,35.72927094,33.3362236
27691,,35.72943115,33.33627701
27695,37.61580276,,
27697,,35.72977066,33.33638763
27698,37.61642838,,
27700,37.61676788,35.72994232,33.33641434
27701,37.61693573,,
27702,,35.7300415,33.33644104
27703,,35.73008728,33.3364563
27706,37.6178627,,
27708,,35.73028564,33.33651352
27711,37.61904907,,
27713,,35.73052597,33.33663177
27717,37.62099838,,
27718,37.62124252,,
27719,,35.7326355,33.33756256
27720,,35.73290634,33.33769989
27722,37.62223816,,
27724,,35.73381042,33.33868408
27725,37.6228714,,
27727,,35.73435593,33.34294128
27733,37.62420273,,
27734,37.62434387,,
27735,37.62448502,35.735466,33.35243607
27736,37.6246109,35.73558044,33.35319519
27737,37.62508392,35.7356987,33.35388184
27738,,35.73580551,33.354496
27739,,35.73590469,33.35505295
27740,37.62632751,,
27742,37.62709427,35.73615646,33.35642242
27744,37.62787628,35.73630142,33.35713577
27746,37.62851334,35.73651123,33.35771942
27748,,35.73670578,33.35820007
27749,37.62928772,,
27750,37.62950516,,
27751,37.62970352,35.73696899,33.35877228
27752,37.62988663,35.73712158,33.35894775
27753,,35.73726273,33.35910797
27754,,35.73739243,33.35924911
27756,37.63106918,,
27757,37.63135147,,
27758,37.63163757,35.73780823,33.36165619
27759,,35.73788834,33.36211777
27760,37.63316345,35.73796463,33.36253738
27762,,35.73812866,33.36326599
27764,37.63599396,,
27766,,35.73843765,33.36437225
27767,37.63763046,,
27769,,35.73868561,33.36495972
27775,37.64159393,,
27777,,35.73959351,33.36592484
27781,37.64356995,,
27783,,35.74197006,33.36769485
27787,37.64507675,,
27789,,35.74444199,33.37066269
27795,37.64729691,,
27797,37.6480484,35.74640274,33.37600327
27799,,35.74672318,33.37737274
27800,37.64896393,,
27802,,35.74711227,33.37944412
27805,37.65096664,,
27807,,35.74762726,33.38175201
27808,37.65223312,,
27809,37.65258408,,
27810,,35.74786377,33.38422775
27811,,35.74792862,33.38489532
27818,37.65481949,,
27820,,35.74869156,33.38861465
27823,37.65604782,,
27825,,35.74911118,33.38959885
27828,37.65717316,,
27830,,35.74947739,33.39021301
27831,37.65790939,,
27833,37.65832138,35.74966049,33.39045334
27835,37.65870667,35.74976349,33.39057922
27837,,35.74985886,33.39068222
27840,37.65967941,,
27842,37.66000366,35.750103,33.3908844
27843,37.66028214,,
27844,,35.75019073,33.39095306
27845,37.66090393,35.75023651,33.39100647
27847,37.6614151,35.75040054,33.39110947
27848,37.66176987,,
27849,37.66210556,35.75059891,33.39119339
27850,,35.75069046,33.39123535
27851,37.6628418,35.75078964,33.3912735
27852,37.6632309,,
27853,37.66358566,35.75096893,33.39134598
27854,,35.75104523,33.39138412
27855,37.66419601,35.75114059,33.39141846
27856,37.66445923,,
27857,,35.75132751,33.39149475
27858,,35.75141144,33.39154816
27859,37.66547012,,
27860,37.6657753,,
27861,37.66609192,35.75163269,33.39591217
27862,37.66638184,35.75169754,33.39709091
27863,,35.75175858,33.3981514
27864,37.66692352,35.7518158,33.39910889
27865,37.66717529,,
27866,37.66740417,35.75199127,33.40082932
27867,,35.7520752,33.401577
27868,,35.75214767,33.4022522
27872,37.66905975,,
27873,37.66981506,,
27874,,35.75261688,33.40512466
27875,37.67113876,35.75271988,33.40546036
27877,37.67239761,35.75292969,33.40608597
27879,,35.75310516,33.40660095
27880,37.67407608,,
27881,37.67457199,,
27882,37.67502213,35.75337219,33.40721893
27883,,35.75345612,33.40740585
27884,,35.75353622,33.4075737
27885,37.67616272,,
27887,,35.7537384,33.40800095
27889,37.67742538,,
27890,37.67791748,,
27891,,35.75403214,33.4084549
27892,,35.75409317,33.40855408
27894,37.67959213,,
27895,37.67998886,,
27896,,35.75431442,33.4088707
27897,37.68070602,35.75437164,33.40893173
27898,37.68119431,,
27899,,35.75446701,33.40904236
27900,,35.75451279,33.40908813
27908,37.68557358,,
27909,37.68592453,,
27910,37.68643188,35.75519562,33.40966797
27911,,35.7553215,33.40969849
27912,,35.75543594,33.40972519
27914,37.68814087,,
27916,,35.75600433,33.40981293
27919,37.68968582,,
27920,37.68999481,,
27921,37.69031906,35.75722122,33.40992355
27922,,35.75743484,33.40995789
27923,,35.75774002,33.40999603
27924,37.69153595,,
27925,37.69194031,,
27926,37.69232941,35.75939178,33.41010666
27927,37.69272614,35.75995636,33.41014099
27928,37.69309998,35.76046371,33.41017532
27929,37.69345474,35.76092529,33.41020584
27930,,35.76134109,33.41024017
27931,,35.76172638,33.41027451
27935,37.69805145,,
27937,,35.76357651,33.41041183
27938,37.70069885,,
27940,,35.76426315,33.41045761
27945,37.70554352,,
27947,,35.76538086,33.41056442
27948,37.70697403,,
27950,37.70777512,35.76573181,33.4106369
27952,37.7087326,35.76591873,33.41068649
27954,,35.76609421,33.41075134
27955,37.71020889,,
27957,37.71139526,35.7663269,33.41086578
27958,37.71194839,,
27959,37.71245193,35.76650238,33.41093063
27960,,35.7665863,33.41096115
27961,,35.7666626,33.41098404
27964,37.71437454,,
27965,37.7146759,,
27966,37.71495438,35.76705551,33.411129
27967,37.71521378,35.76713562,33.41114426
27968,,35.7672081,33.41115952
27969,37.71570587,35.76727676,33.41117477
27971,,35.76740265,33.41124725
27974,37.71681213,,
27976,,35.76769257,33.41138077
27979,37.71820831,,
27981,,35.76825714,33.41147614
27983,37.71946335,,
27984,37.71972275,,
27985,37.71996689,35.76977539,33.4115715
27986,,35.77030563,33.41159821
27987,37.72042465,35.77077866,33.41162109
27988,37.7206459,,
27989,37.72084808,35.77181625,33.41166306
27990,37.72113037,35.77236176,33.41168213
27991,,35.77286148,33.4117012
27992,,35.77331543,33.41172028
27994,37.72283173,,
27995,37.7234726,,
27996,,35.77515411,33.41178513
27997,,35.77570343,33.41180038
27998,37.72510529,,
28000,37.72600555,35.7771225,33.41182709
28002,37.72676086,35.77793884,33.41184235
28004,37.72745895,35.77863312,33.41187668
28005,37.72782898,,
28006,37.72816467,35.77923203,33.41191483
28007,,35.77948761,33.41193008
28008,,35.77972412,33.41194534
28016,37.73104858,,
28017,37.73157883,,
28018,,35.78187561,33.41248322
28019,,35.78208923,33.41254807
28022,37.7337265,,
28024,,35.78314972,33.41280365
28026,37.73513412,,
28028,37.73659515,35.78466034,33.41299057
28029,37.73765182,,
28030,,35.78536224,33.41311264
28031,,35.78567123,33.41316223
28032,37.73997879,,
28034,37.74209595,35.78636551,33.41326523
28035,37.74304581,,
28036,,35.78710175,33.41335678
28037,,35.78755188,33.41339493
28039,37.74637222,,
28040,37.74707794,,
28041,37.74772263,35.78948212,33.41352081
28042,,35.78985596,33.41354752
28043,37.74902725,35.79020309,33.41356659
28045,37.75016785,35.79082108,33.41359711
28046,37.75066757,,
28047,37.75144577,35.79133606,33.4137764
28048,,35.79156876,33.41386032
28049,37.75279236,35.79183197,33.4142189
28050,37.75337219,,
28051,,35.79228973,33.41483688
28052,,35.79249191,33.41511536
28053,37.75479126,,
28055,,35.79310989,33.4158287
28058,37.75712585,,
28059,37.75750351,,
28060,37.75785828,35.79401016,33.41665268
28061,,35.79415894,33.41679764
28062,,35.79431534,33.41692734
28063,37.75876236,,
28065,37.75927734,35.79480362,33.41724396
28067,,35.79516983,33.41740799
28068,37.76010513,,
28070,,35.79565048,33.41762161
28071,37.76083374,,
28072,37.76105499,,
28073,,35.79603195,33.41778564
28074,,35.79614639,33.41785049
28075,37.76163101,,
28077,37.7620163,35.79657745,33.41800308
28079,37.76239395,35.79680252,33.4181366
28081,,35.79704666,33.41830063
28084,37.76340866,,
28085,37.76365662,,
28086,,35.79771042,33.41864395
28087,,35.79781723,33.41870499
28088,37.764328,,
28090,,35.79810333,33.41884995
28092,37.76600266,,
28093,37.76639557,,
28094,37.76682281,35.79847336,33.41895294
28095,37.76721191,35.79855728,33.41897202
28096,37.76758957,35.79863358,33.41901398
28097,37.76793671,35.79870224,33.41904831
28098,,35.7987709,33.41909027
28099,,35.79885101,33.4191246
28102,37.76944351,,
28103,37.76972961,,
28104,,35.79929733,33.41943359
28105,,35.79940414,33.41988754
28106,37.77060699,,
28108,37.77115631,35.80000305,33.4209938
28109,37.7714119,,
28110,,35.8006897,33.42155838
28111,,35.80099106,33.42179871
28113,37.77263641,,
28115,,35.80221176,33.42258072
28116,37.77413559,,
28118,,35.80290222,33.42303467
28119,37.77555847,,
28120,37.77626038,,
28121,,35.80345535,33.42337036
28122,37.77747345,35.80361938,33.42346191
28123,37.77800369,,
28124,,35.80389786,33.42361832
28125,37.77891541,35.80402374,33.42368317
28126,37.77931213,,
28127,,35.80424881,33.42379761
28128,37.78001404,35.80434418,33.42385483
28129,37.78037643,,
28130,37.78072739,35.80451584,33.42395401
28131,37.78104401,35.80470276,33.42446136
28132,,35.80490494,33.42492294
28133,37.78165436,35.80508804,33.42533875
28134,37.78197861,,
28135,37.7822876,35.80544662,33.42604446
28136,,35.80559921,33.42634964
28137,37.7828331,35.80573273,33.42662811
28139,37.7833519,35.80623245,33.42709732
28141,37.78386688,35.80687714,33.42749023
28143,,35.80740738,33.4278183
28145,37.78477478,,
28147,,35.80831146,33.42841721
28149,37.78554153,,
28151,,35.80903625,33.42897415
28153,37.78614426,,
28154,37.78627014,,
28155,37.78638077,35.80960083,33.42947388
28156,,35.80974579,33.42957306
28157,,35.80987549,33.4296608
28158,37.78668976,,
28159,37.78678513,,
28160,,35.81033325,33.42987823
28161,37.78697586,35.81054306,33.42993546
28163,,35.81106949,33.43004227
28164,37.78725815,,
28165,37.78734589,,
28166,,35.81198502,33.43033218
28167,,35.81224823,33.43041229
28168,37.78856277,,
28169,37.78905487,,
28170,,35.81325531,33.43061829
28171,37.78991318,35.81353378,33.43067932
28172,37.7902832,,
28173,37.79062271,35.81408691,33.43080139
28174,37.79098892,35.81433487,33.43086624
28175,37.79139709,35.81456757,33.43092728
28176,,35.81477737,33.43097687
28177,37.79210663,35.814991,33.43103027
28179,37.79269409,35.81536102,33.43112564
28181,,35.81568527,33.43120575
28183,37.7937851,,
28185,37.79424667,35.81636429,33.43133926
28187,,35.81673431,33.43138885
28188,37.79481125,,
28190,,35.81729126,33.43144989
28192,37.79555893,,
28193,37.79575348,,
28194,37.79592514,35.81850052,33.43152237
28195,,35.81873322,33.43154526
28196,,35.81894302,33.43156433
28200,37.79705429,,
28202,,35.82135391,33.43167877
28204,37.79780579,,
28205,37.79801178,,
28206,37.79821014,35.8233757,33.43172455
28207,,35.82378006,33.43176651
28208,37.79855347,35.82414627,33.43180847
28210,37.79886246,35.8247757,33.4318924
28211,37.79917145,,
28212,,35.82535172,33.43195724
28213,37.7997551,35.82562637,33.43199921
28214,37.80002594,,
28215,,35.82611084,33.4320755
28216,,35.82632828,33.43210983
28218,37.80111694,,
28219,37.80143356,,
28220,,35.82740402,33.432724
28221,37.80208588,35.82785797,33.43299866
28223,,35.82886505,33.43347549
28224,37.80287552,,
28226,,35.83021164,33.43404388
28228,37.8037262,,
28230,37.8041687,35.83176041,33.43593216
28232,,35.8325386,33.43681335
28234,37.80499649,,
28236,37.80536652,35.83368683,33.43822098
28238,,35.83409119,33.43874359
28239,37.80590057,,
28240,37.80605316,,
28241,,35.83454514,33.43937302
28242,,35.83469772,33.43954468
28244,37.80674362,,
28246,37.80729675,35.83517075,33.44010162
28247,37.80758667,,
28248,37.80791473,35.83534622,33.44045639
28249,37.80821609,35.83542633,33.44074631
28250,,35.83549881,33.44100952
28251,37.80892181,35.83556747,33.44124985
28252,37.8107338,,
28253,37.81243134,35.83575058,33.44165421
28254,,35.83584976,33.44182587
28255,37.81536865,35.8359375,33.44197464
28256,37.81665421,,
28257,37.81780624,35.83608246,33.44223404
28258,,35.83614349,33.44236374
28259,,35.83621216,33.44248581
28260,37.82075119,,
28261,37.82165909,,
28262,,35.83639526,33.44277954
28263,37.82328415,35.83645248,33.44285965
28265,37.82472992,35.83656693,33.44313431
28267,37.82596588,35.83666992,33.44348145
28268,37.82688522,,
28269,,35.83675766,33.4437561
28270,,35.83679962,33.44388199
28275,37.83209991,,
28277,37.83333206,35.8371048,33.44453812
28278,37.83385468,,
28279,,35.83719635,33.44470215
28280,,35.83724594,33.44477844
28283,37.83621979,,
28284,37.83664703,,
28285,,35.83748627,33.44519043
28286,,35.83754349,33.44531631
28288,37.83808136,,
28289,37.83840561,,
28290,37.83869934,35.83779144,33.44670486
28291,,35.83785248,33.44704819
28292,37.83922577,35.83799744,33.44735718
28294,,35.83852768,33.44789124
28296,37.84006882,,
28297,37.84025192,,
28298,,35.83983612,33.44869995
28299,37.84059143,35.84013367,33.44885635
28300,37.84078217,,
28301,,35.84065247,33.44912338
28302,,35.84087753,33.44923782
28303,37.84130859,,
28305,,35.84143829,33.4495163
28306,37.84177399,,
28307,37.84191513,,
28308,,35.84193802,33.44974136
28309,,35.84209824,33.45015335
28311,37.84238434,,
28312,37.84249115,,
28313,,35.84278488,33.45144272
28314,37.84268951,35.84298706,33.45169067
28315,37.84320068,,
28316,,35.84336472,33.45211792
28317,,35.84354782,33.45230484
28324,37.84747696,,
28326,,35.84502792,33.45396042
28328,37.84952545,,
28329,37.84995651,,
28330,,35.8454895,33.45571136
28331,,35.84606171,33.45605087
28332,37.85111237,,
28333,37.85152054,,
28334,37.85189438,35.84751892,33.45685959
28335,,35.84794235,33.45707703
28336,,35.84835815,33.45727921
28337,37.85308075,,
28338,37.85351944,,
28339,,35.84939194,33.45780563
28340,,35.84967422,33.45794678
28341,37.8547287,,
28343,,35.8503685,33.45833206
28345,37.85588837,,
28347,37.85635376,35.85192108,33.45996857
28348,37.85655975,,
28349,,35.8528862,33.46111298
28350,,35.85337448,33.46160126
28352,37.85747528,,
28354,37.85798264,35.8549881,33.46311569
28355,37.85824966,,
28356,,35.85687637,33.46366501
28357,,35.85825729,33.46390533
28358,37.8589325,,
28360,,35.86319351,33.46456146
28361,37.85947037,,
28363,,35.86700821,33.46505356
28364,37.86000824,,
28365,37.86015701,,
28366,37.86029434,35.86987305,33.4654274
28367,,35.87071609,33.4655304
28368,,35.87147903,33.46562576
28369,37.86065292,,
28371,37.86109543,35.87335205,33.46586227
28373,,35.87435532,33.46600342
28375,37.86184311,,
28376,37.86201096,,
28377,37.86216736,35.87604523,33.46624374
28378,,35.87637711,33.46636581
28379,,35.87679291,33.46647644
28382,37.86288834,,
28384,37.86356354,35.87836456,33.4668808
28385,37.86397171,,
28386,37.86435699,35.87900925,33.46698761
28387,,35.87929535,33.4670372
28388,,35.87954712,33.46711349
28390,37.86557007,,
28391,37.86581802,,
28392,,35.88039398,33.46737671
28393,37.86624527,35.88059235,33.4674263
28395,37.86717606,35.88093567,33.46751404
28397,,35.88127136,33.46758652
28405,37.87065506,,
28407,,35.88279343,33.46788406
28413,37.87338257,,
28414,37.873806,,
28415,,35.88425064,33.46808243
28416,,35.88440323,33.46810913
28423,37.87667847,,
28424,37.87693024,,
28425,,35.88549042,33.4683876
28426,,35.88557053,33.46841049
28431,37.87903976,,
28432,37.8794136,,
28433,37.87977219,35.88615417,33.46852493
28434,,35.88624954,33.46854019
28435,,35.88669968,33.46855545
28438,37.88114548,,
28439,37.8813591,,
28440,37.88158798,35.88883209,33.46875381
28441,,35.88916397,33.46879196
28442,,35.88947678,33.46883011
28443,37.88219452,,
28444,37.88238144,,
28445,,35.89028549,33.46893311
28446,,35.89050674,33.46895981
28448,37.88310623,,
28450,37.88345718,35.89123154,33.46907806
28452,,35.89157104,33.46916199
28454,37.88432693,,
28456,37.88472366,35.89228439,33.46933746
28458,,35.89332962,33.46963501
28459,37.88544464,,
28461,,35.89470291,33.46998596
28463,37.88709259,,
28464,37.8874855,,
28465,,35.89605331,33.4714241
28466,37.88842392,35.89632416,33.47180557
28468,,35.89679718,33.47249603
28469,37.88976288,,
28470,37.8901329,,
28471,37.89051437,35.89735794,33.47333145
28472,37.89094162,35.89752579,33.47358322
28473,,35.89767838,33.47380829
28474,,35.8978157,33.47402954
28477,37.8927002,,
28479,37.89321518,35.89837646,33.47484589
28481,37.89366531,35.89853287,33.47513199
28482,37.89390564,,
28483,,35.89865875,33.47544861
28484,37.89434052,35.89871979,33.47559738
28486,,35.89883041,33.47584915
28490,37.89536285,,
28491,37.89549255,,
28492,37.89561462,35.89912033,33.4764595
28493,37.89574432,35.89916611,33.47654343
28494,,35.89921188,33.47661591
28495,,35.89928818,33.47673035
28497,37.89652634,,
28499,,35.89953995,33.47708893
28503,37.89829636,,
28505,,35.90010452,33.47767639
28506,37.89913177,,
28508,37.8996048,35.9004097,33.47793579
28509,37.89981461,,
28510,37.90000916,35.90058136,33.47805405
28511,37.90020752,35.90065002,33.47811508
28512,,35.90071106,33.47818375
28513,37.90061951,35.90077209,33.47844696
28514,37.90094376,,
28515,,35.90088654,33.47889709
28516,,35.90093994,33.47909164
28518,37.90229034,,
28520,37.90301132,35.90113449,33.47974777
28522,,35.90122604,33.48010635
28527,37.90684891,,
28529,,35.90181732,33.48151398
28531,37.90891647,,
28532,37.90942001,,
28533,,35.90211487,33.48213196
28534,,35.9021759,33.4822731
28538,37.9117012,,
28540,37.91234207,35.90274811,33.48304367
28542,,35.90384293,33.483284
28543,37.91338348,,
28545,37.91413116,35.90647888,33.48366165
28547,,35.90821838,33.48396683
28550,37.91553116,,
28552,37.91615677,35.91129684,33.48448944
28554,,35.91222,33.48467636
28556,37.91791534,,
28557,37.91839981,,
28558,,35.91385651,33.4850502
28559,,35.91422272,33.48514557
28561,37.92121506,,
28562,37.92192459,,
28563,,35.91550827,33.48561096
28564,,35.91576767,33.48573303
28571,37.92663574,,
28572,37.92705154,,
28573,,35.91730499,33.4865036
28574,37.92781067,35.91742325,33.4871788
28576,,35.91762924,33.48832703
28577,37.92883301,,
28578,37.92922974,,
28579,,35.91788483,33.48965073
28580,,35.91795731,33.49000549
28583,37.93099213,,
28584,37.93133926,,
28585,,35.91828918,33.49133301
28586,,35.91834259,33.49153137
28590,37.93326569,,
28592,,35.91900635,33.49287033
28594,37.93456268,,
28596,37.93544769,35.92020416,33.49465942
28598,,35.92077637,33.49535751
28602,37.93747711,,
28603,37.93774796,,
28604,37.93800735,35.92224503,33.49721527
28605,37.9383049,35.92246246,33.49755478
28606,37.93858337,35.92265701,33.49787521
28607,,35.92283249,33.49816132
28608,37.93917847,35.92307663,33.4984169
28609,37.93956375,,
28610,,35.92350006,33.49884796
28611,,35.92368698,33.49903107
28615,37.94503021,,
28617,,35.92507172,33.49983978
28618,37.94813919,,
28619,37.94900894,,
28620,37.94982147,35.92602158,33.5001297
28621,,35.92634201,33.50021362
28622,,35.926651,33.5002861
28623,37.95193863,,
28624,37.95254898,,
28625,,35.92766953,33.50046921
28626,37.95370483,35.92800522,33.5005188
28627,37.954216,,
28628,,35.92857361,33.50061417
28629,,35.92881393,33.50127411
28630,37.95550919,,
28631,37.95588684,,
28632,,35.92939377,33.50289917
28633,37.95653915,35.92955399,33.50333786
28635,37.95710373,35.92983627,33.50409698
28637,,35.93008041,33.50472641
28639,37.95840836,,
28640,37.95870972,,
28641,,35.93048096,33.50566101
28642,37.95922852,35.93056107,33.5058403
28644,,35.93070602,33.50616837
28646,37.96002579,,
28648,37.96038437,35.93121719,33.50667953
28649,37.96058655,,
28650,37.96077347,35.93158722,33.50688553
28651,,35.93175125,33.50697708
28652,,35.93190002,33.50705338
28654,37.96143341,,
28656,,35.93289948,33.50730896
28664,37.96283722,,
28665,37.96298218,,
28666,,35.93613815,33.5076828
28667,,35.93637466,33.5077095
28670,37.96414185,,
28672,,35.93785095,33.50786209
28674,37.96515656,,
28675,37.96538544,,
28676,,35.9387207,33.50813675
28677,,35.93889999,33.5082283
28679,37.96618271,,
28681,37.96662521,35.94016647,33.50856781
28683,37.96704102,35.94086838,33.50869751
28684,37.96723557,,
28685,,35.9414444,33.50881577
28686,,35.94169617,33.50889969
28689,37.96807098,,
28691,37.96847153,35.94309998,33.5145607
28693,37.96922302,35.94384384,33.51659393
28695,37.96997452,35.94446945,33.51827621
28697,37.97061157,35.94504166,33.51976013
28699,37.97119141,35.94553757,33.52103424
28701,,35.94596863,33.52207947
28703,37.97213745,,
28704,37.97236633,,
28705,,35.94665146,33.52246475
28706,,35.94714355,33.52256012
28709,37.97381973,,
28710,37.97409058,,
28711,37.97434998,35.95124817,33.52303696
28712,,35.9519577,33.52313614
28713,,35.9526329,33.52322769
28715,37.97565079,,
28717,,35.95481873,33.52350616
28728,37.97932434,,
28730,,35.95951462,33.52410889
28735,37.98041534,,
28736,37.98064423,,
28737,37.98087692,35.96128464,33.52449417
28738,,35.96153259,33.52455139
28739,,35.96175766,33.5246048
28741,37.98171234,,
28742,37.98190308,,
28743,37.98209763,35.96255112,33.52480316
28744,,35.96273422,33.52486038
28745,,35.96290207,33.52529907
28750,37.98730469,,
28752,37.98846817,35.96377945,33.52751541
28753,37.98897552,,
28754,37.98944092,35.96395111,33.5279808
28755,,35.96403885,33.52818298
28756,37.99027634,35.96412277,33.52836609
28758,,35.96429443,33.52867508
28763,37.99251175,,
28765,37.99298477,35.96475601,33.52952576
28766,37.99319839,,
28767,37.99339294,35.96486664,33.52968979
28768,37.99357224,35.96495056,33.52975082
28769,,35.96504211,33.52980423
28770,,35.96513367,33.52985382
28773,37.99433136,,
28775,,35.9660759,33.53004456
28776,37.9946785,,
28777,37.99477768,,
28778,,35.96704865,33.53011322
28779,,35.96731186,33.53013229
28782,37.9956665,,
28784,37.99607468,35.96831512,33.53020096
28786,,35.96875,33.53022766
28792,37.99938965,,
28793,37.99978638,,
28794,,35.97212219,33.5303421
28795,38.0004921,35.97277832,33.53035736
28796,38.0008049,,
28797,,35.97390747,33.53039169
28798,,35.97439575,33.53045273
28799,38.00157928,,
28801,38.0020256,35.97580719,33.53059769
28803,38.00387955,35.97659683,33.53089523
28805,,35.97755432,33.53133774
28813,38.01409149,,
28815,,35.9817276,33.53282928
28816,38.01588058,,
28818,,35.98260117,33.53316498
28821,38.01796341,,
28823,,35.98365784,33.5337677
28825,38.01902771,,
28826,38.01928711,,
28827,,35.98426437,33.53409576
28828,,35.98439789,33.53415298
28829,38.01995468,,
28830,38.02022934,,
28831,,35.9847374,33.53470993
28832,38.02072906,35.98482513,33.53492355
28834,,35.98498535,33.53528595
28837,38.0221138,,
28839,38.02265549,35.98532486,33.535923
28841,,35.98542023,33.53608322
28843,38.02420807,,
28844,38.02466583,,
28845,,35.985569,33.53633881
28846,,35.9855957,33.53639221
28848,38.02613449,,
28850,,35.98582077,33.53658295
28851,38.02708817,,
28852,38.02745056,,
28853,38.02778244,35.98601913,33.53669739
28854,,35.98624039,33.53673172
28855,,35.98643875,33.53676605
28856,38.02869797,,
28858,38.02923203,35.98714828,33.53718567
28859,38.02946472,,
28860,,35.98757935,33.53748322
28861,,35.98777008,33.53764725
28862,38.03027725,,
28864,,35.98826981,33.53816223
28866,38.03107452,,
28867,38.03130722,,
28868,,35.98875046,33.5387001
28869,38.03173447,35.98884964,33.53881454
28870,38.03194427,,
28871,,35.98903275,33.53900909
28872,,35.989254,33.53909683
28873,38.03249359,,
28875,,35.98981857,33.53951263
28879,38.03367233,,
28881,38.03409195,35.9907074,33.54062653
28883,38.03446198,35.99132538,33.54087067
28885,,35.99208832,33.54106522
28886,38.03499222,,
28887,38.03514862,,
28888,38.03529739,35.99365616,33.5412941
28889,,35.99409866,33.5413475
28890,,35.99450302,33.54139709
28894,38.03613663,,
28896,38.03647232,36.0014534,33.54161835
28898,,36.00551224,33.54166412
28901,38.03824615,,
28902,38.03853607,,
28903,,36.01287842,33.54175186
28904,,36.01398087,33.54177094
28905,38.03957367,,
28906,38.04008102,,
28907,38.04056168,36.016716,33.54183197
28908,,36.01746368,33.54185486
28909,38.04139328,36.0181427,33.54187012
28911,,36.01932907,33.54190445
28912,38.04285431,,
28914,38.04374695,36.0208168,33.54193497
28916,38.04452133,36.02275848,33.54197311
28917,38.04486847,,
28918,38.04519272,36.02536392,33.54202271
28919,38.04549408,36.02647781,33.54204941
28920,,36.02748108,33.54207611
28921,38.04613113,36.02838516,33.542099
28923,38.04678345,36.02993774,33.54213333
28924,38.04711914,,
28925,,36.03126526,33.54217148
28926,,36.03183365,33.54219055
28927,38.0480423,,
28929,,36.03324509,33.5426178
28932,38.04976654,,
28933,38.05012131,,
28934,,36.03488922,33.54309082
28935,,36.03513718,33.54316711
28936,38.05130768,,
28938,,36.03576279,33.54335022
28939,38.05273438,,
28940,38.05325317,,
28941,,36.03623199,33.54349899
28942,38.05422211,36.03635788,33.54353714
28943,38.05467606,,
28944,,36.03657913,33.54412079
28945,38.05550003,36.03672409,33.54436874
28946,38.05605698,,
28947,,36.03697586,33.54479218
28948,38.05702972,36.03707886,33.54496765
28950,38.05785751,36.03725815,33.54526901
28951,38.05822754,,
28952,,36.03741074,33.54557419
28953,,36.03747559,33.54580307
28954,38.05947495,,
28955,38.05984879,,
28956,,36.03766251,33.54638672
28957,,36.03771973,33.54654694
28965,38.06282043,,
28967,,36.03858185,33.54750824
28971,38.06412888,,
28972,38.0643158,,
28973,,36.03900909,33.54784393
28974,38.06467819,36.03906631,33.54789352
28975,38.06486893,,
28976,,36.0391655,33.54797745
28977,38.0652504,36.03920746,33.54801178
28978,38.06543732,,
28979,38.06560898,36.03963089,33.5480957
28980,,36.03997803,33.54813004
28981,38.06591415,36.04029465,33.54816055
28982,38.06607056,,
28983,38.06621552,36.04084015,33.54821014
28984,,36.04108429,33.54822922
28985,38.06664658,36.04133606,33.54824066
28987,,36.04177475,33.54827881
28990,38.06752777,,
28991,38.06766891,,
28992,38.06782913,36.04257584,33.54837418
28993,,36.04303741,33.54839325
28994,,36.04345322,33.54841614
28998,38.06922913,,
28999,38.06949615,,
29000,,36.04526901,33.5485878
29001,,36.04548264,33.54862213
29002,38.07027435,,
29003,38.07053757,,
29004,,36.04600143,33.54871368
29005,,36.04614639,33.54874039
29006,38.07124329,,
29008,,36.04653549,33.54880905
29014,38.07318497,,
29015,38.07344818,,
29016,38.07368851,36.04724503,33.54911423
29017,38.07392883,36.0473175,33.54916
29018,38.0741539,36.04738235,33.54920578
29019,,36.04743958,33.54924393
29020,,36.04749298,33.54928207
29022,38.07494354,,
29024,,36.04772186,33.54946136
29025,38.07556152,,
29026,38.075737,,
29027,,36.0479393,33.54959488
29028,,36.04800797,33.54964066
29029,38.07659531,,
29031,,36.04818726,33.5497551
29033,38.07794952,,
29035,,36.04833603,33.54983521
29040,38.08088684,,
29042,,36.04947281,33.55003357
29045,38.08282471,,
29047,,36.05010986,33.55017853
29048,38.08441162,,
29050,38.08538055,36.05037308,33.55025864
29052,,36.05054092,33.55031204
29055,38.08720398,,
29057,,36.05089569,33.55041122
29061,38.0904808,,
29062,38.09110641,,
29063,38.09167862,36.05126953,33.55062866
29064,,36.05133438,33.55066299
29065,,36.05142212,33.55070877
29066,38.09313202,,
29067,38.09354401,,
29068,,36.05163956,33.55082321
29069,,36.05170059,33.55085373
29071,38.09508514,,
29072,38.09549332,,
29073,,36.05192947,33.55093765
29074,,36.05198669,33.55095673
29075,38.09658051,,
29077,38.09725571,36.0521965,33.55165482
29079,,36.05230713,33.55282974
29080,38.10130692,,
29082,,36.05243301,33.55425262
29085,38.10746384,,
29086,38.1085434,,
29087,,36.05286026,33.55682373
29088,,36.05294418,33.55746841
29089,38.11122894,,
29091,38.11268997,36.05321884,33.55905151
29093,,36.05347443,33.55986786
29094,38.11456299,,
29096,38.11560822,36.0537796,33.56080627
29098,,36.05408859,33.56128693
29099,38.11686707,,
29100,38.11722183,,
29101,,36.05465317,33.56184769
29102,,36.0548172,33.56200027
29103,38.1181221,,
29105,,36.0553627,33.56237793
29107,38.11913681,,
29108,38.11933136,,
29109,38.11952209,36.05598831,33.56272507
29110,,36.05611038,33.56279373
29111,,36.05635071,33.56285858
29112,38.12004471,,
29114,,36.05699921,33.56303024
29117,38.12074661,,
29119,,36.05778122,33.56328583
29120,38.1212616,,
29122,38.12159348,36.05817032,33.56364822
29124,,36.05837631,33.5641098
29126,38.1223793,,
29128,,36.05870438,33.56839752
29130,38.12306595,,
29131,38.12330246,,
29132,38.12351608,36.05891418,33.57136154
29133,38.12371063,36.05895615,33.57195282
29134,,36.05899811,33.57248688
29135,38.12404633,36.05903625,33.57297134
29137,,36.05910492,33.57380676
29147,38.12605286,,
29149,38.12635803,36.05949402,33.5765419
29150,38.12650299,,
29151,38.12664795,36.05956268,33.57678604
29152,38.12678146,36.05959702,33.57688904
29153,,36.05962753,33.57701111
29154,38.12701797,36.05965805,33.57718658
29155,38.1272316,,
29156,,36.06000519,33.57749176
29157,,36.06023788,33.57762527
29158,38.12782288,,
29159,38.12802887,,
29160,38.12822342,36.06083679,33.578022
29161,,36.06100845,33.57813644
29162,38.12857056,36.06116486,33.57823563
29163,38.12872696,,
29164,,36.06143188,33.57841873
29165,,36.06154633,33.57850647
29169,38.12975311,,
29170,38.12990189,,
29171,,36.06208038,33.57891464
29172,,36.06216049,33.57896805
29176,38.13066101,,
29177,38.13077927,,
29178,38.13089371,36.06255341,33.57917404
29179,,36.06260681,33.57919693
29180,,36.06266022,33.57921982
29181,38.13127136,,
29183,,36.06280136,33.57929993
29186,38.13312149,,
29188,38.1338768,36.06360245,33.57943726
29190,38.13454056,36.06395721,33.57948303
29192,,36.06425476,33.57950211
29195,38.13642502,,
29196,38.13679886,,
29197,38.13714218,36.06482697,33.57954407
29198,,36.06492615,33.57955933
29199,38.13773727,36.0650177,33.57957458
29200,38.13800049,,
29201,38.13834,36.06517792,33.57959747
29202,,36.06525421,33.57960892
29203,,36.06534576,33.57962036
29204,38.13948822,,
29206,,36.06557846,33.57966614
29210,38.1411972,,
29211,38.14142609,,
29212,38.1418457,36.06597519,33.57974625
29213,,36.06604385,33.57975769
29214,,36.0661087,33.57976532
29220,38.14447784,,
29221,38.14473343,,
29222,,36.06650162,33.58011246
29223,,36.06653976,33.58014297
29224,38.14681244,,
29225,38.14763641,,
29226,,36.06666946,33.58023834
29227,38.14945984,36.06671906,33.58026886
29229,38.15095901,36.06689072,33.58032608
29230,38.15161896,,
29231,,36.0670929,33.58036804
29232,38.15276337,36.06718445,33.58038712
29233,38.15330887,,
29234,38.15380478,36.06734848,33.58043289
29235,,36.06742096,33.58045578
29236,38.15478897,36.06748581,33.58047485
29237,38.15520859,,
29238,,36.06760406,33.58052444
29239,38.15608215,36.06765747,33.58054733
29241,,36.06781387,33.58057785
29246,38.15870667,,
29247,38.15900803,,
29248,38.15928268,36.06833267,33.58069611
29249,,36.06839371,33.58071518
29250,38.15982819,36.06845093,33.58073807
29252,,36.06859207,33.58077621
29253,38.16062546,,
29254,38.16090393,,
29255,,36.06878662,33.58082581
29256,,36.06884003,33.58100891
29261,38.16259766,,
29263,38.1630249,36.06914139,33.58179855
29265,,36.06919861,33.58194351
29267,38.1644249,,
29268,38.16482925,,
29269,,36.0693512,33.58216095
29270,38.16559601,36.0694046,33.58221054
29271,38.16593552,,
29272,38.16624451,36.06951523,33.58229446
29273,,36.06956482,33.58233643
29274,,36.0696106,33.58237457
29276,38.16723633,,
29278,,36.06974792,33.58249664
29279,38.16780853,,
29281,38.16815948,36.06981659,33.58256531
29282,38.16833115,,
29283,,36.06987,33.58260345
29284,,36.0698967,33.58262253
29285,38.16887665,,
29287,38.16927719,36.06999588,33.58268356
29289,,36.0700798,33.58272171
29297,38.17162704,,
29298,38.17186356,,
29299,,36.07042694,33.58321762
29300,38.17264175,36.07047272,33.58327103
29302,,36.07099915,33.58337021
29305,38.17473602,,
29307,38.17533112,36.07195663,33.58375549
29309,,36.07239914,33.58417511
29314,38.17950058,,
29316,,36.07359314,33.58517075
29318,38.18162918,,
29320,38.18242264,36.07420349,33.58549118
29321,38.18276596,,
29322,,36.07473755,33.58562469
29323,,36.07496643,33.58569717
29324,38.18378448,,
29325,38.18408966,,
29326,,36.0756073,33.58588028
29327,38.18463135,36.07579803,33.58593369
29328,38.18494797,,
29329,38.18522644,36.07612228,33.58618927
29330,,36.07629013,33.58629608
29331,,36.07644653,33.58639145
29334,38.18751907,,
29336,,36.07704926,33.58676529
29341,38.19007111,,
29342,38.19039536,,
29343,,36.07750702,33.58705521
29344,,36.0775795,33.58707809
29345,38.19145584,,
29347,,36.07832718,33.5871315
29351,38.19360733,,
29353,38.19432068,36.07948685,33.58726501
29355,,36.08036804,33.58730698
29356,38.19558716,,
29357,38.19605637,,
29358,38.19649124,36.08242416,33.5873642
29359,38.19688797,36.08312225,33.58738327
29360,38.19731903,36.08376312,33.58739471
29361,38.19775391,36.08434296,33.58740616
29362,,36.08486176,33.5874176
29363,,36.08534241,33.58742523
29364,38.19886017,,
29366,,36.08659744,33.58746719
29373,38.20170975,,
29374,38.2020874,,
29375,38.20242691,36.08909988,33.58759308
29376,,36.08927155,33.58760452
29377,,36.08943176,33.58761597
29378,38.20327759,,
29379,38.20352554,,
29380,38.20375824,36.08985138,33.58789063
29381,,36.09002686,33.58796692
29382,,36.09029388,33.58804321
29383,38.20440674,,
29384,38.20462418,,
29385,,36.09099197,33.58822632
29386,,36.09118271,33.58828354
29387,38.20527267,,
29389,38.205616,36.09165955,33.58842087
29391,,36.09191513,33.58846664
29396,38.20666885,,
29397,38.20680237,,
29398,38.20693588,36.09261703,33.58860016
29399,38.20710373,36.09269714,33.5886116
29400,,36.09276962,33.58861923
29401,,36.09283829,33.58863068
29402,38.20780563,,
29403,38.2081871,,
29404,,36.09305191,33.58867645
29405,38.20903015,36.09311295,33.58885193
29407,,36.09322357,33.58914948
29409,38.21104431,,
29410,38.21146011,,
29411,,36.09339523,33.58955383
29412,38.21230316,36.09346008,33.58963013
29414,38.21312714,36.09367752,33.58977127
29416,,36.09388733,33.58989334
29417,38.21433258,,
29418,38.21468735,,
29419,38.21502686,36.09415436,33.59010696
29420,,36.09444427,33.59018326
29421,38.21563721,36.09470749,33.59025192
29422,38.21593857,,
29423,,36.09522247,33.59038544
29424,,36.09547424,33.59044266
29425,38.21700668,,
29426,38.21728897,,
29427,38.21755981,36.09609985,33.59060669
29428,38.21780396,36.09627151,33.5906601
29429,,36.0964241,33.59071732
29430,38.21826553,36.09656525,33.59076691
29432,38.21866989,36.09680557,33.59085464
29433,38.21886063,,
29434,38.21903229,36.09700394,33.59093475
29435,,36.09709167,33.59098434
29436,,36.0971756,33.59103394
29438,38.21972656,,
29440,,36.09745026,33.59119797
29441,38.22029114,,
29443,,36.09761047,33.59130096
29444,38.22092056,,
29446,38.22137833,36.09773636,33.59139252
29447,38.22160721,,
29448,,36.09780884,33.59147263
29449,,36.09784317,33.59149933
29452,38.22288513,,
29453,38.22313309,,
29454,,36.09803009,33.59160233
29455,38.2240448,36.09806824,33.59187317
29457,,36.09814453,33.59234238
29458,38.22592163,,
29459,38.22660065,,
29460,38.22720718,36.09827042,33.59291458
29461,38.22775269,36.09830856,33.5930748
29462,38.22826004,36.0983429,33.59322357
29463,,36.09837341,33.5933609
29464,38.22944641,36.09840393,33.59348679
29465,38.23000717,,
29466,,36.09846878,33.59371567
29467,,36.09850311,33.59381866
29469,38.23272324,,
29471,,36.09864044,33.59416962
29473,38.23534393,,
29474,38.23601913,,
29475,38.2366333,36.09879684,33.59442902
29476,,36.09883499,33.59447861
29477,,36.09886932,33.59457779
29478,38.23839188,,
29480,38.23941422,36.09901047,33.59482956
29481,38.24021149,,
29482,38.24094009,36.09912872,33.59499359
29483,,36.09927368,33.59508896
29484,38.24228668,36.09941101,33.59516907
29486,38.24345398,36.09965515,33.59531403
29488,,36.0998764,33.59542847
29489,38.2451973,,
29491,38.2462616,36.10046768,33.59558105
29493,38.24722672,36.10089874,33.59581375
29494,38.24768448,,
29495,38.24813843,36.10129166,33.59604645
29496,,36.10147476,33.59617233
29497,,36.10163879,33.59628677
29499,38.2497139,,
29501,38.2504158,36.10229874,33.59740829
29502,38.25072479,,
29503,38.25101852,36.1026535,33.59782028
29504,,36.10282516,33.59799957
29505,,36.10298157,33.59817123
29506,38.25193024,,
29508,,36.10346985,33.59858704
29510,38.25306702,,
29511,38.25334549,,
29512,38.25383377,36.10412216,33.59899521
29513,38.25428009,36.10429382,33.5990715
29514,38.25468826,36.10445404,33.59915161
29515,,36.104599,33.59922791
29516,38.25539398,36.10473251,33.59931946
29517,38.25570679,,
29518,38.25598907,36.10498428,33.59947586
29519,,36.10524368,33.59954453
29520,,36.10547638,33.59960556
29529,38.25928116,,
29530,38.25956345,,
29531,38.25986099,36.10883331,33.60028458
29532,,36.10913467,33.60032654
29533,38.26042557,36.11047363,33.60038376
29534,38.26077652,,
29535,,36.11284637,33.60048676
29536,38.26144791,36.11386871,33.60053253
29538,,36.11563492,33.60062027
29539,38.26227951,,
29541,,36.11771393,33.6007576
29542,38.26314163,,
29543,38.26366043,,
29544,38.26422501,36.11933899,33.6009903
29545,38.26476669,36.11980057,33.60116959
29546,,36.12021637,33.60133743
29547,38.265728,36.12061691,33.60149002
29548,38.26625443,,
29549,38.26673508,36.121315,33.60174179
29550,38.26741791,36.12161255,33.60185623
29551,,36.12188339,33.60195923
29552,38.26863861,36.12213135,33.6020546
29553,38.26918793,,
29554,38.26968384,36.12256622,33.60221863
29555,,36.12274933,33.60229111
29556,38.2705574,36.12298203,33.60235596
29558,,36.12342834,33.60248184
29559,38.27169037,,
29561,,36.12417603,33.60697174
29562,38.27256012,,
29563,38.27280807,,
29564,38.27305222,36.12479019,33.61200333
29565,,36.12495804,33.61337662
29566,,36.12511444,33.61461639
29568,38.27397156,,
29569,38.27416992,,
29570,38.27434921,36.12561417,33.61848831
29571,,36.12570953,33.61923599
29572,,36.12579346,33.61990738
29574,38.275177,,
29576,,36.126091,33.62203217
29577,38.27579498,,
29578,38.2759819,,
29579,,36.12625885,33.62327576
29580,38.27658463,36.12630844,33.62361526
29582,38.27709198,36.12643051,33.62420654
29584,38.27753067,36.12657928,33.62468719
29585,38.27772141,,
29586,38.27789688,36.1267395,33.62509918
29587,,36.12681198,33.62528229
29588,38.27829742,36.12688446,33.62545395
29590,38.27866364,36.12704086,33.62573624
29591,38.27882004,,
29592,,36.12717056,33.6259613
29593,,36.1272316,33.62605667
29596,38.27954102,,
29597,38.27973938,,
29598,,36.12752151,33.6264267
29599,,36.12757111,33.62649536
29603,38.2814827,,
29605,38.28207779,36.12791061,33.62683487
29607,38.28347778,36.12803268,33.62691879
29609,,36.12815094,33.62698364
29613,38.2869339,,
29614,38.28742599,,
29615,38.2878952,36.12861252,33.62720108
29616,,36.12866974,33.62726974
29617,,36.1287384,33.62733078
29619,38.28947449,,
29620,38.28978729,,
29621,,36.1289978,33.62752151
29622,38.29034805,36.12905502,33.62756729
29624,,36.12915802,33.62765503
29625,38.29108047,,
29627,,36.12931061,33.62867355
29628,38.29214096,,
29629,38.29245377,,
29630,38.29276276,36.12945557,33.62947845
29631,38.29317474,36.12949753,33.62969208
29632,,36.1295433,33.62988663
29633,,36.12958145,33.6300621
29637,38.29568481,,
29638,38.29619217,,
29639,,36.13014221,33.63087463
29640,38.29717255,36.1302681,33.63098526
29642,,36.13051987,33.63118362
29644,38.29904175,,
29645,38.29951859,,
29646,,36.13102722,33.63145447
29647,,36.13118744,33.63150787
29651,38.30165482,,
29653,38.30244827,36.13390732,33.63284683
29655,,36.13512421,33.6334877
29658,38.3039093,,
29659,38.30413437,,
29660,,36.13739014,33.63472366
29661,38.30464172,36.13773727,33.63491058
29663,,36.13832855,33.63539124
29665,38.30575562,,
29667,,36.13929367,33.63609695
29669,38.30673218,,
29670,38.30694199,,
29671,38.30717468,36.13997269,33.63658142
29672,,36.14011002,33.6366806
29673,,36.14023972,33.63677216
29674,38.31004715,,
29675,38.31084824,,
29676,,36.14056778,33.63699341
29677,,36.14073944,33.63705826
29680,38.31396103,,
29682,,36.14142609,33.63728714
29683,38.3153038,,
29684,38.31574249,,
29685,,36.14176941,33.63739395
29686,,36.14188385,33.6374321
29689,38.31768036,,
29690,38.31802368,,
29691,,36.14253998,33.63755798
29692,38.31873703,36.14266968,33.63758087
29694,,36.14313126,33.63761902
29703,38.32414627,,
29704,38.32448196,,
29705,,36.1453743,33.63812256
29706,,36.14554596,33.63816071
29708,38.32601166,,
29709,38.32647324,,
29710,,36.14611435,33.63830566
29711,38.32726288,36.1462326,33.63833237
29712,38.32760239,,
29713,38.32791519,36.14667892,33.63838196
29714,,36.1468811,33.63840485
29715,38.32852173,36.14706802,33.63842392
29716,38.32881927,,
29717,,36.14738464,33.63845825
29718,,36.14751816,33.63847733
29720,38.33016968,,
29722,,36.14801407,33.63856125
29723,38.33140564,,
29725,38.3320694,36.1482811,33.63861847
29726,38.33238602,,
29727,38.33267975,36.14842606,33.63864899
29728,,36.14848709,33.63867188
29729,,36.14854431,33.63869476
29731,38.33383179,,
29733,,36.14875031,33.63877869
29739,38.3355751,,
29740,38.33580399,,
29741,,36.1491127,33.63900375
29742,38.33674622,36.14920044,33.63903427
29743,38.33723068,,
29744,,36.14937973,33.63909912
29745,38.33833313,36.14946747,33.63913727
29746,38.33884048,,
29747,,36.14963913,33.63920975
29748,,36.14971924,33.63924026
29749,38.34017563,,
29750,38.34063339,,
29751,,36.14995193,33.64170837
29752,,36.15003967,33.64274979
29753,38.34181213,,
29754,38.34214401,,
29755,,36.15028381,33.64564896
29756,,36.15034866,33.64643478
29759,38.34341812,,
29761,38.34381104,36.15060425,33.6493454
29763,,36.15071106,33.65022278
29765,38.34482193,,
29766,38.34543991,,
29767,38.3460083,36.15089035,33.65180206
29768,38.3465538,36.1509285,33.65211487
29769,,36.15095901,33.65240097
29770,38.3475647,36.15099716,33.65265274
29771,38.34801102,,
29772,,36.15109634,33.6530838
29773,,36.15114594,33.65326691
29776,38.34999847,,
29777,38.35055542,,
29778,,36.15146637,33.65397644
29779,,36.15151978,33.65407944
29786,38.35485077,,
29788,,36.15241241,33.65467453
29789,38.35602188,,
29790,38.3564415,,
29791,,36.15262985,33.65481949
29792,38.35723114,36.15273285,33.65486145
29793,38.35758591,,
29794,38.3579216,36.15294266,33.65493774
29795,,36.15304947,33.65496826
29796,,36.15316772,33.65499878
29798,38.35903168,,
29800,,36.15353775,33.65509796
29803,38.3602562,,
29805,38.36069107,36.1558876,33.65517426
29806,38.36090088,,
29807,38.36109543,36.15684509,33.65520096
29808,,36.15894318,33.6552124
29809,38.36153412,36.16083145,33.65522003
29811,38.3619957,36.16405869,33.65523529
29812,38.36220169,,
29813,,36.16693878,33.65527344
29814,38.36258316,36.16816711,33.65530014
29816,,36.17029953,33.6553421
29825,38.36700439,,
29826,38.3680191,,
29827,,36.17770004,33.65618896
29828,,36.17809677,33.65632248
29830,38.37164307,,
29832,38.37315369,36.17934418,33.65673065
29833,38.37379456,,
29834,38.37439346,36.17980576,33.65691376
29835,,36.18000793,33.65699005
29836,,36.18019104,33.65706635
29838,38.37633133,,
29840,38.37714767,36.18078995,33.6573143
29841,38.37751389,,
29842,38.37784576,36.18102264,33.65739822
29843,,36.1811409,33.65744019
29844,,36.18124771,33.65748215
29845,38.37876129,,
29846,38.37901688,,
29847,38.37926483,36.18152237,33.65759659
29848,,36.18159866,33.65763092
29849,38.37971497,36.18166733,33.65766144
29850,38.37998962,,
29851,,36.18180084,33.65770721
29852,,36.18185806,33.65772247
29854,38.3809166,,
29856,38.38130188,36.18206406,33.65774155
29858,,36.18214417,33.65776062
29859,38.38187408,,
29861,38.38222885,36.18228912,33.65779877
29863,,36.18237686,33.65781784
29864,38.3828392,,
29866,38.38352966,36.18270874,33.65787125
29868,,36.18288803,33.65811157
29869,38.38446045,,
29871,,36.18310547,33.65840149
29872,38.38546753,,
29873,38.38586044,,
29874,38.3862114,36.18331909,33.65860367
29875,,36.18338776,33.6586647
29876,38.38685608,36.18345261,33.65872955
29877,38.38722229,,
29878,,36.18356705,33.65884399
29879,38.38788986,36.18362045,33.65889359
29880,38.38820267,,
29881,38.38848877,36.18372345,33.65958023
29882,38.38876724,36.18376923,33.65987778
29883,,36.18381119,33.66014862
29884,38.38924408,36.18384552,33.66039658
29885,38.38947296,,
29886,38.38969421,36.18398666,33.66085815
29887,38.38994598,36.18405914,33.66107941
29888,38.39017868,36.18412399,33.66128159
29889,38.39040375,36.18418121,33.66151428
29890,,36.1842308,33.66173553
29891,38.39081192,36.18427658,33.66193771
29893,,36.18437195,33.66230774
29894,38.39151001,,
29896,,36.18450546,33.66279984
29898,38.39241028,,
29899,38.39299011,,
29900,,36.18462372,33.66326523
29901,38.39402008,36.18465042,33.66335297
29903,,36.18471146,33.66349411
29905,38.39569473,,
29906,38.39606857,,
29907,,36.18481827,33.66368103
29908,38.39689255,36.18487549,33.66372299
29910,38.39773178,36.18497849,33.6638298
29911,38.39812469,,
29912,38.39847565,36.18512344,33.66395569
29913,,36.18519211,33.66400528
29914,,36.18525314,33.66405106
29916,38.39992905,,
29917,38.40031052,,
29918,38.40071487,36.18561172,33.6641922
29919,,36.18571091,33.6642189
29920,38.40148926,36.18580627,33.66423798
29922,,36.18596268,33.66501617
29924,38.40347672,,
29926,38.4044075,36.18621445,33.66617203
29927,38.4048233,,
29928,38.40519714,36.18631363,33.66661835
29929,38.40554047,36.18635941,33.66680908
29930,,36.18640137,33.66697693
29931,38.40633774,36.1864357,33.66712952
29933,,36.18650055,33.6674118
29934,38.40805435,,
29936,,36.18665314,33.66776276
29937,38.40983582,,
29939,38.41106415,36.18680191,33.66802216
29940,38.4116745,,
29941,,36.18688583,33.66815567
29942,,36.18692398,33.66820908
29943,38.41340256,,
29944,38.4139595,,
29945,,36.18701553,33.66835022
29946,38.41503906,36.18704224,33.66839981
29947,38.41553497,,
29948,38.41599655,36.18709946,33.66849518
29949,,36.18712997,33.66854095
29950,38.41709518,36.18715668,33.66858673
29952,,36.1872139,33.66866684
29954,38.41892242,,
29956,38.41962814,36.18779755,33.66881943
29957,38.41993332,,
29958,38.42021179,36.18827438,33.66888428
29959,,36.18848038,33.66891861
29960,,36.18866348,33.66894913
29962,38.4213829,,
29964,38.42206192,36.18924713,33.66908264
29965,38.42235184,,
29966,,36.18950272,33.66917038
29967,,36.1896286,33.66921234
29972,38.42476654,,
29973,38.42521667,,
29974,38.42563248,36.19042587,33.66970825
29975,,36.19050598,33.66978836
29976,38.42634583,36.19073486,33.66986465
29978,,36.19114685,33.66999435
29986,38.42951965,,
29988,,36.19302368,33.67076874
29990,38.43148804,,
29991,38.43194962,,
29992,,36.19369888,33.67098236
29993,,36.1938324,33.67102432
29994,38.43692017,,
29996,,36.19417953,33.67112732
29997,38.44158554,,
29999,,36.19445419,33.67120743
30000,38.44544983,,
30002,,36.19475555,33.67126846
30005,38.45024109,,
30007,38.45161819,36.19513321,33.67136383
30009,,36.19526291,33.67140961
30010,38.45359802,,
30012,,36.19545746,33.67144775
30014,38.45634079,,
30016,,36.19565964,33.67149353
30017,38.45789719,,
30018,38.45835114,,
30019,,36.19577408,33.67149734
30020,,36.19580841,33.67149734
30022,38.45987701,,
30024,,36.19597244,33.67182159
30025,38.46078873,,
30027,,36.19608307,33.6722374
30029,38.46172333,,
30031,,36.19628906,33.67266083
