Step,lambdaomega2d_mlp_c6_na - gate/cutoff,lambdaomega2d_mlp_b1_na - gate/cutoff,lambdaomega2d_mlp_a4_na - gate/cutoff
5006,1.998999953,1.998999953,2.000999928
5012,1.994560242,1.994276047,1.99737823
5016,1.991092563,1.990447879,1.994155645
5018,1.989171028,1.988598347,1.992474914
5021,1.986124992,1.985673666,1.990012169
5023,1.984028816,1.983679771,1.988384128
5024,1.982954383,1.982660651,1.987644911
5025,1.981858373,1.981619239,1.986952782
5026,1.980742693,1.980546236,1.986298919
5028,1.978486538,1.978369474,1.985002279
5032,1.974135637,1.974550843,1.982787848
5033,1.973129272,1.973798275,1.982326269
5040,1.966362715,1.970110655,1.979981303
5041,1.965415955,1.969754577,1.979750991
5042,1.964446306,1.969430327,1.979540825
5043,1.963474512,1.969135046,1.979349732
5046,1.960327029,1.968399644,1.978863239
5049,1.956923604,1.967844963,1.978506207
5051,1.95469749,1.967553973,1.978323698
5053,1.95238483,1.967314363,1.978177667
5055,1.950022697,1.967119455,1.978064299
5057,1.947779536,1.966961622,1.977983594
5058,1.946682215,1.966894031,1.977955222
5059,1.94562459,1.966833472,1.977931738
5063,1.94150424,1.966648102,1.977900982
5065,1.939438343,1.966585398,1.97791934
5066,1.938355684,1.966557264,1.977935791
5069,1.935102344,1.966492653,1.97799933
5070,1.934000015,1.966476083,1.978022695
5073,1.930461407,1.966440916,1.978095889
5075,1.928065181,1.966425657,1.978147268
5077,1.925751805,1.966415405,1.978199005
5078,1.924613595,1.966412067,1.978224277
5079,1.923484564,1.966410041,1.978249192
5080,1.922359467,1.966408968,1.978275657
5081,1.921264887,1.966408968,1.97830379
5083,1.919127584,1.96641016,1.978368521
5084,1.918090701,1.966409922,1.978405952
5086,1.916070223,1.966411471,1.978482127
5089,1.912977815,1.96641922,1.978613973
5090,1.911922812,1.966423273,1.978664637
5094,1.907452822,1.966445208,1.978863835
5095,1.906253099,1.966451168,1.978911281
5098,1.902675509,1.966469884,1.979054451
5100,1.900389552,1.96648407,1.979148984
5101,1.899218202,1.966491818,1.97919631
5103,1.896857858,1.966507435,1.979297996
5106,1.893260002,1.96652925,1.979456425
5109,1.889663815,1.966551542,1.979621053
5112,1.88607657,1.96657753,1.979801774
5114,1.883744121,1.966596246,1.979934454
5115,1.882621169,1.966605783,1.979997277
5124,1.87337327,1.966696024,1.980511665
5125,1.872419834,1.966706157,1.980578542
5128,1.869408369,1.966737628,1.980784178
5130,1.867282271,1.966758609,1.980915546
5132,1.865229487,1.966780782,1.981049895
5134,1.863146663,1.966802478,1.981192231
5142,1.854834437,1.966860056,1.981757045
5143,1.853720784,1.966867924,1.981831789
5145,1.85154593,1.966884017,1.981995463
5146,1.850504518,1.966893554,1.982078671
5149,1.847172499,1.96692276,1.9823246
5150,1.846029043,1.966930628,1.982406378
5152,1.843767881,1.966946483,1.982568026
5155,1.840364337,1.966974854,1.982809424
5156,1.839259744,1.966985106,1.982893109
5157,1.838184834,1.966979861,1.982978106
5159,1.835988283,1.966975808,1.983144999
5160,1.834883809,1.966958642,1.983221889
5161,1.833797097,1.966943979,1.983299851
5163,1.831526875,1.966920018,1.98345983
5164,1.830318213,1.96691215,1.983539462
5166,1.82776475,1.966901898,1.983695984
5169,1.823891401,1.966896415,1.983923078
5170,1.822602272,1.96687746,1.984002829
5173,1.818819046,1.966836333,1.984253287
5174,1.817525864,1.966824889,1.984341502
5177,1.813619733,1.966804147,1.984613299
5178,1.812255383,1.96680069,1.984701157
5179,1.810898423,1.966798663,1.984788775
5180,1.809526324,1.966797948,1.984879255
5181,1.808116317,1.966793537,1.98496747
5182,1.806749582,1.966789007,1.985054255
5184,1.80412209,1.966763735,1.985236168
5191,1.795406222,1.966697454,1.985877633
5192,1.794202328,1.966671467,1.985968828
5194,1.791832447,1.966628194,1.986148953
5196,1.789402246,1.966599107,1.986330986
5199,1.785580993,1.966574907,1.986602902
5201,1.783070683,1.966567278,1.986784339
5203,1.780463934,1.966563821,1.986978412
5204,1.779096246,1.966564655,1.987074018
5216,1.763302684,1.966588855,1.988154173
5218,1.760771871,1.966587424,1.988342881
5220,1.758185983,1.966590047,1.988538265
5228,1.746680617,1.966577172,1.989356637
5230,1.743812084,1.966582179,1.989578962
5231,1.74237597,1.966576338,1.989688039
5232,1.740905166,1.966568112,1.989803433
5233,1.739444375,1.966560721,1.989917517
5234,1.737974763,1.966549993,1.990024209
5236,1.7351017,1.966529489,1.990243554
5237,1.733661175,1.966519833,1.990355134
5240,1.729286313,1.96650207,1.990713239
5241,1.727792621,1.966498256,1.990829706
5242,1.726307631,1.966494441,1.990949869
5247,1.719227076,1.96644032,1.991557598
5250,1.71525681,1.966351509,1.99189949
5251,1.713928938,1.966329932,1.992004037
5253,1.71136868,1.966292739,1.992206216
5254,1.71011734,1.966277122,1.992308974
5256,1.707582951,1.966180205,1.992532492
5260,1.702420712,1.965958834,1.99299252
5261,1.701072693,1.965888739,1.993113041
5265,1.69565165,1.965489984,1.993574619
5272,1.687042952,1.964603424,1.994355559
5274,1.684418082,1.964423537,1.994559407
5276,1.681859374,1.964139342,1.994757533
5279,1.67789042,1.963650465,1.995075345
5280,1.676584005,1.963518977,1.995181084
5283,1.672685266,1.963121772,1.995509386
5284,1.671427369,1.963013649,1.995615721
5287,1.667519689,1.962740302,1.99594903
5290,1.663663387,1.962363601,1.996288419
5296,1.656155586,1.961736202,1.996948481
5298,1.653727293,1.961502075,1.997165322
5301,1.64977634,1.961112738,1.99750495
5307,1.64202106,1.960396528,1.998221159
5309,1.639374375,1.960204005,1.998489499
5310,1.638038158,1.960118413,1.998620987
5311,1.636703372,1.960042477,1.998750329
5312,1.635370374,1.959958553,1.998879313
5315,1.631265163,1.959468484,1.999248028
5316,1.629885197,1.959257841,1.999370098
5320,1.624259233,1.958481669,1.999851942
5321,1.622812033,1.958299637,1.999967933
5323,1.619940758,1.957961321,2.000201464
5324,1.61855042,1.957813263,2.000324011
5326,1.61590457,1.957551122,2.000575542
5331,1.609152198,1.957059503,2.00120616
5337,1.601424456,1.954940557,2.001987934
5338,1.600206852,1.954345942,2.002110243
5342,1.595740318,1.952450633,2.002614737
5343,1.594720244,1.95208168,2.002742052
5344,1.593708515,1.951723933,2.00286603
5350,1.587894917,1.950108409,2.003568888
5353,1.584676504,1.949503779,2.003923416
5355,1.582751036,1.949161768,2.004179001
5357,1.580993652,1.948771119,2.004432201
5359,1.579341412,1.948381424,2.00469327
5362,1.577279687,1.947879314,2.005098581
5367,1.573769331,1.947154403,2.005801916
5368,1.572985768,1.946992755,2.005945444
5371,1.570843935,1.945531487,2.006359816
5373,1.569277406,1.944465041,2.006628275
5374,1.568418384,1.943996668,2.006768465
5376,1.566635728,1.94318974,2.007048368
5378,1.564790726,1.94253242,2.007328033
5383,1.560455084,1.941335678,2.008013725
5384,1.559628606,1.941162944,2.00814867
5388,1.556440592,1.940007329,2.00872159
5395,1.550991535,1.938337445,2.009685516
5396,1.55017972,1.938160419,2.009820461
5398,1.548706532,1.93779552,2.010086298
5401,1.546281338,1.936424375,2.010460377
5403,1.544624448,1.935523748,2.010719061
5407,1.541427135,1.933463693,2.011304617
5411,1.538704157,1.931631923,2.011912346
5412,1.538006067,1.931190252,2.012070179
5413,1.537376523,1.930789828,2.012225389
5416,1.535200596,1.929787159,2.012696266
5420,1.532246351,1.928637624,2.013298273
5431,1.524611831,1.92571795,2.015024185
5432,1.52407074,1.925347924,2.015182734
5433,1.523397326,1.925012946,2.015337706
5434,1.522766709,1.924698472,2.015491486
5436,1.521631122,1.924157143,2.015824556
5441,1.518837929,1.923169732,2.01669836
5447,1.515960813,1.92247808,2.017734766
5448,1.515532374,1.922299266,2.017915726
5453,1.513281703,1.921547174,2.018760204
5457,1.51099956,1.920775652,2.019396305
5460,1.509439945,1.919758439,2.019901991
5461,1.508955836,1.919402122,2.020075321
5463,1.508015394,1.918789983,2.020390749
5464,1.507589579,1.918527961,2.020536184
5466,1.506856203,1.918082237,2.020824909
5467,1.506495476,1.917882442,2.020978451
5468,1.506166697,1.917665124,2.021134853
5469,1.50586319,1.91744113,2.021292925
5471,1.505334735,1.916993976,2.021615982
5474,1.504361391,1.916287422,2.022082806
5476,1.503555536,1.915908337,2.022387505
5478,1.502804875,1.915587068,2.022696495
5481,1.501742959,1.915216088,2.023156166
5483,1.501019716,1.9149822,2.023446321
5488,1.49950397,1.914209247,2.024198294
5489,1.499149561,1.914065838,2.02434063
5494,1.497685075,1.913397789,2.025075674
5495,1.497419953,1.91330266,2.025227308
5496,1.497133255,1.913217664,2.025383234
5500,1.496150017,1.912237048,2.026053429
5501,1.495947242,1.911921978,2.026234627
5502,1.495758057,1.911636949,2.02641511
5503,1.495569348,1.911377072,2.026598454
5504,1.495388985,1.911123872,2.026783705
5505,1.495212317,1.910895824,2.026962042
5507,1.494760036,1.910486817,2.027333498
5508,1.49439168,1.910308599,2.027516365
5509,1.494046688,1.910146475,2.027710915
5512,1.493145466,1.909600616,2.028280735
5517,1.49191463,1.908962727,2.029216051
5518,1.491669655,1.908862114,2.029397249
5519,1.491420746,1.908696175,2.0295825
5520,1.491186738,1.908547759,2.029762983
5521,1.490971804,1.908353567,2.029946566
5523,1.490522742,1.908020854,2.030301332
5525,1.489963889,1.9077214,2.030654192
5532,1.487441778,1.906746387,2.031839132
5533,1.487092257,1.906642914,2.031996965
5538,1.485711575,1.905936599,2.032748699
5540,1.484983444,1.90557456,2.033066273
5543,1.484052896,1.904957533,2.033544779
5548,1.482474089,1.903666735,2.034406424
5549,1.482100844,1.903474569,2.034573317
5551,1.481410384,1.903144836,2.034909487
5555,1.480349779,1.902513027,2.035578012
5556,1.480113149,1.90238297,2.035747528
5557,1.479895234,1.902262807,2.035920382
5558,1.479688287,1.902151227,2.036086559
5566,1.476896882,1.900770664,2.037395716
5570,1.475773811,1.900301695,2.037955284
5571,1.475543976,1.900212884,2.038099527
5574,1.47492063,1.900006294,2.038540125
5580,1.4740839,1.899219155,2.039428949
5581,1.473963022,1.899097443,2.039584875
5583,1.473661542,1.898885369,2.039909124
5584,1.473475695,1.898717523,2.040073156
5587,1.472852945,1.898279428,2.040598154
5588,1.472647786,1.89815712,2.040785313
5589,1.472403646,1.898045778,2.040959358
5590,1.472179651,1.897942901,2.041136265
5591,1.471795797,1.897843957,2.041313648
5592,1.471353531,1.897755384,2.041492462
5593,1.470914364,1.897675514,2.041680574
5595,1.470130324,1.897543073,2.042034626
5597,1.469321847,1.897389293,2.042392015
5598,1.468954444,1.897326231,2.042569637
5599,1.468617678,1.897265315,2.042734146
5601,1.467918873,1.897153616,2.043082237
5602,1.467550755,1.897101164,2.043268204
5603,1.467180967,1.897055507,2.043469429
5604,1.466847777,1.897017241,2.043669224
5605,1.466547489,1.89697659,2.043874741
5610,1.465370655,1.895850062,2.044845581
5612,1.464992285,1.895439506,2.045209408
5614,1.464586258,1.895094872,2.045565605
5615,1.464408636,1.89493525,2.045744181
5619,1.463768721,1.894337654,2.046483994
5620,1.463639379,1.894207835,2.046672106
5622,1.46340692,1.893983364,2.047046661
5623,1.463290334,1.893887997,2.047229052
5625,1.462911963,1.893698335,2.047576666
5628,1.462413669,1.893491507,2.048112631
5629,1.462269306,1.893438458,2.048301458
5631,1.461980581,1.893352985,2.04868722
5632,1.461833715,1.893318295,2.048879862
5634,1.461533904,1.893267989,2.049273014
5640,1.460694075,1.893091321,2.050443888
5641,1.460582376,1.893046618,2.050628424
5642,1.460475087,1.892998815,2.05081749
5649,1.459643245,1.892455578,2.052116632
5650,1.459522605,1.892358303,2.052288055
5652,1.459149957,1.892167091,2.052618027
5653,1.458971739,1.892088413,2.052792788
5654,1.458799958,1.891996861,2.052983761
5655,1.458589792,1.891914129,2.053169727
5656,1.458381176,1.891842365,2.053349018
5657,1.458189368,1.891780376,2.053530693
5658,1.458006024,1.891718507,2.053711653
5659,1.457821608,1.891665101,2.053890228
5668,1.456401587,1.891336799,2.055653811
5669,1.456138849,1.891291976,2.055856466
5673,1.455027699,1.891165137,2.056689978
5674,1.454653144,1.891098976,2.056897879
5677,1.453725576,1.890947461,2.057518721
5681,1.4528265,1.890756726,2.05833292
5682,1.452582836,1.890708089,2.058545828
5689,1.451263785,1.890342474,2.060025454
5692,1.45091486,1.890207171,2.060595036
5697,1.45035553,1.889530301,2.061526299
5698,1.450214386,1.889368534,2.061706781
5699,1.450084567,1.889220119,2.061902285
5701,1.449858665,1.888968229,2.062277079
5703,1.449660778,1.888759255,2.062662125
5706,1.449341297,1.888527393,2.063248634
5708,1.449145555,1.888409615,2.063637495
5709,1.449061155,1.8883605,2.063828468
5719,1.448273897,1.88774538,2.065876484
5721,1.448066592,1.887606144,2.066298962
5725,1.447667956,1.887290478,2.067161322
5726,1.447570682,1.887220144,2.067373276
5728,1.447387934,1.887097716,2.067804813
5730,1.447217822,1.886974812,2.068226337
5732,1.447068572,1.886801839,2.068653584
5733,1.446987629,1.886597276,2.068865061
5735,1.446806192,1.886245012,2.06929493
5737,1.446602821,1.885932565,2.069722652
5740,1.446270585,1.88551712,2.070364237
5751,1.44400382,1.879727364,2.072584391
5752,1.443829179,1.878740072,2.072776556
5758,1.442902446,1.874553204,2.073943138
5761,1.442394257,1.873244762,2.074548006
5764,1.44199121,1.872221828,2.075157881
5766,1.441714644,1.871700644,2.075577259
5767,1.441577554,1.871475816,2.075791836
5769,1.441323876,1.871060967,2.076226473
5770,1.441202402,1.870867133,2.076455355
5775,1.440701723,1.870160818,2.077484131
5776,1.440622807,1.870063901,2.077687979
5779,1.440408945,1.869812369,2.078286648
5780,1.440339327,1.869746923,2.078485966
5782,1.440214992,1.869401455,2.078867674
5788,1.439880729,1.868210077,2.080042124
5795,1.438975811,1.866122127,2.08139348
5796,1.438839436,1.865887046,2.081609488
5801,1.438153386,1.864882231,2.082681656
5808,1.437217474,1.863721371,2.084084034
5811,1.436882854,1.863409758,2.084649801
5813,1.436680079,1.863245845,2.085026264
5814,1.436558723,1.863175273,2.085213184
5819,1.435627103,1.862934709,2.086134434
5833,1.433473468,1.862622261,2.089007139
5834,1.433345914,1.862602949,2.08921814
5839,1.432513118,1.862540483,2.090201139
5844,1.431820989,1.862523913,2.091324568
5845,1.431714177,1.862525702,2.09155035
5846,1.431601405,1.862526417,2.091766834
5855,1.430508375,1.862496018,2.09388876
5860,1.429894447,1.862473249,2.094922781
5861,1.429730535,1.862474799,2.095121861
5864,1.429240227,1.862419009,2.09577775
5868,1.42872262,1.862085819,2.096675634
5870,1.428495646,1.861713886,2.097099781
5877,1.427572608,1.860677481,2.098493814
5880,1.427264929,1.860265493,2.099119663
5882,1.427093863,1.860009909,2.09958005
5884,1.426854253,1.85975337,2.100054741
5885,1.426743507,1.859642148,2.100289583
5888,1.42644906,1.859370589,2.101007223
5889,1.426345944,1.859297395,2.101249695
5891,1.426168442,1.859106421,2.101705551
5892,1.426092505,1.858968973,2.101935148
5895,1.425886273,1.858621597,2.102587461
5898,1.425681233,1.858374119,2.103184938
5902,1.425369382,1.858127356,2.104008436
5905,1.424863577,1.858004212,2.104664326
5907,1.424510121,1.857949138,2.105094194
5910,1.424077868,1.857872844,2.105729818
5912,1.423849344,1.857470036,2.10616374
5913,1.423745036,1.857132554,2.106383085
5916,1.423476577,1.856299281,2.107015371
5919,1.423139691,1.855683446,2.10766077
5920,1.423040152,1.855256677,2.107876301
5923,1.422782898,1.854222775,2.108505249
5926,1.422552586,1.853477716,2.109107733
5927,1.422463536,1.853274703,2.109314203
5928,1.422379136,1.853091478,2.109512091
5931,1.422131419,1.852644682,2.11009407
5932,1.422047496,1.852526307,2.110300064
5938,1.421606898,1.852026343,2.111479998
5945,1.421003461,1.850646377,2.113040924
5946,1.42087853,1.850463748,2.113251925
5950,1.420348763,1.849693179,2.114084959
5952,1.420059204,1.849330187,2.114565134
5953,1.419928789,1.849174142,2.114810467
5954,1.419807315,1.84903419,2.115054131
5955,1.419691205,1.848887086,2.115307331
5956,1.419586301,1.848743796,2.115552425
5960,1.419174433,1.848310709,2.116524935
5961,1.419068933,1.848227501,2.116774559
5965,1.418610811,1.847835422,2.117839336
5968,1.418249488,1.847627521,2.118631363
5969,1.418092728,1.84757638,2.118878603
5971,1.417744637,1.847494602,2.119368553
5978,1.416508317,1.847041011,2.12091136
5980,1.416213393,1.846510768,2.12131834
5982,1.415893435,1.846077442,2.12173295
5987,1.415237904,1.845339894,2.122797251
5991,1.41458106,1.844933629,2.123648882
5995,1.414072633,1.84467864,2.124505997
5996,1.413945913,1.844603419,2.124716997
5997,1.413831353,1.844534874,2.124927998
6000,1.413533449,1.844377875,2.12554431
6003,1.41321528,1.844283342,2.126153469
6004,1.413083673,1.844260812,2.126358986
6005,1.412963629,1.844242096,2.126567364
6007,1.412730455,1.8442173,2.127001286
6009,1.41261518,1.844212413,2.127218723
6010,1.412511826,1.84420836,2.12744236
6015,1.411932468,1.844213367,2.128503084
6016,1.411702037,1.844215989,2.128720045
6017,1.41148901,1.844220519,2.128926277
6018,1.411293626,1.844216585,2.129140139
6019,1.41110611,1.844215393,2.129365683
6020,1.410937548,1.844215155,2.129590988
6022,1.410573959,1.844213247,2.130030394
6026,1.409879684,1.84422338,2.131063938
6027,1.409728765,1.844199896,2.131299496
6028,1.409585476,1.844182372,2.131533623
6032,1.408923984,1.844041228,2.13254571
6033,1.408765793,1.84400034,2.132803679
6034,1.408609867,1.843966365,2.133063555
6035,1.408467531,1.843936443,2.133330345
6036,1.408338785,1.843902588,2.133597374
6038,1.408119202,1.843846798,2.134123802
6046,1.407152057,1.843682289,2.136210203
6048,1.406913638,1.843673348,2.136718273
6049,1.40680325,1.843667984,2.136982918
6050,1.406704187,1.843664408,2.137243271
6052,1.406525135,1.843662739,2.137787104
6056,1.406184435,1.843677163,2.138964176
6057,1.406118989,1.843685031,2.139251709
6061,1.405869007,1.843725562,2.140441418
6062,1.405798197,1.843737721,2.140733004
6063,1.405732393,1.843749404,2.141011477
6064,1.405671358,1.843762159,2.141290665
6066,1.40556097,1.843786955,2.141837597
6068,1.40546,1.84380734,2.142365694
6069,1.405413985,1.843795538,2.142632484
6070,1.405370831,1.843781114,2.142897129
6072,1.40529263,1.843757033,2.143403292
6073,1.405255795,1.843745828,2.14365077
6074,1.405217648,1.843737364,2.143893719
6078,1.40492332,1.843700647,2.144847393
6081,1.404723525,1.843669295,2.145586014
6082,1.404654622,1.843664765,2.145819664
6086,1.404363751,1.843616724,2.146697283
6089,1.404086947,1.843573213,2.147304296
6092,1.403716922,1.843536019,2.147938967
6095,1.403417349,1.843497872,2.14858532
6098,1.4029423,1.84347403,2.14926362
6104,1.402054787,1.843074083,2.150618076
6105,1.401937127,1.842955589,2.150866747
6111,1.401388526,1.842483878,2.152327776
6113,1.401224375,1.842381239,2.152806759
6115,1.401027322,1.842261672,2.153275967
6120,1.400615931,1.842016935,2.15444088
6121,1.400556564,1.841910839,2.154667377
6122,1.40050292,1.841818094,2.154902458
6124,1.400340915,1.841648221,2.155377388
6128,1.399975181,1.841326475,2.156315327
6135,1.399534941,1.839068055,2.1578722
6136,1.399482131,1.838760495,2.158092976
6137,1.399413705,1.838481069,2.158306599
6138,1.399327278,1.838230491,2.158537626
6139,1.399194241,1.83799088,2.158772469
6140,1.399073601,1.837775111,2.159006596
6143,1.398747683,1.837263703,2.159700632
6144,1.398579597,1.837130666,2.159932375
6145,1.398405194,1.837012529,2.160150766
6148,1.397961259,1.836716294,2.160791397
6150,1.397718906,1.83656466,2.161281347
6152,1.397478819,1.836419225,2.161803484
6155,1.397159219,1.836217165,2.16263628
6161,1.396578074,1.835949779,2.164278269
6162,1.396472454,1.835916877,2.164542913
6163,1.396376371,1.835890293,2.16479969
6166,1.396000147,1.835817695,2.165526152
6167,1.395874858,1.835802674,2.165786743
6171,1.395408154,1.83568573,2.166808128
6172,1.395306349,1.835662127,2.167063475
6173,1.395214677,1.835643411,2.167326927
6175,1.395036817,1.835559845,2.167845726
6180,1.394640446,1.835298061,2.169219971
6181,1.394561529,1.835254192,2.169489622
6190,1.393905044,1.835011363,2.171836376
6194,1.393703103,1.834977984,2.172811985
6199,1.393381476,1.834982038,2.17390132
6201,1.393282413,1.834979415,2.17432785
6208,1.392999411,1.834824443,2.175904274
6210,1.39289844,1.834821343,2.176364183
6212,1.392803073,1.834822536,2.176873684
6219,1.392399549,1.834809065,2.178852081
6220,1.392354608,1.834791303,2.179151058
6224,1.39210844,1.834694028,2.180306435
6226,1.39197278,1.834621072,2.180868864
6227,1.391909122,1.834560752,2.181142569
6230,1.391741157,1.834429264,2.181970596
6232,1.391454697,1.834325433,2.182484388
6233,1.391319513,1.834282279,2.182742596
6236,1.390969515,1.83398509,2.183466673
6237,1.390872955,1.833876729,2.183704853
6238,1.390786052,1.833742857,2.183935642
6239,1.390705585,1.833623409,2.184154749
6240,1.390602827,1.833521843,2.184375763
6241,1.39050591,1.833432913,2.184594631
6242,1.390408993,1.833341837,2.184818983
6243,1.390306473,1.833261967,2.185047388
6244,1.390189528,1.833193183,2.185296059
6246,1.38996911,1.833084464,2.185791254
6254,1.389200568,1.83150959,2.187792301
6255,1.389063597,1.831346631,2.188050508
6259,1.388611555,1.830836773,2.188987494
6260,1.388523817,1.830740094,2.189220667
6263,1.388304114,1.830522776,2.189975023
6266,1.388116956,1.830307841,2.190657139
6267,1.388050795,1.830246449,2.190872669
6269,1.387933254,1.830117464,2.19132781
6270,1.387881637,1.830052614,2.191548586
6273,1.387733698,1.829908371,2.19222641
6276,1.387583971,1.829813957,2.192961454
6277,1.387539387,1.829792023,2.19321537
6279,1.387433529,1.829758763,2.193705082
6281,1.38731873,1.829743981,2.194192648
6286,1.387025118,1.829580188,2.195407152
6287,1.386952996,1.829560041,2.195667267
6288,1.386887193,1.829542279,2.195943117
6291,1.386627316,1.829504728,2.196763277
6293,1.386338115,1.829494715,2.197337866
6294,1.386212349,1.829491735,2.197632313
6295,1.386095762,1.829491615,2.197927713
6296,1.385988951,1.829493999,2.198219776
6299,1.385707378,1.829452872,2.199047089
6302,1.38544786,1.829426408,2.199822426
6309,1.384745002,1.829361558,2.201718569
6312,1.384507656,1.829345345,2.202551365
6318,1.384099603,1.828993082,2.204207897
6319,1.383995414,1.828881621,2.204463482
6320,1.383897901,1.828779936,2.204710722
6321,1.383805633,1.82869041,2.204959393
6323,1.383645058,1.828543067,2.205453634
6328,1.383324981,1.828335524,2.206570387
6330,1.383232594,1.828299999,2.207056284
6332,1.383095503,1.828280091,2.207542658
6333,1.383011103,1.828257084,2.207785368
6334,1.382912517,1.828239322,2.208035707
6335,1.382822752,1.828225374,2.208282709
6338,1.382599235,1.82818687,2.209029436
6340,1.382478595,1.82817471,2.209553003
6341,1.382423878,1.828175068,2.209811211
6350,1.381824255,1.828272343,2.211941004
6351,1.381733537,1.82828927,2.212197304
6354,1.381496549,1.828311563,2.212988853
6356,1.381363153,1.828298807,2.213474274
6357,1.381303191,1.828297973,2.213732481
6358,1.381248713,1.828300714,2.213989258
6359,1.381189227,1.828305125,2.214238644
6360,1.381130219,1.828312635,2.214485407
6367,1.380711675,1.82834065,2.21612668
6368,1.380670309,1.828352451,2.216350079
6370,1.380590081,1.828373671,2.216801643
6372,1.380513787,1.828374624,2.217240572
6374,1.380450487,1.82834363,2.217685938
6375,1.380423903,1.828333139,2.217916727
6377,1.380369067,1.828321576,2.218370199
6378,1.380330563,1.828320265,2.218612194
6381,1.380092382,1.82833159,2.219322205
6385,1.379803538,1.828326583,2.220344543
6386,1.379745722,1.828294754,2.220589161
6393,1.379397035,1.828150153,2.222189665
6394,1.379347801,1.828135133,2.222417116
6399,1.37891078,1.828103781,2.223662615
6400,1.378802299,1.828098655,2.223949671
6402,1.378614426,1.828097582,2.224503994
6403,1.37852788,1.828104258,2.22477603
6404,1.378446341,1.82811296,2.225048542
6405,1.378364801,1.828115344,2.225323677
6406,1.378290296,1.828115582,2.225585461
6411,1.377910614,1.82811296,2.226736546
6412,1.377821207,1.828082442,2.226964712
6413,1.377726912,1.828057885,2.227190018
6414,1.377632141,1.828032494,2.227417707
6416,1.37746942,1.827994466,2.227871895
6418,1.377327442,1.827974319,2.22834444
6421,1.377123117,1.827893853,2.22905612
6425,1.37671721,1.82783556,2.23008275
6426,1.376635909,1.827821732,2.230348587
6432,1.376264572,1.827758551,2.231914282
6436,1.376096845,1.82765758,2.232934952
6441,1.375949144,1.827460885,2.234306574
6443,1.375904083,1.827359796,2.234902143
6444,1.375843883,1.82731986,2.235183239
6449,1.375509262,1.827125072,2.236562014
6452,1.37533474,1.827050805,2.237323761
6454,1.37523365,1.826969504,2.237842083
6455,1.375185966,1.826940417,2.238092422
6456,1.375142694,1.826914668,2.238338947
6457,1.375102878,1.826895475,2.238586426
6460,1.374924421,1.826851726,2.239322901
6465,1.374397993,1.826827645,2.240478277
6466,1.374259353,1.826832175,2.240722179
6467,1.374134064,1.826839328,2.240950823
6469,1.373915911,1.826862097,2.241426229
6472,1.373630643,1.825862169,2.242186308
6473,1.373549461,1.82559669,2.242443562
6476,1.373181581,1.824894547,2.24319911
6478,1.372984529,1.824550509,2.243729115
6480,1.372822642,1.824272394,2.244236231
6482,1.372671127,1.824053288,2.244743109
6488,1.372305989,1.823663592,2.246245623
6493,1.371939898,1.823546052,2.247596264
6494,1.371862292,1.82353723,2.24785471
6495,1.371790051,1.823533654,2.248104095
6496,1.371724963,1.823531628,2.248353958
6498,1.371601939,1.823527932,2.248823166
6502,1.371386528,1.823499322,2.249829054
6508,1.371056676,1.82335794,2.251292706
6509,1.370995283,1.823347211,2.251537561
6513,1.370802522,1.823357344,2.252601147
6515,1.370689392,1.823319316,2.253169775
6516,1.370627046,1.823281169,2.253456593
6519,1.370471001,1.823206544,2.254276514
6520,1.370417953,1.823191166,2.254573107
6526,1.370084047,1.823053837,2.256135464
6533,1.369685054,1.822978735,2.258033514
6537,1.369511843,1.822989464,2.259212017
6539,1.369408727,1.823005319,2.259816408
6540,1.369348407,1.823006749,2.26012969
6543,1.369152188,1.822929502,2.261079311
6545,1.36904943,1.822841763,2.261677027
6547,1.368926287,1.822767973,2.262273073
6548,1.368874073,1.822743058,2.262594223
6549,1.368780494,1.822728276,2.262924433
6554,1.368385077,1.822704911,2.264505386
6555,1.368321538,1.822707891,2.264815569
6556,1.368231893,1.822712302,2.265130281
6557,1.368151069,1.822720528,2.265424967
6558,1.368076682,1.82273376,2.265712738
6559,1.368010163,1.822747827,2.266009331
6560,1.367949724,1.822763085,2.266318083
6563,1.367748141,1.822820306,2.267163515
6564,1.367690444,1.822843671,2.267435074
6566,1.367566347,1.822875977,2.267943859
6568,1.3674438,1.822913289,2.268431902
6569,1.367377639,1.822934866,2.268703938
6573,1.367162108,1.823027253,2.269714355
6576,1.367047191,1.823101401,2.27052331
6577,1.367017746,1.823112965,2.270830393
6580,1.366932034,1.823120117,2.271686554
6582,1.366836429,1.823121905,2.272240877
6583,1.366794705,1.823121428,2.272509098
6584,1.366757512,1.823123336,2.272773743
6585,1.366719842,1.823125124,2.273040771
6593,1.3664217,1.82314074,2.275205851
6596,1.366338611,1.822968125,2.27602458
6597,1.366313219,1.822897315,2.276300192
6600,1.366216302,1.82269001,2.277100086
6604,1.365928411,1.822315693,2.278234959
6606,1.365801811,1.822159171,2.27882123
6608,1.36568892,1.822011828,2.279409409
6611,1.365444541,1.821644425,2.280237675
6612,1.365357161,1.821505785,2.280529499
6615,1.365133405,1.821105361,2.281342745
6616,1.365070105,1.821003556,2.281622887
6618,1.364953637,1.820757508,2.282205582
6621,1.364784956,1.820495963,2.283117533
6623,1.364663243,1.820358515,2.283761024
6624,1.364603043,1.820308447,2.284068584
6625,1.364548922,1.820268273,2.284370661
6626,1.364499807,1.820235014,2.284674644
6628,1.364403248,1.820190072,2.285273552
6630,1.364305139,1.820171833,2.285876513
6631,1.364260912,1.82016933,2.286177397
6635,1.364019394,1.82018888,2.28742218
6639,1.363781929,1.820131898,2.288575649
6641,1.363665819,1.820094705,2.289163351
6643,1.36356461,1.820072055,2.289718628
6644,1.363518238,1.820067406,2.290003538
6645,1.363473773,1.820064425,2.29029274
6649,1.363316178,1.818810105,2.29146862
6650,1.363283515,1.818417668,2.291767597
6651,1.363252997,1.818068743,2.292057753
6652,1.363222241,1.817753673,2.2923522
6654,1.363158464,1.817221642,2.292958021
6655,1.363129854,1.816987395,2.293264151
6656,1.363102794,1.816774726,2.293589592
6658,1.363014579,1.81641221,2.294207811
6660,1.362933755,1.816115618,2.294785976
6665,1.362775803,1.815627575,2.296249151
6666,1.362745762,1.815571547,2.296565294
6673,1.362519741,1.815386415,2.298816919
6678,1.362323523,1.815404654,2.300346613
6680,1.362203479,1.815432906,2.300977707
6681,1.362146139,1.815444827,2.301303625
6683,1.362042308,1.815473914,2.301934481
6685,1.361929774,1.815516233,2.302557468
6687,1.361828446,1.815531492,2.303163767
6690,1.361688137,1.815567493,2.303988218
6692,1.361554861,1.815603018,2.304521799
6694,1.361400604,1.815648675,2.305058479
6698,1.361151934,1.815743685,2.306164742
6699,1.361101151,1.815766215,2.306453228
6700,1.361055732,1.815780759,2.306770325
6706,1.360866785,1.815865993,2.308734179
6708,1.360820413,1.815842628,2.309426069
6710,1.360778332,1.81573844,2.310075045
6711,1.360757113,1.815657139,2.310379982
6713,1.360720038,1.815515995,2.311008215
6715,1.360692263,1.815400481,2.311598539
6717,1.360669494,1.815309525,2.312229633
6719,1.360639572,1.815243125,2.312839985
6720,1.360623598,1.815214872,2.313118696
6721,1.360607266,1.815191746,2.3133986
6722,1.360592008,1.815146923,2.313664675
6724,1.360565424,1.815080166,2.314228296
6726,1.360540628,1.814950228,2.314751863
6728,1.360493302,1.814761043,2.315303087
6730,1.36043942,1.814510465,2.315900564
6732,1.360390902,1.814236999,2.316503048
6733,1.360369086,1.814115286,2.316813469
6734,1.36034596,1.814007521,2.317108631
6735,1.360319018,1.813911796,2.317395687
6738,1.360246181,1.8136971,2.318226576
6740,1.360198736,1.813572288,2.31874609
6742,1.360119224,1.813482881,2.319286823
6745,1.359961152,1.81340158,2.320115089
6746,1.359892845,1.81338191,2.320383787
6749,1.359723687,1.813317776,2.32123661
6758,1.359238625,1.813211203,2.323735237
6760,1.359135628,1.813191772,2.324277639
6761,1.359081388,1.813185334,2.324553967
6762,1.359032273,1.813178062,2.324828148
6768,1.358788848,1.813143015,2.32656455
6769,1.358757257,1.813136816,2.326849937
6770,1.35872817,1.813137174,2.327133179
6771,1.35870254,1.81314075,2.327430248
6776,1.358518362,1.812991977,2.328905344
6777,1.358457804,1.812926769,2.329204798
6778,1.358404279,1.812860012,2.329545021
6781,1.358275533,1.812704325,2.330519915
6787,1.35806179,1.812514544,2.332492113
6788,1.358036399,1.812498093,2.332822084
6789,1.358012199,1.812489033,2.333143473
6790,1.357991219,1.812454581,2.333467484
6791,1.357968926,1.812422156,2.333781719
6793,1.357928157,1.812379718,2.33446002
6796,1.357726216,1.812358975,2.335401535
6798,1.357613206,1.81236732,2.336028576
6799,1.357565999,1.812374234,2.336348295
6800,1.357517481,1.812381864,2.336642265
6801,1.35743916,1.812393546,2.336937189
6802,1.357365847,1.812367916,2.337227345
6804,1.357226729,1.812271833,2.337851048
6806,1.357109427,1.8121562,2.338521481
6808,1.357007265,1.812074184,2.339202166
6809,1.356960654,1.812044621,2.33953476
6810,1.356916428,1.812018156,2.339885473
6811,1.356874824,1.811996818,2.340231419
6814,1.356734395,1.811951041,2.341264963
6816,1.356635094,1.811940074,2.34193635
6817,1.356587887,1.811932206,2.342273951
6818,1.356541991,1.811927795,2.34261632
6820,1.356451273,1.811873436,2.343280554
6821,1.356408596,1.811845422,2.343631506
6822,1.356366515,1.811800838,2.343984365
6827,1.356197476,1.80698359,2.345632553
6828,1.35616231,1.805740595,2.345981836
6829,1.356131315,1.804623961,2.346320391
6830,1.356097221,1.803601027,2.34667182
6831,1.356061935,1.802685499,2.34702158
6836,1.355932236,1.799306512,2.348685026
6838,1.355898142,1.798339009,2.349381447
6840,1.355866194,1.797553658,2.350061178
6841,1.355853081,1.797219157,2.350400448
6842,1.35584271,1.796924949,2.350735664
6844,1.355800867,1.796429396,2.351392984
6848,1.355670094,1.795733571,2.352668524
6851,1.355572701,1.795395374,2.3536129
6853,1.355519652,1.795228481,2.354187489
6854,1.355491877,1.795159221,2.354474068
6864,1.355227947,1.79484272,2.357398987
6867,1.355137229,1.794847727,2.358277798
6869,1.355077982,1.794861317,2.358852625
6870,1.355005145,1.794870138,2.359122038
6875,1.354636788,1.794945359,2.36051321
6877,1.35439086,1.794984579,2.361109018
6882,1.353954077,1.795065284,2.362619638
6883,1.35389185,1.795084238,2.362931013
6885,1.353780985,1.795128584,2.363532305
6886,1.353730202,1.795146585,2.363843203
6890,1.353551745,1.795111656,2.364969254
6891,1.353506565,1.795101881,2.365252733
6896,1.353347063,1.795081735,2.36665678
6897,1.353325725,1.795037031,2.366950989
6901,1.353222966,1.794890642,2.368190765
6905,1.353101015,1.794809818,2.369451523
6907,1.353057265,1.794772267,2.37007618
6911,1.352937937,1.794679165,2.371328831
6918,1.352700949,1.794533849,2.373518705
6933,1.352195859,1.793931723,2.377976179
6935,1.352156639,1.793883801,2.378602266
6936,1.35213685,1.793864608,2.378921747
6937,1.352119803,1.793847561,2.37921381
6941,1.352028966,1.793697834,2.380367756
6947,1.351844192,1.793591022,2.382230043
6949,1.351782084,1.793587685,2.382833004
6952,1.35171175,1.793558955,2.383686781
6953,1.351693749,1.793537259,2.383961916
6956,1.351642251,1.793501377,2.384725571
6959,1.351609111,1.793514371,2.385424137
6962,1.351579785,1.793559194,2.386134863
6964,1.351562977,1.79359889,2.386649609
6967,1.351546288,1.79363203,2.387502193
6968,1.351541162,1.793643117,2.387782574
6974,1.351503968,1.793750763,2.389460325
6980,1.351430893,1.793919325,2.391253948
6983,1.351362705,1.794005036,2.392289162
6985,1.351295352,1.794060707,2.392977476
6987,1.351240039,1.794117928,2.393636942
6990,1.351145983,1.794208765,2.394646406
6991,1.351117969,1.794241309,2.394982815
6993,1.35106504,1.794316411,2.395623684
6999,1.350854158,1.794546485,2.397583246
7002,1.350773573,1.794645429,2.398518801
7005,1.350679517,1.794731855,2.399497271
7007,1.350627899,1.79479599,2.400226831
7008,1.350605488,1.794831038,2.400592566
7011,1.350565076,1.79484272,2.401306152
7014,1.350509286,1.794809222,2.402337074
7015,1.350491166,1.794798374,2.402657747
7017,1.350444674,1.794784784,2.403272629
7019,1.350401282,1.794703484,2.403893948
7020,1.350382805,1.794672489,2.404201508
7021,1.350367546,1.794647217,2.404520988
7023,1.350340009,1.794616103,2.405115128
7025,1.350310206,1.794584751,2.405718327
7030,1.350165725,1.794585347,2.407320023
7033,1.350005388,1.794629931,2.408281565
7034,1.349962354,1.794650078,2.408615351
7035,1.349923968,1.794672132,2.408948898
7037,1.349812627,1.794695139,2.40959549
7039,1.349680781,1.794674397,2.410247564
7042,1.349520683,1.794660687,2.411300898
7043,1.349475384,1.794663072,2.411636114
7046,1.349347472,1.794653177,2.41260457
7048,1.349264503,1.794658542,2.413235426
7050,1.349166155,1.794643044,2.413836241
7051,1.349114895,1.794625998,2.414126396
7055,1.348948956,1.794600606,2.415297031
7056,1.348916531,1.794594049,2.415620565
7057,1.34888339,1.794593096,2.41595459
7058,1.348854184,1.794596076,2.416280985
7064,1.348694444,1.794672251,2.418307543
7076,1.348492026,1.794638753,2.422110081
7077,1.348483801,1.794585109,2.422451019
7079,1.348453164,1.794484138,2.423104286
7082,1.348388195,1.794355512,2.42407465
7085,1.34833312,1.794212461,2.425039291
7086,1.348312616,1.794173479,2.425341845
7089,1.348264217,1.794074655,2.426228523
7091,1.348241329,1.794019222,2.426830769
7094,1.348215461,1.793978333,2.427744865
7097,1.348124385,1.793976426,2.428720713
7098,1.348087907,1.793978453,2.429035425
7099,1.348056197,1.793985009,2.429377556
7101,1.347983956,1.794006705,2.430043697
7102,1.34794724,1.794022799,2.430374384
7105,1.347851753,1.794081688,2.431299686
7107,1.347786427,1.794134021,2.43191576
7109,1.347733021,1.794187665,2.432506323
7110,1.347710371,1.794216275,2.432798386
7111,1.347689152,1.794244528,2.433083534
7113,1.34756422,1.794304013,2.433684111
7114,1.347511172,1.794293046,2.434003592
7119,1.347322583,1.794285417,2.435758829
7120,1.347293496,1.794290662,2.436103344
7121,1.347268224,1.794300556,2.436435461
7126,1.347108126,1.794389129,2.43807435
7129,1.347010255,1.794423103,2.438962221
7130,1.346981645,1.794430614,2.439242363
7133,1.346917152,1.794468999,2.44012475
7139,1.346822262,1.794453382,2.441926479
7140,1.34680593,1.794413924,2.44222784
7142,1.346777678,1.794361949,2.442807913
7143,1.346766472,1.79434824,2.443110704
7144,1.346756339,1.794340253,2.443408966
7145,1.346733809,1.794336796,2.443704605
7146,1.346713424,1.794333816,2.443991899
7147,1.346694469,1.794333339,2.444296122
7150,1.346653342,1.794350743,2.44519496
7152,1.346632719,1.79430902,2.445836544
7153,1.346618891,1.794290423,2.44614172
7155,1.346593738,1.794266701,2.446861744
7159,1.346454024,1.79426825,2.448336124
7161,1.346309781,1.794296265,2.44904995
7162,1.346241713,1.794312954,2.449402332
7165,1.346076369,1.794357181,2.450548649
7167,1.345975757,1.794373393,2.451225042
7168,1.34591341,1.79438889,2.451538086
7171,1.345705509,1.794416428,2.452485323
7173,1.345561504,1.794425011,2.453151703
7174,1.345497012,1.794431448,2.453482866
7175,1.345437169,1.794437647,2.45384264
7180,1.345206857,1.794493794,2.455551624
7182,1.34511745,1.794528365,2.45627284
7187,1.344946146,1.794615984,2.458205223
7189,1.344900131,1.794656396,2.45889473
7191,1.344860196,1.794707775,2.459534645
7193,1.344827294,1.794768691,2.46020031
7194,1.344813347,1.794799209,2.460555315
7196,1.344790816,1.794868469,2.461232185
7197,1.344760656,1.794905901,2.46155858
7198,1.344733596,1.794945002,2.461882353
7201,1.344666004,1.795059562,2.46280551
7202,1.3446486,1.795100331,2.463122129
7203,1.344632626,1.795140624,2.463431597
7206,1.34459269,1.795068622,2.46431756
7207,1.344582677,1.795046449,2.464588642
7208,1.344574213,1.795027614,2.464872122
7209,1.344565988,1.795013428,2.465146303
7210,1.34455812,1.795007348,2.465470552
7212,1.344547629,1.795008302,2.466125011
7216,1.344465256,1.795054793,2.467392445
7217,1.344445586,1.795072198,2.467720032
7218,1.344426751,1.795092583,2.468040705
7221,1.344366193,1.795047522,2.468948841
7222,1.344350934,1.795024753,2.469239235
7228,1.344255209,1.794992208,2.471179247
7229,1.3442415,1.794999838,2.471527815
7241,1.344147086,1.794931769,2.475357056
7242,1.344138741,1.794924259,2.475656986
7256,1.343985319,1.794378996,2.480252028
7257,1.343975067,1.794376254,2.480630636
7258,1.34396112,1.7943784,2.481016159
7261,1.343918681,1.794390082,2.482163191
7266,1.343846917,1.794366479,2.483994246
7267,1.343836427,1.794376493,2.484346628
7269,1.343818545,1.794401407,2.485044956
7272,1.343781114,1.79447031,2.486037254
7273,1.343767881,1.794501901,2.486364603
7274,1.343756914,1.794537544,2.486719131
7278,1.343727708,1.794695497,2.488269567
7280,1.3437047,1.794780374,2.489073992
7281,1.343690276,1.794825912,2.489463568
7282,1.343678474,1.794871211,2.489844322
7284,1.343647242,1.794959784,2.490606546
7285,1.343631387,1.795003295,2.490961075
7289,1.343587756,1.795166254,2.492428541
7291,1.343564034,1.795241594,2.493172169
7292,1.343548417,1.795277238,2.493559599
7293,1.343535066,1.795311689,2.493942261
7297,1.343416572,1.795449138,2.495467663
7298,1.343392491,1.79548192,2.495818377
7301,1.343330503,1.795583725,2.49682951
7304,1.343237281,1.795688868,2.497883081
7305,1.34320724,1.795724034,2.498249769
7311,1.343032241,1.795956016,2.500445604
7320,1.342830539,1.796199083,2.503675699
7329,1.342621326,1.796353698,2.506984472
7330,1.342594624,1.795822978,2.507338047
7334,1.342519403,1.794218898,2.508648157
7337,1.342416048,1.793429255,2.509760618
7343,1.342007637,1.792533517,2.511982203
7345,1.341865897,1.792374253,2.512672424
7347,1.341724515,1.792256236,2.513361931
7349,1.341582894,1.792177916,2.514032602
7352,1.341402888,1.792134166,2.515049219
7355,1.341265559,1.791972637,2.516227007
7357,1.341191173,1.791913033,2.517003775
7358,1.341161013,1.791894794,2.517390013
7361,1.341078162,1.7918576,2.518471241
7363,1.341008544,1.791792274,2.519188643
7365,1.340948701,1.791682124,2.519839287
7366,1.340923548,1.791640043,2.520144463
7368,1.340882897,1.791585326,2.520844936
7372,1.340800524,1.791550875,2.522263765
7380,1.340609193,1.791673183,2.524856567
7382,1.340505242,1.79172039,2.525546074
7383,1.340457439,1.791746616,2.525884151
7384,1.34041512,1.791771173,2.526226997
7386,1.34034121,1.791835189,2.526914597
7387,1.340309262,1.791871786,2.527239323
7389,1.340248704,1.79194355,2.527858734
7391,1.340204835,1.792018294,2.528486013
7392,1.340186477,1.79205513,2.528821468
7393,1.340169668,1.792091966,2.529164076
7396,1.340110064,1.792206287,2.530188322
7397,1.340095997,1.79225266,2.530507088
7399,1.340075374,1.792339563,2.531133413
7402,1.340051532,1.792476416,2.532006741
7403,1.340045452,1.792525887,2.532331944
7404,1.340038657,1.792571664,2.532671213
7405,1.340030074,1.792620659,2.533016682
7407,1.339996576,1.792721152,2.533682823
7409,1.339971781,1.792812228,2.534320116
7413,1.339854836,1.792943835,2.535592079
7414,1.339825034,1.792979598,2.535908699
7415,1.339799047,1.793011308,2.536204815
7419,1.339686632,1.793161631,2.537395716
7424,1.339395523,1.793154478,2.538800001
7426,1.339037061,1.793165565,2.539301157
7427,1.338882208,1.793173552,2.539535046
7428,1.338739872,1.79318893,2.539779902
7429,1.338612437,1.793206453,2.540048361
7430,1.338496923,1.793230772,2.540323019
7431,1.338393569,1.793210983,2.540619373
7433,1.338207364,1.793178678,2.541194677
7434,1.33811748,1.793162465,2.541498423
7436,1.337965488,1.793138146,2.542119265
7437,1.337901592,1.793130517,2.54243803
7438,1.337838292,1.793129683,2.542748451
7440,1.337718844,1.79315424,2.54338789
7451,1.337152362,1.793356538,2.547011375
7457,1.336937189,1.793532372,2.549022198
7461,1.336758614,1.793636918,2.550369024
7462,1.336707473,1.793665767,2.550724268
7463,1.33664,1.793697834,2.551076889
7466,1.336463451,1.7937994,2.552167416
7468,1.33637166,1.793873429,2.552872419
7469,1.336329222,1.793911695,2.553243637
7475,1.336109161,1.79389739,2.555310965
7478,1.335942388,1.793831229,2.556359053
7481,1.335637212,1.793798208,2.557366133
7482,1.335548878,1.793792725,2.55769968
7486,1.335265756,1.793797135,2.558988094
7489,1.335109472,1.793827772,2.559884071
7490,1.335067153,1.793843627,2.560213566
7494,1.334925294,1.793889523,2.561748505
7496,1.334871769,1.793900847,2.562610865
7497,1.334848642,1.793908358,2.563025713
7500,1.334730625,1.793935657,2.564261198
7502,1.334628224,1.793968797,2.565098763
7508,1.334410906,1.794082165,2.567533016
7509,1.334319115,1.794098616,2.567921162
7510,1.334238172,1.794120431,2.568277597
7514,1.333946943,1.79423821,2.569839954
7519,1.333601117,1.79438448,2.571717978
7520,1.333545685,1.79439044,2.57207942
7527,1.333121896,1.794448256,2.574575186
7529,1.333038807,1.794477224,2.575276852
7530,1.333003283,1.794498563,2.575618029
7531,1.33295238,1.794521093,2.575950146
7535,1.332799315,1.79463923,2.577251196
7536,1.332769156,1.794674516,2.577551603
7538,1.332710981,1.794750929,2.578145981
7539,1.332681298,1.794790983,2.578448534
7540,1.332652807,1.794830084,2.578778505
7542,1.332577348,1.794908285,2.579455614
7543,1.332536697,1.794949651,2.579807281
7546,1.332442164,1.794425488,2.580864906
7548,1.332386017,1.794173598,2.581574678
7549,1.332357883,1.794072866,2.581935644
7550,1.33233285,1.793982983,2.582278252
7551,1.332311869,1.793905139,2.58262825
7553,1.332272172,1.793785214,2.583377123
7557,1.332218885,1.79363215,2.584858418
7558,1.332209468,1.793613434,2.585253716
7560,1.332190752,1.793590188,2.58600831
7564,1.33216691,1.793466091,2.587398052
7565,1.332157254,1.793443203,2.587731123
7566,1.332149506,1.793426037,2.588074684
7569,1.332123995,1.793408871,2.589099407
7570,1.33211267,1.793415785,2.589424849
7571,1.332071781,1.793428898,2.589738607
7572,1.332033277,1.793444514,2.590065002
7574,1.331965566,1.793456078,2.590704441
7577,1.331870794,1.793493509,2.591611862
7581,1.331769943,1.793575287,2.592817783
7582,1.331750631,1.793598175,2.593149185
7585,1.331650376,1.793686986,2.594147444
7587,1.331586838,1.793691635,2.594837189
7589,1.331519723,1.793658018,2.595477343
7590,1.331492305,1.793650985,2.595790863
7591,1.331468463,1.793652892,2.59609437
7592,1.331447244,1.793663383,2.596414328
7593,1.331427693,1.793681622,2.596762657
7594,1.3314116,1.793701887,2.597100258
7595,1.331398249,1.793733716,2.597432852
7596,1.331382632,1.793752193,2.597794056
7599,1.33133173,1.793830752,2.598838806
7601,1.331224561,1.793883204,2.599565983
7602,1.331178427,1.793908596,2.599923372
7603,1.331133366,1.79393816,2.6002841
7608,1.330942988,1.794098377,2.602139711
7612,1.330857873,1.794223547,2.603537798
7615,1.330808163,1.794314027,2.604581833
7621,1.330691457,1.794493079,2.60671854
7624,1.330632925,1.794543386,2.607746601
7625,1.33061564,1.794559121,2.608096838
7630,1.330545902,1.794668436,2.609914541
7633,1.330510378,1.794679761,2.6110394
7638,1.33039856,1.794577479,2.61286974
7640,1.330354691,1.794577003,2.613604784
7641,1.330334783,1.794397593,2.614006758
7650,1.330175638,1.793488264,2.617537737
7655,1.330030322,1.793378711,2.619618893
7656,1.330007792,1.793378711,2.620023012
7658,1.329962611,1.793390155,2.620746374
7664,1.329836249,1.793500781,2.622742653
7665,1.329812884,1.793525934,2.623076439
7667,1.329765797,1.793588877,2.623720169
7669,1.329719543,1.793661475,2.624373674
7671,1.329683661,1.793691397,2.625046968
7672,1.329669833,1.793710113,2.625384808
7676,1.329615355,1.793832302,2.626827955
7679,1.329585433,1.79395175,2.62795496
7681,1.329563379,1.79404521,2.628680944
7682,1.329554915,1.79409194,2.62901783
7685,1.329537868,1.794210672,2.630021095
7689,1.329523683,1.794371009,2.631326199
7692,1.329522491,1.794487834,2.632300138
7693,1.329522848,1.794519186,2.632684708
7697,1.329492688,1.794672132,2.634150505
7708,1.329434633,1.79496038,2.637697458
7709,1.329425216,1.794978023,2.638035774
7711,1.329409838,1.79500103,2.638809919
7713,1.329396129,1.795020819,2.639560699
7714,1.329389453,1.795039773,2.63991785
7716,1.329367876,1.795095921,2.640606642
7718,1.329334259,1.795150757,2.641304493
7721,1.329295874,1.795243025,2.642324209
7723,1.329278708,1.795202136,2.643041849
7725,1.329262257,1.795184016,2.643761635
7726,1.329251409,1.795182943,2.644138575
7727,1.329241991,1.795186281,2.64449048
7728,1.329235077,1.795190454,2.644853115
7729,1.329229593,1.795197845,2.645257235
7732,1.329159141,1.795235991,2.646467447
7734,1.329110503,1.79526186,2.647257566
7738,1.328953505,1.795288801,2.648834467
7741,1.328871012,1.795311451,2.649977922
7742,1.328849077,1.795321465,2.650364161
7744,1.328813791,1.795359135,2.651079893
7747,1.328717113,1.795352817,2.652103662
7748,1.328675389,1.795350313,2.652441025
7750,1.328588724,1.795351624,2.653125048
7751,1.328547359,1.795350194,2.653476715
7752,1.328506589,1.795351744,2.653822422
7759,1.328228235,1.79534328,2.656372786
7761,1.328184128,1.795300961,2.657169342
7771,1.328051686,1.79532063,2.660876751
7776,1.327724695,1.795428753,2.662623644
7782,1.327209234,1.795654893,2.66463542
7790,1.326813221,1.79602921,2.667658329
7800,1.326563835,1.796335459,2.671801567
7801,1.326550126,1.796318173,2.672232389
7802,1.326512456,1.79630661,2.672677994
7803,1.326461077,1.796302199,2.673122406
7806,1.326336026,1.796316862,2.67439127
7807,1.326303244,1.796334505,2.674814939
7808,1.326274514,1.796357751,2.675213337
7809,1.326241255,1.796387911,2.675591946
7811,1.326185822,1.796454906,2.676300287
7813,1.326140761,1.796527743,2.676986217
7815,1.326092362,1.796602607,2.677678823
7819,1.326000214,1.796751738,2.679000854
7824,1.325822592,1.796301603,2.680576801
7825,1.325788975,1.796257615,2.68089962
7828,1.325706601,1.796157956,2.681966305
7830,1.325662136,1.796096563,2.682735443
7834,1.325594544,1.79609108,2.684222221
7841,1.325460911,1.796163917,2.686546803
7842,1.325445652,1.796180487,2.686901331
7843,1.325432062,1.796198606,2.687241793
7845,1.325397372,1.796248794,2.687982082
7848,1.325358748,1.796341181,2.689172506
7850,1.32534039,1.796419263,2.689886093
7851,1.325332046,1.796465158,2.690224886
7853,1.32531023,1.796552181,2.690915585
7856,1.325279951,1.796674967,2.691970587
7858,1.325268865,1.796755791,2.692686558
7859,1.325264096,1.796798944,2.693044662
7860,1.325260282,1.796843767,2.693382263
7862,1.325251579,1.796925783,2.694026947
7865,1.325244188,1.797055125,2.695017576
7868,1.325242043,1.797178984,2.695973158
7869,1.325234294,1.797220707,2.696315765
7871,1.3252244,1.797296643,2.696991444
7872,1.325221777,1.797340393,2.697335482
7874,1.325216293,1.797430515,2.698032618
7877,1.325174928,1.797547579,2.69926548
7878,1.325157523,1.797574759,2.699687243
7880,1.32513392,1.797636032,2.700511217
7883,1.325103045,1.797759652,2.701771021
7886,1.324999332,1.797858119,2.703056812
7888,1.324922323,1.797130108,2.703925848
7891,1.324822426,1.796320796,2.705201626
7893,1.324741721,1.795924783,2.706053734
7894,1.324708223,1.795742273,2.706483603
7902,1.324395776,1.794987917,2.710060596
7903,1.32434535,1.794853687,2.710523605
7905,1.32425344,1.794626594,2.711462498
7911,1.323999047,1.79413414,2.714267254
7913,1.32391417,1.79402113,2.715158224
7915,1.323845148,1.793956518,2.716058016
7918,1.323765755,1.793928981,2.717361212
7920,1.323722959,1.793933392,2.718142986
7925,1.323598862,1.793996453,2.720215797
7926,1.323572755,1.794015408,2.7206707
7927,1.323547125,1.794036984,2.721108437
7930,1.323462605,1.794124365,2.72231698
7933,1.323171616,1.794238925,2.723558664
7935,1.322942138,1.794337273,2.724393845
7936,1.322843909,1.794388533,2.7248106
7937,1.322754025,1.794440746,2.72521615
7938,1.322674274,1.794489384,2.725631714
7939,1.322596192,1.794540882,2.726025581
7940,1.322520494,1.794592023,2.726441383
7947,1.321956754,1.794882417,2.729320765
7948,1.321891546,1.794927955,2.729720354
7950,1.3217839,1.795033336,2.730518818
7955,1.321578264,1.795316339,2.731170416
7959,1.321485877,1.795378327,2.731722832
7962,1.32139051,1.795450807,2.732448578
7963,1.3213588,1.795478106,2.73269701
7967,1.321265697,1.795600176,2.733907461
7972,1.321151495,1.795818686,2.735622406
7973,1.321132898,1.795867682,2.735987425
7975,1.321074247,1.795970917,2.736722946
7980,1.320931792,1.796216965,2.738482475
7984,1.320589185,1.79641819,2.739928722
7986,1.320425391,1.796495318,2.740702391
7990,1.320163965,1.796662211,2.742180347
7992,1.320065618,1.796733141,2.742925167
7997,1.319901705,1.796896219,2.744656563
7998,1.31987679,1.796904564,2.744999409
8000,1.319831491,1.796935081,2.74571085
8001,1.319814086,1.796957612,2.746075153
8005,1.319766402,1.797053337,2.747521639
8013,1.319624782,1.797186255,2.747859001
8015,1.319563508,1.797266006,2.744650841
8019,1.319467902,1.797443986,2.740122318
8020,1.319446683,1.797495246,2.739295483
8026,1.319371462,1.797782421,2.736181021
8027,1.319363594,1.797822475,2.735926151
8028,1.319351912,1.79786396,2.735707521
8033,1.319282174,1.798090935,2.735246658
8034,1.319270015,1.798132896,2.735241652
8037,1.3192451,1.798263669,2.735354185
8039,1.319227576,1.798351049,2.735518456
8040,1.319218397,1.798398733,2.735622883
8041,1.319208026,1.798428893,2.735730886
8042,1.319199443,1.798457503,2.735854864
8044,1.319145679,1.798535466,2.736155033
8045,1.319103718,1.798578858,2.73635006
8048,1.319010019,1.798714161,2.736991644
8050,1.318931222,1.798817277,2.737080336
8052,1.318834901,1.798924208,2.737216949
8053,1.318790436,1.798976898,2.737301588
8054,1.318750381,1.799027562,2.737395525
8056,1.318671346,1.799127698,2.737621307
8062,1.318458796,1.799443603,2.738776207
8067,1.318307161,1.799552321,2.739927053
8069,1.318236589,1.799474001,2.740504742
8071,1.318184018,1.799446344,2.741140604
8072,1.318161249,1.79944396,2.741442919
8076,1.31806004,1.799432755,2.742627859
8078,1.318016887,1.799294233,2.743168831
8079,1.317998767,1.799241185,2.743423462
8080,1.31798327,1.799183369,2.743682384
8083,1.317947388,1.798933387,2.744454145
8084,1.317937016,1.798871517,2.744708061
8093,1.317872524,1.798681974,2.747237682
8094,1.317865968,1.798689246,2.747532129
8095,1.317860603,1.798705459,2.747828722
8101,1.317835093,1.798950434,2.749524355
8103,1.317782283,1.799058795,2.75001812
8106,1.317706108,1.799225807,2.750705719
8107,1.317685843,1.799280405,2.750923395
8110,1.317592978,1.799364924,2.751636744
8112,1.317522883,1.799401164,2.752132177
8113,1.317494273,1.799419284,2.752381563
8118,1.317385912,1.799375772,2.753604889
8121,1.31733644,1.799352884,2.754372597
8124,1.317245841,1.799379945,2.755252123
8127,1.317152977,1.799418807,2.756196022
8131,1.317028522,1.799510956,2.757398605
8132,1.31700635,1.799527168,2.757683754
8134,1.316966772,1.799584985,2.758224487
8135,1.316947103,1.799610138,2.758478642
8140,1.316853523,1.799767375,2.759831667
8142,1.316794991,1.799841523,2.760360479
8144,1.316750169,1.799937725,2.760853291
8145,1.316732407,1.799974918,2.761087179
8148,1.316698432,1.800093412,2.761858702
8151,1.316677809,1.800216317,2.762696266
8155,1.31664443,1.800284505,2.76381731
8159,1.316619039,1.800411582,2.764849424
8160,1.316614747,1.800448775,2.76503706
8163,1.316609621,1.800547481,2.765589952
8165,1.316609263,1.800613046,2.765957594
8166,1.316610932,1.800647259,2.766138792
8167,1.316614866,1.800673246,2.766331196
8171,1.316610694,1.80066967,2.767273903
8173,1.316600323,1.800671816,2.767750502
8177,1.316567063,1.800740719,2.768793106
8181,1.316540122,1.800898194,2.769819498
8183,1.316527128,1.800987959,2.770279408
8186,1.316513181,1.800587535,2.770943642
8187,1.316508293,1.800167084,2.771146536
8198,1.316483259,1.797395706,2.773386002
8201,1.316495538,1.797124386,2.77402854
8209,1.316490054,1.796017647,2.775862455
8211,1.31648159,1.795871973,2.776284218
8212,1.316477656,1.795819998,2.776511431
8216,1.316469908,1.795735598,2.77747941
8217,1.316471577,1.795729041,2.777697563
8218,1.316473961,1.795729995,2.777928114
8222,1.316457391,1.795763373,2.778884172
8223,1.316442013,1.795777202,2.77913785
8224,1.316430092,1.795796156,2.779376507
8225,1.316421866,1.79581511,2.7796278
8231,1.316398025,1.795935154,2.781093836
8233,1.316374779,1.795997024,2.781544447
8234,1.316359043,1.796030641,2.781774044
8239,1.316309452,1.79611671,2.782945395
8240,1.316302061,1.796135306,2.783195019
8241,1.316296458,1.796094894,2.783446789
8247,1.316192865,1.796082258,2.785050154
8248,1.316165447,1.7961092,2.785320282
8249,1.316141486,1.796118021,2.785250902
8251,1.316078901,1.796130061,2.785226107
8256,1.315909386,1.796152711,2.785575151
8257,1.315876722,1.796161532,2.785682678
8258,1.315848112,1.796184301,2.785810232
8261,1.31578052,1.796254158,2.786223412
8272,1.315544248,1.796561718,2.787907362
8273,1.315516829,1.796602726,2.788079262
8275,1.315469027,1.796686053,2.788488865
8283,1.315339684,1.7970016,2.79052496
8284,1.315328002,1.797055125,2.790803671
8286,1.315311074,1.797152638,2.791341305
8287,1.31530261,1.797204018,2.791603327
8290,1.315283298,1.797351718,2.792568684
8291,1.315268993,1.797390938,2.792917252
8292,1.315257072,1.797427058,2.793246746
8295,1.315217733,1.797483563,2.794209719
8299,1.315178514,1.797593117,2.795555353
8302,1.315154552,1.797646046,2.796539783
8303,1.315140009,1.79766798,2.796876669
8306,1.315112591,1.797737598,2.797835588
8307,1.315106511,1.797766328,2.798141241
8314,1.315046787,1.798048735,2.800338984
8316,1.315023541,1.798154712,2.800954819
8319,1.314990759,1.79833591,2.801896811
8320,1.314979315,1.798397541,2.80224371
8322,1.314964175,1.798522592,2.802927732
8326,1.314943433,1.798756599,2.804169178
8328,1.314923167,1.798866272,2.80474472
8329,1.314916849,1.798918247,2.805016041
8331,1.314909339,1.799017668,2.805560589
8332,1.314908743,1.799068809,2.805834532
8338,1.314876914,1.799208641,2.80748868
8342,1.314809799,1.799311757,2.808486938
8345,1.314766765,1.799345136,2.809278488
8346,1.314755201,1.799372196,2.809529781
8347,1.314746261,1.799401641,2.809716225
8350,1.314707994,1.799462676,2.810323954
8351,1.3146981,1.799474597,2.81054163
8353,1.314685225,1.799500227,2.811024189
8356,1.314664602,1.799557686,2.811863422
8359,1.314656973,1.799648523,2.812636852
8363,1.314634919,1.799746513,2.813624382
8366,1.314606309,1.799801588,2.814269781
8367,1.314602375,1.799836755,2.814500809
8369,1.314579964,1.799916267,2.814978361
8370,1.314562082,1.799963117,2.815215588
8374,1.314490199,1.800163746,2.815983772
8375,1.314466238,1.800216079,2.816217184
8376,1.314445257,1.800266385,2.816432953
8377,1.314411044,1.800323606,2.816648006
8379,1.314335823,1.800436616,2.817141771
8380,1.314306021,1.800499201,2.817389727
8382,1.314241886,1.800628304,2.817848921
8383,1.314213634,1.800691605,2.818060875
8385,1.314151883,1.800710678,2.818497896
8386,1.31411469,1.800739169,2.818738222
8392,1.313940644,1.800959468,2.82028532
8393,1.313918471,1.801014781,2.820015669
8395,1.313879848,1.801126719,2.819671392
8397,1.313853383,1.801215768,2.819457054
8401,1.313779116,1.801323295,2.819386005
8402,1.313760161,1.80135262,2.819452524
8403,1.313745618,1.801388264,2.819547653
8408,1.313692212,1.801629066,2.819433928
8409,1.313686848,1.801679373,2.819426298
8410,1.313685417,1.801738501,2.819443464
8411,1.313686371,1.801805735,2.819489479
8413,1.313694119,1.801935434,2.819604158
8418,1.313713312,1.802016616,2.820190668
8426,1.313574195,1.801619649,2.821528912
8427,1.313524723,1.801609993,2.821694851
8429,1.313442469,1.801598668,2.822065115
8431,1.3133744,1.801602006,2.822436333
8432,1.313348293,1.801611304,2.822612762
8433,1.31332314,1.801636696,2.822799444
8435,1.313274264,1.801702738,2.823203087
8438,1.313225627,1.80183506,2.823817253
8439,1.313214064,1.801881671,2.824023962
8440,1.313202381,1.801928997,2.824228525
8445,1.313167095,1.802191734,2.825288296
8449,1.31317234,1.802321553,2.825903416
8450,1.313176632,1.802358031,2.825912237
8451,1.313180208,1.802398324,2.825930834
8452,1.313183308,1.802443743,2.825980663
8454,1.313125372,1.802535415,2.826164484
8456,1.313082457,1.802572608,2.82638669
8461,1.31298244,1.802549481,2.827070713
8462,1.312963724,1.802564144,2.827226877
8467,1.312896967,1.802708864,2.814893961
8468,1.312887311,1.802754283,2.813122749
8475,1.312829494,1.80308342,2.804935217
8481,1.312775373,1.80341053,2.801656961
8482,1.312767386,1.803462744,2.801301003
8485,1.312749982,1.803603292,2.800459862
8486,1.312745214,1.803643346,2.800238609
8489,1.312736034,1.803773999,2.799747229
8493,1.312739491,1.803956151,2.79937315
8494,1.312737465,1.803991437,2.799288273
8495,1.312734962,1.804028988,2.799220085
8496,1.312733889,1.804067969,2.799160004
8499,1.312731981,1.804192305,2.799050093
8502,1.31267488,1.804330587,2.79902935
8503,1.312653422,1.804375768,2.799036503
8504,1.31263113,1.804418206,2.79904604
8505,1.312612653,1.80446434,2.799055338
8506,1.312597156,1.804516196,2.799073458
8507,1.312583804,1.804567099,2.799099445
8513,1.312388301,1.804637909,2.799311399
8516,1.312276006,1.804715514,2.799429417
8521,1.312146306,1.804938197,2.799649954
8524,1.312088132,1.805075407,2.799803734
8525,1.312074065,1.805118799,2.799858809
8528,1.312050462,1.805214643,2.800017357
8533,1.311921835,1.80526793,2.800312519
8535,1.311824679,1.805296421,2.800437689
8538,1.311701894,1.805281997,2.800622463
8539,1.311663151,1.805258989,2.800686598
8540,1.311629891,1.805251598,2.800753355
8543,1.311528444,1.805227995,2.800968647
8545,1.311478376,1.805231452,2.801103354
8546,1.311459541,1.805247545,2.801168203
8553,1.311326981,1.805205464,2.801576853
8556,1.311303258,1.805224419,2.801752329
8557,1.311298728,1.805230021,2.801809072
8567,1.311252713,1.804344535,2.802426815
8572,1.31116724,1.804094195,2.802686214
8573,1.311140656,1.80405426,2.802730083
8576,1.311056972,1.803970695,2.80287385
8577,1.311035872,1.803935289,2.80292654
8579,1.311004281,1.803907037,2.803030968
8581,1.310943842,1.803928733,2.803133726
8584,1.310880184,1.803952456,2.803308249
8585,1.310862541,1.803964853,2.803366899
8587,1.31083405,1.803969264,2.803480148
8588,1.310821176,1.803974032,2.803538799
8592,1.310779929,1.804060817,2.803785801
8593,1.310769439,1.804100394,2.803854227
8594,1.310761809,1.804127336,2.803921938
8596,1.310744166,1.804192305,2.804068804
8598,1.310731888,1.804225326,2.804211617
8599,1.310720682,1.804249763,2.804281473
8601,1.310707211,1.804314137,2.804425478
8604,1.310680151,1.804365873,2.80465889
8605,1.31067276,1.804357648,2.804728508
8607,1.310660124,1.804355621,2.804863453
8609,1.310651064,1.804368019,2.804990768
8610,1.310647964,1.804368138,2.805060625
8611,1.310647845,1.804368258,2.805119514
8612,1.310649276,1.80429244,2.805180788
8614,1.310647845,1.804184556,2.805314302
8615,1.310568929,1.804109931,2.805380106
8618,1.310382962,1.803726792,2.805583239
8620,1.310274363,1.803555965,2.805727959
8623,1.31012702,1.803373218,2.805946112
8625,1.310054302,1.803313017,2.806103468
8628,1.309949756,1.803283691,2.806312799
8629,1.309916139,1.803287029,2.806373358
8633,1.309822559,1.803332686,2.806617022
8634,1.309807658,1.803366542,2.806673288
8638,1.309760928,1.80354023,2.806914091
8639,1.30975616,1.803599954,2.80697608
8641,1.30974865,1.80369556,2.80710125
8643,1.309523582,1.803772807,2.807212591
8646,1.309276819,1.803834081,2.807375908
8650,1.30905664,1.803907633,2.807607174
8652,1.308972478,1.803961992,2.807720423
8654,1.308906436,1.803894639,2.807846308
8658,1.308810353,1.803879738,2.808102369
8659,1.308793545,1.803874612,2.808158398
8662,1.308750629,1.803836703,2.808314323
8663,1.308739066,1.803821802,2.808371305
8665,1.308721423,1.803806067,2.808496237
8666,1.308714509,1.803809643,2.808560371
8668,1.308694124,1.80384481,2.808668852
8670,1.308674693,1.803737402,2.808776855
8673,1.308530569,1.803655982,2.808765173
8677,1.308414817,1.803671598,2.808452845
8683,1.308340907,1.803422928,2.808277845
8685,1.308329344,1.803357601,2.808282852
8686,1.308325768,1.803332686,2.808296442
8687,1.308310509,1.803313136,2.808314323
8688,1.30828023,1.80330193,2.808335066
8689,1.308252811,1.803289294,2.808357477
8690,1.308231115,1.803271532,2.808381796
8693,1.308180213,1.803247333,2.80845046
8696,1.308132052,1.802620053,2.808017969
8699,1.308092356,1.801894665,2.807518482
8709,1.308089137,1.800367594,2.806727648
8711,1.308091164,1.800300837,2.806619167
8716,1.308086395,1.800248861,2.80654192
8723,1.308105469,1.800370336,2.806484461
8724,1.308106303,1.800391674,2.806481838
8729,1.308107972,1.800396085,2.806435585
8730,1.308094978,1.800396919,2.806448221
8733,1.308056831,1.800436378,2.806479454
8737,1.308029413,1.800504446,2.806592464
8739,1.308010221,1.800564408,2.806679249
8740,1.308006525,1.800609231,2.806729794
8742,1.308003664,1.800725937,2.806846142
8743,1.308004618,1.800788641,2.806904316
8744,1.308000445,1.800854206,2.806961298
8745,1.307997942,1.800920129,2.807020664
8747,1.307990789,1.801057816,2.80714035
8750,1.307979703,1.801253676,2.807325602
8751,1.30794847,1.801311135,2.807386637
8752,1.307922244,1.80136621,2.807448149
8754,1.307880044,1.801481962,2.807572842
8756,1.307852626,1.801588535,2.807694197
8758,1.307795644,1.801697731,2.807821274
8759,1.3077631,1.801763535,2.807883978
8760,1.307735801,1.801810265,2.807947159
8764,1.30766809,1.802018404,2.808201551
8766,1.307641745,1.801837087,2.808326721
8768,1.307606816,1.801645279,2.808442831
8770,1.307569504,1.801488161,2.808561325
8774,1.307477593,1.80057013,2.80879879
8775,1.307455897,1.800348639,2.808861017
8776,1.30743742,1.800133109,2.808924437
8777,1.307422996,1.799951553,2.808969498
8778,1.307411671,1.799798369,2.809018135
8779,1.307403088,1.799664378,2.809076071
8780,1.307397366,1.799548626,2.809119463
8781,1.307391405,1.799427867,2.809160471
8783,1.307384253,1.799184442,2.809248686
8784,1.30738306,1.79909265,2.80929327
8786,1.307388186,1.798954129,2.809395075
8793,1.307402253,1.798820138,2.80977726
8799,1.307370782,1.799033165,2.809869766
8801,1.307360888,1.7991395,2.809947491
8804,1.307347536,1.799333572,2.810001373
8808,1.30734098,1.799617171,2.810109615
8810,1.307344079,1.799777627,2.810194969
8813,1.307352543,1.799969673,2.810344458
8821,1.30735898,1.800569057,2.810754061
8822,1.307361603,1.800610542,2.810818195
8824,1.307335377,1.800715804,2.810947657
8825,1.307326794,1.800783992,2.811010599
8828,1.307292938,1.800870776,2.811031818
8831,1.30726552,1.800991178,2.810775518
8833,1.307261109,1.801079512,2.810683012
8834,1.30726409,1.801126003,2.810655832
8836,1.307267785,1.801217675,2.810635328
8839,1.30727458,1.801397443,2.810651541
8840,1.307278514,1.801457763,2.810602427
8842,1.307289839,1.801609397,2.810417175
8843,1.307293653,1.801697373,2.810292959
8845,1.307287931,1.801886678,2.810052156
8846,1.307279348,1.801979661,2.80995822
8848,1.307267785,1.80216217,2.809792519
8850,1.307261586,1.80233717,2.809678316
8859,1.307118654,1.802985311,2.809545994
8860,1.307081342,1.803046942,2.809555531
8863,1.307002187,1.80317533,2.809620142
8865,1.306931734,1.803294182,2.809675217
8867,1.306882501,1.803449869,2.809743166
8870,1.306830645,1.803670168,2.8098526
8871,1.306819797,1.803746581,2.809893847
8872,1.306813121,1.803831339,2.809940577
8873,1.306807876,1.803914428,2.809994459
8878,1.306801915,1.804323435,2.807420015
8880,1.306805611,1.804478765,2.806746721
8881,1.306806803,1.804559827,2.80647254
8887,1.30685246,1.805023432,2.8054564
8888,1.306848645,1.805089593,2.805365324
8889,1.306846142,1.805155873,2.805285692
8891,1.306831121,1.805300713,2.805176735
8893,1.306800127,1.80546844,2.805111408
8895,1.306770682,1.805619478,2.805095434
8897,1.306744456,1.80574584,2.805101395
8899,1.306719303,1.805750847,2.805135489
8902,1.306697607,1.805793405,2.8052423
8903,1.306693435,1.805738807,2.805284977
8904,1.306694269,1.805696487,2.805326223
8905,1.306697249,1.805668831,2.805368662
8907,1.306699753,1.805640936,2.805463076
8909,1.306700468,1.805653214,2.805563927
8914,1.30622077,1.805811882,2.80582881
8918,1.305771351,1.805982232,2.806040287
8920,1.305571437,1.806088209,2.806144238
8922,1.305410504,1.806223631,2.806255817
8924,1.305284977,1.806377411,2.806367397
8927,1.30507338,1.806629181,2.806509495
8929,1.304917812,1.806804776,2.806605816
8930,1.304787636,1.806886911,2.806663275
8931,1.304668546,1.806961417,2.806718349
8933,1.304475307,1.807047367,2.806825876
8935,1.304326773,1.807146311,2.806941509
8941,1.304045081,1.807202339,2.807295084
8942,1.304017782,1.807222009,2.807356119
8943,1.303986669,1.807241082,2.807412863
8944,1.30395782,1.807250857,2.807477474
8947,1.30390048,1.807112694,2.807685137
8948,1.303888679,1.806959987,2.807757139
8951,1.30386126,1.806643844,2.807962894
8952,1.30379951,1.806573033,2.808033466
8953,1.3037467,1.806506515,2.8081007
8954,1.303699374,1.806458712,2.808164835
8956,1.303609371,1.806287766,2.808302402
8960,1.303482175,1.806167841,2.808592796
8961,1.303459406,1.806156993,2.808665037
8963,1.303345561,1.806150913,2.808823347
8965,1.30325377,1.806133032,2.808981419
8966,1.303218126,1.806124926,2.80905962
8968,1.303162813,1.806117654,2.809229851
8970,1.303118825,1.806107402,2.809126616
8971,1.303102374,1.806092858,2.80909586
8976,1.303053975,1.805936933,2.809017658
8978,1.302818537,1.805761218,2.80903101
8984,1.302368402,1.804946661,2.809183359
8985,1.302314281,1.804825425,2.809220076
8986,1.302267909,1.804731965,2.809262037
8988,1.302192807,1.804579616,2.807910442
8989,1.302164078,1.804507613,2.807228565
8991,1.302121162,1.80439651,2.80609107
8999,1.302056193,1.804032087,2.803556204
9000,1.302034259,1.803893566,2.803395987
9001,1.302015066,1.803777099,2.803263903
9003,1.30198729,1.803610206,2.803069353
9008,1.301927567,1.803502321,2.802823067
9010,1.301905751,1.803554058,2.802791357
9012,1.301898837,1.803573132,2.802785158
9013,1.301888227,1.803594828,2.802787542
9019,1.301853538,1.803886056,2.798000813
9020,1.30185163,1.8039428,2.797476292
9023,1.30185616,1.804166198,2.796218157
9027,1.30186677,1.804520369,2.795154095
9028,1.301860094,1.804611802,2.794969559
9032,1.301835418,1.804929614,2.794437408
9035,1.301830411,1.805163026,2.794207811
9036,1.301829576,1.805243611,2.794164658
9040,1.301796913,1.805514097,2.794081926
9043,1.301780701,1.805720448,2.794091225
9051,1.301796079,1.806392431,2.794292927
9064,1.30171442,1.807375193,2.794970512
9065,1.301701546,1.807468653,2.79504323
9066,1.301691413,1.80756259,2.795122385
9070,1.301663637,1.807991505,2.795412302
9071,1.301659703,1.808089137,2.795474052
9077,1.301680088,1.808665752,2.795800447
9085,1.301650047,1.809453607,2.79614687
9096,1.301634789,1.810554028,2.796667576
9098,1.301632762,1.810752153,2.796763182
9100,1.301630139,1.810749769,2.796842575
9101,1.301627994,1.810672641,2.796885252
9102,1.301626682,1.810608387,2.796929359
9103,1.301627636,1.810561419,2.796977758
9107,1.301650405,1.810516,2.792692184
9108,1.301656365,1.810534358,2.790823698
9111,1.301681995,1.810642719,2.786293983
9112,1.301692128,1.810693741,2.785084009
9113,1.301703572,1.810750484,2.78399682
9115,1.301728368,1.81087029,2.782145023
9116,1.301742435,1.810926795,2.781367064
9124,1.301864147,1.811466455,2.777463436
9125,1.30186522,1.811516285,2.777178526
9126,1.301864147,1.811569214,2.776928425
9128,1.301862121,1.811695099,2.776507378
9130,1.301839948,1.811306834,2.776107311
9137,1.301617622,1.810571909,2.775333643
9142,1.301210165,1.810471058,2.775034666
9151,1.300688744,1.810723543,2.774928331
9152,1.300663114,1.810767293,2.77494359
9153,1.300643563,1.810813189,2.774962425
9154,1.300624132,1.810710907,2.774983168
9155,1.300607443,1.810635448,2.775005102
9156,1.300593615,1.810587764,2.775027037
9158,1.300556183,1.810402393,2.775079727
9159,1.300544381,1.810314178,2.775108576
9160,1.300536156,1.810238004,2.775139332
9161,1.300531149,1.810157537,2.775179386
9162,1.300528407,1.810103297,2.775220156
9163,1.30052793,1.81006372,2.77526474
9173,1.300544024,1.80941546,2.775752544
9174,1.300549507,1.809371114,2.775806904
9176,1.300521255,1.809254289,2.775910139
9181,1.300444841,1.808995008,2.776183605
9186,1.300366879,1.808975577,2.776420593
9188,1.300351858,1.808849216,2.776498318
9192,1.30033052,1.808679342,2.776658535
9195,1.300324678,1.808651209,2.776777506
9197,1.300308347,1.808676958,2.776861668
9199,1.300303102,1.808712363,2.776956558
9208,1.299937844,1.805930376,2.777432919
9209,1.299908519,1.803880334,2.777487993
9210,1.299885511,1.80204165,2.777540684
9213,1.299785495,1.797580004,2.777697325
9214,1.29975009,1.796371698,2.777753115
9221,1.299616933,1.790637374,2.778095961
9223,1.299615622,1.789650321,2.778176308
9224,1.29961884,1.789244533,2.778218985
9233,1.299522042,1.787284613,2.778645992
9235,1.299509287,1.78712213,2.77875638
9236,1.29950881,1.787043929,2.778814793
9238,1.299515128,1.786928058,2.778921127
9239,1.299514532,1.786896706,2.778972864
9240,1.299516916,1.786870122,2.779024363
9241,1.299521804,1.786859035,2.77907443
9242,1.299525738,1.786852479,2.779129982
9249,1.299592257,1.787075639,2.77947402
9251,1.299611211,1.787192822,2.77956295
9253,1.29962647,1.787304997,2.779645205
9255,1.299643993,1.78742528,2.779734135
9258,1.29967761,1.787589312,2.779817343
9261,1.299718261,1.787652016,2.779851913
9262,1.299726248,1.787670135,2.779868364
9268,1.299742579,1.787862659,2.780050755
9273,1.299673319,1.788092613,2.780221224
9279,1.299619913,1.788467765,2.780496597
9280,1.299605489,1.788531661,2.780544281
9281,1.299592733,1.788605094,2.780593395
9283,1.299580455,1.788745642,2.7806952
9285,1.299564362,1.788879871,2.780797958
9286,1.299555302,1.788947821,2.780850172
9288,1.299539804,1.789083838,2.780948877
9291,1.299539804,1.789147019,2.781096935
9292,1.299543262,1.789181828,2.781143665
9299,1.299565315,1.789509177,2.781435966
9306,1.299527884,1.789941311,2.781754732
9308,1.299468517,1.790062428,2.781855583
9309,1.299444914,1.79012382,2.781908751
9315,1.299248815,1.790412188,2.782241821
9319,1.299031615,1.790634513,2.782436132
9323,1.298901558,1.790917039,2.782589912
9324,1.298882127,1.790990472,2.782610416
9325,1.298854232,1.791061401,2.782637358
9329,1.298770308,1.791342497,2.782771587
9330,1.298758149,1.791404486,2.782807827
9332,1.298741937,1.791546822,2.782876253
9337,1.298750877,1.791874528,2.783070326
9339,1.298752904,1.791988611,2.783158779
9340,1.298753381,1.792050838,2.783183813
9346,1.298766732,1.792473197,2.783217669
9348,1.298769712,1.792622328,2.783006668
9349,1.298771501,1.792695999,2.782928705
9351,1.298701525,1.792835236,2.782808542
9352,1.298674703,1.792899132,2.782768488
9355,1.298618317,1.793114781,2.782696247
9356,1.298607707,1.793176413,2.782692432
9357,1.298597097,1.79323411,2.782702446
9359,1.298538685,1.793239236,2.782729387
9360,1.29851222,1.793232441,2.78274703
9362,1.298462868,1.793251276,2.782795429
9363,1.298436165,1.793262839,2.782828093
9365,1.298398614,1.793314338,2.782897472
9369,1.298326373,1.793483138,2.783030748
9370,1.298280835,1.793537021,2.783056021
9380,1.297867179,1.794088244,2.783446312
9384,1.297788382,1.794301152,2.783673525
9385,1.297777414,1.794360995,2.783693314
9386,1.297772169,1.794420362,2.78371501
9388,1.29777348,1.79454565,2.783784866
9390,1.297780633,1.794684172,2.783866882
9392,1.297778487,1.794832826,2.783951521
9393,1.297783852,1.794908404,2.783991098
9395,1.297794223,1.795065284,2.784079313
9397,1.297788262,1.795239329,2.784177542
9401,1.297791839,1.795609713,2.784400225
9402,1.297797441,1.79570353,2.784454346
9403,1.297807693,1.795765162,2.784507036
9411,1.29781127,1.79579401,2.784600258
9413,1.297803521,1.795633912,2.784444571
9415,1.297804952,1.795526624,2.784338713
9416,1.297807574,1.795484185,2.784302235
9417,1.297811985,1.795453906,2.784281015
9419,1.297819257,1.795418143,2.784272194
9421,1.297835231,1.795399189,2.784288168
9422,1.297844291,1.795400023,2.784303904
9423,1.297854304,1.795410275,2.784325361
9424,1.297865272,1.795422554,2.784348965
9426,1.297892928,1.795439005,2.784410477
9430,1.297914147,1.795530081,2.784538031
9431,1.297918916,1.795560598,2.784572124
9435,1.297952175,1.795723677,2.784730911
9436,1.297962427,1.795780897,2.78478241
9440,1.297936797,1.795853376,2.784968615
9443,1.297891021,1.795918822,2.785105705
9448,1.297840357,1.796093345,2.78520298
9450,1.297800779,1.796202183,2.785265446
9454,1.297737002,1.796498537,2.78541398
9456,1.297717214,1.796658635,2.785496473
9458,1.297709584,1.796802163,2.785596132
9459,1.297698855,1.796867251,2.785585165
9464,1.297594786,1.797279596,2.785629511
9469,1.297424674,1.797343493,2.785784006
9476,1.297227025,1.797396064,2.78609848
9479,1.297159791,1.797011495,2.786234856
9481,1.297121525,1.796798348,2.786337376
9482,1.297090769,1.796715021,2.786388874
9489,1.296958447,1.796432376,2.786767721
9492,1.296900153,1.796455503,2.786925077
9497,1.296803713,1.796612859,2.787194252
9498,1.296794415,1.796660662,2.787251234
9500,1.29676795,1.796771526,2.787365675
9502,1.296749234,1.796898723,2.787472486
9504,1.296744704,1.797032118,2.787575722
9505,1.296748161,1.797105312,2.787624598
9507,1.296762228,1.797213078,2.78772831
9513,1.296727061,1.797518611,2.788057804
9514,1.296697736,1.797590137,2.788109541
9516,1.29665041,1.797739267,2.788220406
9521,1.296591043,1.798161745,2.788453102
9523,1.296582341,1.798343062,2.788532019
9530,1.296522379,1.798829913,2.788724661
9531,1.296507239,1.798898816,2.788756847
9532,1.296495676,1.798953176,2.788788557
9533,1.296488523,1.799010754,2.788823128
9534,1.296480298,1.799072504,2.788857698
9537,1.296476722,1.799273372,2.788958549
9538,1.296484113,1.79934907,2.788997173
9543,1.296452165,1.799781561,2.789261341
9545,1.296420693,1.799970865,2.789392233
9550,1.296407342,1.800316095,2.789713621
9553,1.29641819,1.800371528,2.789892912
9554,1.296423674,1.800396442,2.789952517
9558,1.29645586,1.800522804,2.79018712
9560,1.296472549,1.800500393,2.790299416
9564,1.296500087,1.80057323,2.789475441
9566,1.296511769,1.800648451,2.789206743
9569,1.296545148,1.800783992,2.788930893
9570,1.296559691,1.800831914,2.788866043
9571,1.296574712,1.800889611,2.788811207
9574,1.296626568,1.801069736,2.788712263
9575,1.296647191,1.801101089,2.78869915
9576,1.296667576,1.801142573,2.788691759
9577,1.296681643,1.801173687,2.788689613
9578,1.296697378,1.801194072,2.788699389
9581,1.296720505,1.801097989,2.788758278
9584,1.296696186,1.800577641,2.788856983
9588,1.296679378,1.798859715,2.789006948
9589,1.29667294,1.798538208,2.789046526
9590,1.29666853,1.798255801,2.789088488
9592,1.296666265,1.797799826,2.789185524
9593,1.296666741,1.797619581,2.789239883
9597,1.296676397,1.796881914,2.789444447
9598,1.296681285,1.796710014,2.789489031
9602,1.296644568,1.796284556,2.789693832
9606,1.296639562,1.796201706,2.789938211
9607,1.296647429,1.796217203,2.789997339
9615,1.296643496,1.796534777,2.790514708
9617,1.296564579,1.796647906,2.790650606
9618,1.296528578,1.796651125,2.790721655
9619,1.296493411,1.796659589,2.790789843
9620,1.296462893,1.796680331,2.790857315
9627,1.296252012,1.796845317,2.79135251
9629,1.296193361,1.796900034,2.791478157
9630,1.29616046,1.796946526,2.791537762
9632,1.296101689,1.797052979,2.791656256
9636,1.296009064,1.797255874,2.791891336
9638,1.295947194,1.797358155,2.792014599
9641,1.295895338,1.797531128,2.792184591
9642,1.295882463,1.797586799,2.7922225
9644,1.29586494,1.797672987,2.792303562
9646,1.295861244,1.79774034,2.792392492
9648,1.295773387,1.797814369,2.792481184
9650,1.295712948,1.797859311,2.792584896
9653,1.2956568,1.797877192,2.792750835
9655,1.295618534,1.797897935,2.792865038
9658,1.295571446,1.798003554,2.793035984
9659,1.295564055,1.798054099,2.793092728
9661,1.29554534,1.798133373,2.793210745
9662,1.295538068,1.798161268,2.793269873
9664,1.295522332,1.798252583,2.793385744
9666,1.295524359,1.798351765,2.793491364
9669,1.295540929,1.798406243,2.793633461
9670,1.295549154,1.798429966,2.793678999
9672,1.295566559,1.798496723,2.79377389
9676,1.295570493,1.798713803,2.793976068
9677,1.295565605,1.798756599,2.794007778
9681,1.295552015,1.798939347,2.794150114
9683,1.295563102,1.799065709,2.794238329
9684,1.295571089,1.79906714,2.794286489
9685,1.295580626,1.799074769,2.794333458
9687,1.295580864,1.799104691,2.794444561
9688,1.295579433,1.799131632,2.794501543
9691,1.295580268,1.799251795,2.794665098
9699,1.295391679,1.799721599,2.79513979
9700,1.295368552,1.799786568,2.795210123
9705,1.2952317,1.800144911,2.795534134
9707,1.295116663,1.800299287,2.795673609
9709,1.295042872,1.80047524,2.795802832
9715,1.294833779,1.800867558,2.796205044
9716,1.294772983,1.800951719,2.796268463
9719,1.294430852,1.800943613,2.796458721
9721,1.294251442,1.800960422,2.796584368
9723,1.294111371,1.800756097,2.7967062
9724,1.29405117,1.800680995,2.796762228
9726,1.293913007,1.800597787,2.796878099
9730,1.293631077,1.800608516,2.797092676
9731,1.2935642,1.800627828,2.797136784
9737,1.293296576,1.800873518,2.796950817
9738,1.293260574,1.80092001,2.796909571
9740,1.293182373,1.800999761,2.796874523
9742,1.293134212,1.80105722,2.796869516
9744,1.293096423,1.801102161,2.796897173
9745,1.293076873,1.801128387,2.796921968
9746,1.293063045,1.801169157,2.79694891
9753,1.293074131,1.801552773,2.797240973
9761,1.293160677,1.801888466,2.794970751
9762,1.293144941,1.801921368,2.794798374
9763,1.293131351,1.801825643,2.794648409
9764,1.293121457,1.80174315,2.794513941
9767,1.293057323,1.801309705,2.794207811
9769,1.293034315,1.801121354,2.794083118
9770,1.29302752,1.801050782,2.794047117
9773,1.293029785,1.80093503,2.793230772
9774,1.293035984,1.800935745,2.793020725
9782,1.293088436,1.801107407,2.792100668
9783,1.293102384,1.801145077,2.792062044
9784,1.293115973,1.801194549,2.792036057
9785,1.293130398,1.801241755,2.792019367
9786,1.293143988,1.801295042,2.792011499
9789,1.293184519,1.801429391,2.792013884
9790,1.293195486,1.801477432,2.79202342
9791,1.293205738,1.801534534,2.792037249
9794,1.293183327,1.801728964,2.79207778
9795,1.293148518,1.801797271,2.79210186
9796,1.29311645,1.80185771,2.792120934
9800,1.293027997,1.802121043,2.792205334
9801,1.293004751,1.802029252,2.792228222
9803,1.292979002,1.801896572,2.792284489
9806,1.29294908,1.801817894,2.792407274
9810,1.292911291,1.801875114,2.792603254
9811,1.292906404,1.801902294,2.792651653
9815,1.292904019,1.802070618,2.792868137
9817,1.292921662,1.802195787,2.792987347
9823,1.292585135,1.80245769,2.793379784
9827,1.292409301,1.802341104,2.793664932
9829,1.29234755,1.802342057,2.793806314
9830,1.292308688,1.802364826,2.793867111
9833,1.292220235,1.80225575,2.794069529
9834,1.292167425,1.802212119,2.794137478
9835,1.292124391,1.802178502,2.794202566
9837,1.292023063,1.802125931,2.794338942
9840,1.291909337,1.802103281,2.794459343
9842,1.291867137,1.802119017,2.794440746
9849,1.291854143,1.802292943,2.79457593
9850,1.291858077,1.80227685,2.794593334
9854,1.29188621,1.802240372,2.794722557
9856,1.291903138,1.802184701,2.794811487
9862,1.291955709,1.802284241,2.795108795
9863,1.291968822,1.802296638,2.795155287
9871,1.292025685,1.802471995,2.795542479
9873,1.292018414,1.802519679,2.795647621
9881,1.292007327,1.802748442,2.795966864
9886,1.291873097,1.802670836,2.79616785
9889,1.291840911,1.802720666,2.796329737
9890,1.29183805,1.802749991,2.796387434
9897,1.291902304,1.803133249,2.796766758
9901,1.291969299,1.803432584,2.796962261
9904,1.292019725,1.803679466,2.797145844
9907,1.292049646,1.803943515,2.797327518
9912,1.292069554,1.804339767,2.797692537
9913,1.292076588,1.804408073,2.797763824
9917,1.292117357,1.804556727,2.798058987
9920,1.292160034,1.804464221,2.798267126
9922,1.29219377,1.804393649,2.798410177
9924,1.292232513,1.804391742,2.798545599
9925,1.292250633,1.804403067,2.798612118
9927,1.292290926,1.804446101,2.798752069
9928,1.292317748,1.804476976,2.798817873
9929,1.292346358,1.804522514,2.798886061
9930,1.292357445,1.80457294,2.798948526
9932,1.292367458,1.804694772,2.79908061
9934,1.292382002,1.804861069,2.79920435
9936,1.292405248,1.804988861,2.799330473
9941,1.292459607,1.805141687,2.799371719
9946,1.29251802,1.804359436,2.799443245
9948,1.292524457,1.803958297,2.799499035
9951,1.292457342,1.80316031,2.799636126
9953,1.29240787,1.802307606,2.799745321
9954,1.292390347,1.801956058,2.799806356
9955,1.292356849,1.801645041,2.799872398
9957,1.292279124,1.801104307,2.800021172
9961,1.292154431,1.800321221,2.80028367
9962,1.292140841,1.800190091,2.80034709
9968,1.29208982,1.799675822,2.800686359
9970,1.292049527,1.799557805,2.800826311
9973,1.291967273,1.799364686,2.801038504
9974,1.291950107,1.799312711,2.801116228
9975,1.291933179,1.799098611,2.801200151
9976,1.291919947,1.798910975,2.801276207
9978,1.291907072,1.798623204,2.801422358
9979,1.291910172,1.798518896,2.801488161
9985,1.291984439,1.798179626,2.801897287
9989,1.292042613,1.798064709,2.802100897
9990,1.292060733,1.798045874,2.802092791
9994,1.29215014,1.798065305,2.802135706
10001,1.292385221,1.798402905,2.80233717
10002,1.292361975,1.79847014,2.802374363
10003,1.292341232,1.798544407,2.802375078
10005,1.292281628,1.798693776,2.802387476
10009,1.292195797,1.798862338,2.802475691
10010,1.292186737,1.798907876,2.802515507
10011,1.292178273,1.798967957,2.802558661
10016,1.292180657,,
10017,,1.799097061,2.802774906
10021,1.292231798,,
10022,,1.799216151,2.803066015
10023,1.292262673,,
10024,,1.799280047,2.80320096
10027,1.292348146,,
10028,1.292257786,1.799504519,2.803497314
10029,,1.799589753,2.803562164
10030,1.292115331,,
10031,1.292058706,1.7997334,2.803690434
10032,,1.799795866,2.803757191
10033,1.291972041,,
10034,,1.799933672,2.80389452
10035,1.291888237,,
10036,1.291840076,1.800043821,2.804027319
10037,,1.800086856,2.804090023
10042,1.291644454,,
10043,,1.800358653,2.80449295
10046,1.291591763,,
10047,1.291593909,1.800588012,2.804742575
10048,,1.800660253,2.804803371
10049,1.291570783,,
10050,1.291542768,1.80081439,2.804931164
10051,,1.80089879,2.805000782
10052,1.291506171,,
10053,1.29149437,1.801008821,2.805136919
10054,,1.801062465,2.805204391
10056,1.291439772,,
10057,,1.801230788,2.805422068
10058,1.291409254,,
10059,,1.80133462,2.805556297
10060,1.291371346,,
10061,,1.801421642,2.805706024
10062,1.291341901,,
10063,1.291334152,1.801477671,2.805871725
10064,,1.80151844,2.805954695
10065,1.291332841,,
10066,1.291338444,1.801597953,2.806115866
10067,,1.801641703,2.806200743
10068,1.291354895,,
10069,,1.801749468,2.806362152
10070,1.291370392,,
10071,,1.801855683,2.806530476
10072,1.291382313,,
10073,1.291388273,1.801963568,2.806685448
10074,1.291384101,1.802024245,2.806765556
10075,,1.802097559,2.806842327
10077,1.291382432,,
10078,1.291384816,1.802306533,2.80705452
10079,,1.802388191,2.807123184
10081,1.291395664,,
10082,,1.802682519,2.807322741
10083,1.291420698,,
10084,,1.802909255,2.807477951
10086,1.29146111,,
10087,,1.802600026,2.807707548
10088,1.291476488,,
10089,,1.802478433,2.807854891
10090,1.291490912,,
10091,,1.802418351,2.807996988
10092,1.291509271,,
10093,,1.802393317,2.80815959
10098,1.291600943,,
10099,,1.802236319,2.808584929
10101,1.291646838,,
10102,,1.80194068,2.808799744
10103,1.291660905,,
10104,,1.80173552,2.808948755
10105,1.291674018,,
10106,,1.801600933,2.809097767
10113,1.291747451,,
10114,,1.801478386,2.809310675
10116,1.291781664,,
10117,1.291787267,1.801581144,2.809325933
10118,,1.801595569,2.809347868
10122,1.29178977,,
10123,,1.801789761,2.809509993
10125,1.291796803,,
10126,,1.801948547,2.809651852
10129,1.291842818,,
10130,,1.802139163,2.809845448
10131,1.291866302,,
10132,,1.802179217,2.80994463
10135,1.29193902,,
10136,,1.80228734,2.810159445
10137,1.291985869,,
10138,,1.802213311,2.81028223
10140,1.2919451,,
10141,,1.801976323,2.81045413
10142,1.291930318,,
10143,1.29193449,1.801875949,2.810572147
10144,,1.801842928,2.810634136
10146,1.291964531,,
10147,,1.80183804,2.810819387
10148,1.291992903,,
10149,,1.801846147,2.810947418
10152,1.292049885,,
10153,,1.801931381,2.811160088
10154,1.292075157,,
10155,1.292090416,1.802033782,2.811262846
10156,,1.802084923,2.811323643
10157,1.292126417,,
10158,,1.802194953,2.811456442
10160,1.292152047,,
10161,,1.802376151,2.81166172
10162,1.292156816,,
10163,,1.802500844,2.811786652
10170,1.292180777,,
10171,1.292179227,1.803283572,2.812317371
10172,,1.803394794,2.81238389
10173,1.292173505,,
10174,,1.803640604,2.81251502
10176,1.292166352,,
10177,1.292150021,1.803853035,2.812739611
10178,,1.803903103,2.812817335
10179,1.292110324,,
10180,1.292082429,1.804028869,2.812965393
10181,,1.804100871,2.813037634
10182,1.292045712,,
10183,,1.804261088,2.813196659
10184,1.29202199,,
10185,1.292013049,1.804409504,2.813352585
10186,,1.80448103,2.813432932
10191,1.292026162,,
10192,1.292039752,1.804866314,2.813835859
10193,1.292055964,1.804955721,2.813887358
10194,1.292074442,1.805058718,2.81394434
10195,1.292099118,1.805158734,2.814001083
10196,,1.805263758,2.814053774
10198,1.29218924,,
10199,,1.805547833,2.814205408
10203,1.29231298,,
10204,,1.805956841,2.814483643
10205,1.292340279,,
10206,1.292344689,1.806092024,2.814605474
10207,1.292348623,1.806160808,2.814666748
10208,,1.806230307,2.814734697
10211,1.292389393,,
10212,1.292403817,1.806569338,2.814984798
10213,1.292414904,1.80665803,2.815057755
10214,1.292424798,1.806741357,2.815129042
10215,1.292440414,1.806840777,2.815202713
10216,1.292456388,1.806942821,2.815274477
10217,,1.807047963,2.815338612
10219,1.292496324,,
10220,,1.80734396,2.815521002
10222,1.292560577,,
10223,1.292582989,1.807583928,2.815702677
10224,1.292606115,1.80766356,2.815773726
10225,,1.807740092,2.815844297
10227,1.292676568,,
10228,1.292688251,1.807953954,2.816065073
10229,,1.808015943,2.816137314
10230,1.292702794,,
10231,,1.808178782,2.816279173
10236,1.292695165,,
10237,,1.805000424,2.816657305
10238,1.292690396,,
10239,1.292654991,1.804364085,2.8167665
10240,,1.804102302,2.816817045
10243,1.292512774,,
10244,,1.80308032,2.817035913
10245,1.292472959,,
10246,1.292458773,1.802741528,2.817145586
10247,,1.802605987,2.817209005
10251,1.292452097,,
10252,1.292458057,1.80226624,2.817564726
10253,,1.802252412,2.817643404
10254,1.292482734,,
10255,,1.80219233,2.817816257
10260,1.292484283,,
10261,1.292497873,1.802206039,2.81797719
10262,1.292514801,1.802241564,2.817913532
10263,,1.802276015,2.817833424
10267,1.292601585,,
10268,,1.802536726,2.817625999
10271,1.2926476,,
10272,1.292620182,1.802837253,2.817632675
10273,1.292598486,1.802927732,2.817648172
10274,1.29256773,1.803027987,2.817672014
10275,,1.80306983,2.817675352
10278,1.292497158,,
10279,1.292485237,1.803313375,2.817699909
10280,1.292477608,1.803395033,2.817700148
10281,,1.803482056,2.817711115
10284,1.292489767,,
10285,1.292502165,1.8038131,2.817806721
10286,1.292520881,1.803889275,2.8178339
10287,,1.803970337,2.817863464
10289,1.292583942,,
10290,,1.804265976,2.817993879
10293,1.292643189,,
10294,,1.804703712,2.818207741
10296,1.292642236,,
10297,1.292636037,1.804909348,2.818371773
10298,1.292629957,1.804975033,2.818429947
10299,1.292629719,1.805041432,2.818398952
10300,,1.805120111,2.81837821
10306,1.292674422,,
10307,,1.805747271,2.818404436
10308,1.292693257,,
10309,1.292708039,1.805832624,2.818472147
10310,,1.805892587,2.818520784
10311,1.292744637,,
10312,,1.806031108,2.818633556
10314,1.292766213,,
10315,,1.805984139,2.818798065
10316,1.292729378,,
10317,,1.805696487,2.818903923
10325,1.292575121,,
10326,,1.805229187,2.819465637
10327,1.292571187,,
10328,,1.805248141,2.819621325
10330,1.29258585,,
10331,1.292600751,1.805342436,2.819855213
10332,,1.805355668,2.819937944
10334,1.292648077,,
10335,,1.805506349,2.820204735
10339,1.292431474,,
10340,,1.805838943,2.820618153
10341,1.292384982,,
10342,,1.806001306,2.820791245
10343,1.292359948,,
10344,1.292347789,1.806189299,2.820960522
10345,1.292336106,1.806287169,2.821050882
10346,1.29231441,1.806397557,2.821133614
10347,1.29229641,1.806503892,2.821210146
10348,1.292287946,1.806607604,2.821282148
10349,,1.806704283,2.821355343
10352,1.292292237,,
10353,,1.807073474,2.821658134
10354,1.292294025,,
10355,1.292297244,1.807223916,2.821802616
10356,,1.80727303,2.821880102
10358,1.292211294,,
10359,,1.807432175,2.822155714
10360,1.292178273,,
10361,1.292168736,1.807548285,2.821756363
10362,,1.807626247,2.821583271
10364,1.292159796,,
10365,,1.807709813,2.821203709
10367,1.292074561,,
10368,1.292061806,1.807594776,2.820735216
10369,,1.807579637,2.820628405
10370,1.291867614,,
10371,,1.807583451,2.820456505
10372,1.291724563,,
10373,1.291666746,1.807627797,2.820348501
10374,,1.807665706,2.820279837
10381,1.291370392,,
10382,,1.807721734,2.819957733
10388,1.29124248,,
10389,,1.807860851,2.819895744
10391,1.291195035,,
10392,,1.807919741,2.819957733
10394,1.291148663,,
10395,1.291141868,1.808061719,2.819914818
10396,1.291129947,1.808136463,2.819920301
10397,,1.808205009,2.819933414
10400,1.291098356,,
10401,1.291092038,1.808528543,2.820027113
10402,1.291075945,1.808616757,2.820060492
10403,,1.808707237,2.820094824
10404,1.291062832,,
10405,,1.808861494,2.820182085
10406,1.291066408,,
10407,1.291052818,1.809028745,2.820281982
10408,1.291045308,1.809123755,2.820338249
10409,,1.809159279,2.820391655
10410,1.291048408,,
10411,1.291055202,1.809252977,2.820512056
10412,,1.809306026,2.820577621
10413,1.291068912,,
10414,,1.809353828,2.820722818
10415,1.291083932,,
10416,,1.809429407,2.820868969
10417,1.291104436,,
10418,1.291120052,1.809543133,2.821010113
10419,,1.809603453,2.821073771
10424,1.291262627,,
10425,,1.809990883,2.821474075
10428,1.291288733,,
10429,,1.81031096,2.821609735
10431,1.291334987,,
10432,,1.810589552,2.82173872
10433,1.29135561,,
10434,,1.81078577,2.821827412
10435,1.291346431,,
10436,,1.810999393,2.821910858
10439,1.291386008,,
10440,1.291397452,1.81144321,2.822141171
10441,,1.81155014,2.822207689
10443,1.291443348,,
10444,,1.811841369,2.822427273
10446,1.291501641,,
10447,1.291466355,1.812130928,2.82261014
10448,,1.812235355,2.822675943
10449,1.291416407,,
10450,1.291386247,1.812445283,2.822815418
10451,1.291363001,1.812475681,2.822881937
10452,,1.812507868,2.822947264
10455,1.291309118,,
10456,1.291309357,1.81266439,2.823204756
10457,1.291314244,1.812737942,2.823268175
10458,1.291323185,1.812820077,2.823341608
10459,,1.812914014,2.823411465
10460,1.291315794,,
10461,1.291316748,1.813066721,2.82354784
10462,,1.813126683,2.823616505
10466,1.291223526,,
10467,,1.813096285,2.823880911
10468,1.291146636,,
10469,,1.813040018,2.823947668
10470,1.291093588,,
10471,1.291077614,1.813042998,2.824050188
10472,,1.8126899,2.824109316
10474,1.291036963,,
10475,1.291036725,1.811908007,2.82435298
10476,,1.811720371,2.82443738
10477,1.291044116,,
10478,,1.81141305,2.824597359
10480,1.29102993,,
10481,1.291005254,1.811140537,2.824818611
10482,,1.811082006,2.824898958
10485,1.290967464,,
10486,,1.811004877,2.825219393
10493,1.290960193,,
10494,,1.811354041,2.824218512
10495,1.290950656,,
10496,,1.811469913,2.823935509
10497,1.290947676,,
10498,1.290955544,1.811595082,2.823723555
10499,,1.811673045,2.823646069
10505,1.290901542,,
10506,1.290886641,1.812088966,2.823357821
10507,,1.812164664,2.823333025
10509,1.290867925,,
10510,1.290873289,1.812440872,2.823343277
10511,,1.81254375,2.82336545
10512,1.290901899,,
10513,,1.812734127,2.823425531
10522,1.290916562,,
10523,,1.813762665,2.823936224
10526,1.290984869,,
10527,,1.814219594,2.824203014
10528,1.291014314,,
10529,1.291025639,1.814339161,2.824311733
10530,,1.814407468,2.824368715
10532,1.291035295,,
10533,,1.814645529,2.824548244
10535,1.291071892,,
10536,,1.814928889,2.824756145
10537,1.29109776,,
10538,,1.815137982,2.824916601
10545,1.291233063,,
10546,,1.815928936,2.825470209
10547,1.291283011,,
10548,,1.816155076,2.825445414
10556,1.291402102,,
10557,1.291416407,1.815914631,2.825619459
10558,,1.815914631,2.825662613
10559,1.291452169,,
10560,1.291466832,1.814524055,2.825767994
10561,,1.813955784,2.825822115
10563,1.291519284,,
10564,,1.812645078,2.825998068
10569,1.291632652,,
10570,,1.811252594,2.82642746
10571,1.291687012,,
10572,,1.810992837,2.826583862
10573,1.291752577,,
10574,,1.810795307,2.826747179
10577,1.291827321,,
10578,,1.810526133,2.827081919
10582,1.291851878,,
10583,,1.810341239,2.827001333
10585,1.291864872,,
10586,,1.810371399,2.827068806
10593,1.291873813,,
10594,,1.806276798,2.826643705
10595,1.2918998,,
10596,,1.804274559,2.822215557
10599,1.291964412,,
10600,1.291982293,1.799287558,2.815311909
10601,,1.798334002,2.814016581
10604,1.292062402,,
10605,1.292086601,1.795425296,2.810063601
10606,,1.794897437,2.809312582
10608,1.29215765,,
10609,,1.793585062,2.807512045
10610,1.292206526,,
10611,1.292218804,1.792945266,2.806603909
10612,,1.792684078,2.806221485
10614,1.292271733,,
10615,,1.792130709,2.805314064
10616,1.292317271,,
10617,,1.791900635,2.804876804
10619,1.292396665,,
10620,1.29236114,1.79156971,2.804411173
10621,,1.791498423,2.804298878
10622,1.292313814,,
10623,,1.791263938,2.80411315
10625,1.292299867,,
10626,1.292309403,1.790894628,2.803939104
10627,,1.790733814,2.80390358
10628,1.292332292,,
10629,1.292295694,1.790471196,2.803872824
10630,1.292263508,1.790342927,2.80386591
10631,,1.790242553,2.803871155
10632,1.292215943,,
10633,1.292182565,1.790098786,2.803899527
10634,,1.790050387,2.803920746
10637,1.292005062,,
10638,,1.789859653,2.803973436
10640,1.291920781,,
10641,1.291904092,1.789874434,2.804055214
10642,,1.789904714,2.804080725
10645,1.291875958,,
10646,1.291839957,1.790131927,2.804209232
10647,,1.790207624,2.804248095
10652,1.291704178,,
10653,,1.79084754,2.804522753
10654,1.291705608,,
10655,,1.791078091,2.804209948
10656,1.291651487,,
10657,1.291627407,1.791314244,2.803967476
10658,,1.791440487,2.803873301
10659,1.291578174,,
10660,1.291559815,1.791672349,2.803741932
10661,,1.791799903,2.803700686
10663,1.291380763,,
10664,,1.792068243,2.803637266
10665,1.291142225,,
10666,,1.792171359,2.803580523
10667,1.290968418,,
10668,,1.792288661,2.80350399
10670,1.290789485,,
10671,1.290739775,1.792553663,2.80346489
10672,,1.792664289,2.80346489
10673,1.290658593,,
10674,1.290626168,1.792879105,2.803472519
10675,1.290608406,1.792980433,2.803475857
10676,1.290596128,1.793087721,2.803484917
10677,,1.793190479,2.803498268
10678,1.290586591,,
10679,,1.793386459,2.803524733
10682,1.290580034,,
10683,,1.793809295,2.803648472
10685,1.290574551,,
10686,1.290565252,1.794187903,2.803775311
10687,,1.794315338,2.803820848
10693,1.290581465,,
10694,,1.795293808,2.804182768
10695,1.2905972,,
10696,,1.795564413,2.804307699
10697,1.290617585,,
10698,,1.795839667,2.804443359
10703,1.290684104,,
10704,,1.796488523,2.804811478
10706,1.290616155,,
10707,,1.796697497,2.804996967
10713,1.290558577,,
10714,,1.797096372,2.80544138
10716,1.290584326,,
10717,,1.797306657,2.805637598
10718,1.290565491,,
10719,,1.797418475,2.805737257
10720,1.290537357,,
10721,,1.797569275,2.805847645
10722,1.290517092,,
10723,,1.797655106,2.805970192
10726,1.290514827,,
10727,,1.797939777,2.8062253
10730,1.290557981,,
10731,,1.798244357,2.806484222
10732,1.290574908,,
10733,1.290579081,1.798445344,2.806577444
10734,,1.798559546,2.806622505
10739,1.29066956,,
10740,,1.799274325,2.806873083
10745,1.290831208,,
10746,,1.8000139,2.805406332
10747,1.290893674,,
10748,,1.800260305,2.802543163
10753,1.291077256,,
10754,,1.800711513,2.796741724
10756,1.291124105,,
10757,,1.800166368,2.794660091
10759,1.291089058,,
10760,,1.799855709,2.793211222
10763,1.29103446,,
10764,1.290996432,1.799759746,2.791945696
10765,1.290962934,1.799761057,2.791716099
10766,,1.799787521,2.791514635
10767,1.290916562,,
10768,1.290903449,1.799869657,2.791201353
10769,1.290896535,1.799916506,2.791071892
10770,,1.799967289,2.790958166
10772,1.290490746,,
10773,1.290381432,1.800134182,2.790705681
10774,,1.800200343,2.790649652
10776,1.290119529,,
10777,1.29005897,1.800444722,2.790542603
10778,,1.800521493,2.790520191
10781,1.289849877,,
10782,,1.800850153,2.790488482
10784,1.289638042,,
10785,1.289589524,1.801128626,2.79050231
10786,,1.801233292,2.790513515
10788,1.28947866,,
10789,1.289420009,1.801496029,2.790568113
10790,1.289370894,1.801597238,2.790591002
10791,,1.801699877,2.790623665
10797,1.28915751,,
10798,,1.802289128,2.790909052
10807,1.289183259,,
10808,1.289173961,1.803317189,2.79140234
10809,1.289172769,1.803432822,2.791446686
10810,,1.80355823,2.791497231
10812,1.289171338,,
10813,1.289157987,1.803918839,2.791648149
10814,1.289133668,1.804048538,2.791695356
10815,,1.804180503,2.791715384
10816,1.289084554,,
10817,1.289005399,1.804468155,2.791776896
10818,,1.804617524,2.791810036
10819,1.288886309,,
10820,1.288842916,1.804907203,2.791405439
10821,,1.805061102,2.791242123
10829,1.288348198,,
10830,1.288299084,1.806337357,2.790592432
10831,1.288257837,1.806459069,2.790574312
10832,,1.806578517,2.790563583
10833,1.288195491,,
10834,1.288171172,1.806785941,2.790564775
10835,,1.806892991,2.790578842
10836,1.288146973,,
10837,,1.807098031,2.790614128
10842,1.288202286,,
10843,1.288220048,1.80696559,2.790813208
10844,,1.806549191,2.790846348
10845,1.288247466,,
10846,,1.805808783,2.790906429
10847,1.288256049,,
10848,1.288265824,1.805129766,2.790971518
10849,,1.804807544,2.79100585
10852,1.288296103,,
10853,,1.80388546,2.791154385
10858,1.288174272,,
10859,1.288125396,1.803195834,2.791413546
10860,1.288072824,1.803140283,2.791462898
10861,,1.803115368,2.791509628
10862,1.287984371,,
10863,,1.803083181,2.791614056
10864,1.287809372,,
10865,,1.803138256,2.791713715
10867,1.287621379,,
10868,1.287582397,1.803193092,2.791866302
10869,,1.80322206,2.791910172
10871,1.2875247,,
10872,,1.803340793,2.791996002
10874,1.287407875,,
10875,1.287376285,1.803429604,2.79204464
10876,1.287356734,1.803462744,2.792075634
10877,,1.803520322,2.792111397
10879,1.287222505,,
10880,,1.803428769,2.792229176
10881,1.287144065,,
10882,,1.80333209,2.792314291
10886,1.287068963,,
10887,1.287060499,1.803419232,2.792583704
10888,1.287054181,1.80347538,2.792645216
10889,,1.803535581,2.792706728
10891,1.287065864,,
10892,,1.803744316,2.792874813
10893,1.28707242,,
10894,,1.803888559,2.792995453
10895,1.28708303,,
10896,,1.804058313,2.793110371
10898,1.286956906,,
10899,,1.804344177,2.793307781
10901,1.286862254,,
10902,1.286842942,1.804649591,2.793500423
10903,,1.804747224,2.793563843
10907,1.286793947,,
10908,,1.805149913,2.793629646
10913,1.286717176,,
10914,,1.805545211,2.793715715
10916,1.286657929,,
10917,,1.805403829,2.793690443
10920,1.28662622,,
10921,1.286621332,1.805327415,2.793631077
10922,1.286620378,1.805325627,2.793572903
10923,,1.805312753,2.793527126
10925,1.286647201,,
10926,,1.80539012,2.7932055
10927,1.286677718,,
10928,,1.805444241,2.793006659
10931,1.286773205,,
10932,1.28680253,1.805235744,2.792772055
10933,1.286833048,1.805226207,2.792741776
10934,1.28686583,1.805223703,2.792717695
10935,,1.805242419,2.792700052
10939,1.287062883,,
10940,,1.805493355,2.792505026
10942,1.287207723,,
10943,,1.805665851,2.792417049
10945,1.287367463,,
10946,,1.805881619,2.792383432
10948,1.28751421,,
10949,1.287559628,1.806101918,2.792404652
10950,,1.806181312,2.792427301
10952,1.287642837,,
10953,1.287669659,1.806406379,2.792503595
10954,1.287697196,1.806480408,2.792535543
10955,,1.806559801,2.792565107
10956,1.287697315,,
10957,1.287679672,1.806741476,2.792628288
10958,1.287668347,1.806833625,2.792661905
10959,1.28765285,1.806937099,2.792702198
10960,,1.806998253,2.792737246
10962,1.287619829,,
10963,,1.807079315,2.792850971
10964,1.287605047,,
10965,,1.807159424,2.792925119
10966,1.287609577,,
10967,1.287621498,1.807277083,2.793005943
10968,1.287601948,1.807345033,2.793043613
10969,,1.807417274,2.793088675
10971,1.287587404,,
10972,1.287595034,1.807635784,2.793233156
10973,1.287612438,1.807712913,2.793245792
10974,,1.807812929,2.793259621
10978,1.287745714,,
10979,,1.808364153,2.793370962
10980,1.287799478,,
10981,1.28783071,1.808514714,2.793460846
10982,,1.808566213,2.793506861
10983,1.287901878,,
10984,1.287946105,1.80867517,2.793610573
10985,,1.808738351,2.793666124
10987,1.288074732,,
10988,,1.808972239,2.793851137
10989,1.288158655,,
10990,1.288200378,1.808915496,2.793981314
10991,1.28824091,1.808795929,2.794046879
10992,1.288282275,1.80870235,2.794110537
10993,,1.808647037,2.794178724
11008,1.288825154,,
11009,,1.808597684,2.795089722
11011,1.288882017,,
11012,1.288890719,1.808894992,2.795145035
11013,,1.809011936,2.795163393
11020,1.28899312,,
11021,,1.80972755,2.795343876
11022,1.28888917,,
11023,,1.809906483,2.795403481
11024,1.288826346,,
11025,,1.810065627,2.795464277
11031,1.288443923,,
11032,,1.810815573,2.795769691
11034,1.288407683,,
11035,1.288402796,1.81031096,2.795948029
11036,1.288390994,1.809894919,2.796012878
11037,1.288383722,1.809550881,2.796077967
11038,,1.809251785,2.796138287
11039,1.288370013,,
11040,,1.807214499,2.796149731
11041,1.288376331,,
11042,,1.805626392,2.795953989
11044,1.288409114,,
11045,1.288428545,1.803840399,2.794779301
11046,,1.803380966,2.794473648
11055,1.288712859,,
11056,1.288708687,1.801126957,2.789804697
11057,,1.801057458,2.789581299
11067,1.288477659,,
11068,,1.801525831,2.788585663
11070,1.288423538,,
11071,,1.801862001,2.788570404
11072,1.288339376,,
11073,1.288277745,1.802114964,2.788582087
11074,,1.802241206,2.788599253
11076,1.288117647,,
11077,,1.802599549,2.788670063
11081,1.287879109,,
11082,,1.803267241,2.78888011
11083,1.287734747,,
11084,,1.803484559,2.788715124
11089,1.28753376,,
11090,1.287535429,1.803971291,2.788499117
11091,1.287542582,1.80408144,2.788486481
11092,1.28755486,1.804195285,2.788486958
11093,,1.804304957,2.788491249
11095,1.287577629,,
11096,,1.804633737,2.788528442
11099,1.28760767,,
11100,1.287624478,1.805062294,2.788416862
11101,,1.805170774,2.788403749
11102,1.287669182,,
11103,,1.805379629,2.788407087
11109,1.287822843,,
11110,,1.806239605,2.7884233
11114,1.287869811,,
11115,,1.806778908,2.78855896
11116,1.287915826,,
11117,1.287907362,1.804318547,2.788635254
11118,,1.803285956,2.788680553
11119,1.287914157,,
11120,,1.801527858,2.788769484
11127,1.287979245,,
11128,1.287983775,1.797616959,2.789302111
11129,,1.797371626,2.789375067
11130,1.288001418,,
11131,,1.79696548,2.78954339
11133,1.288068771,,
11134,,1.796454191,2.789787054
11138,1.288243175,,
11139,,1.795997143,2.790166616
11146,1.288564682,,
11147,1.288597822,1.79584825,2.790681839
11148,,1.79583621,2.790735483
11150,1.288444757,,
11151,,1.795879006,2.790910959
11152,1.288306475,,
11153,,1.795977116,2.790977001
11155,1.288179755,,
11156,1.288137197,1.796180248,2.791064024
11157,,1.796255112,2.791101694
11159,1.288062811,,
11160,1.288039923,1.796539187,2.791261435
11161,,1.796648383,2.791316748
11163,1.287904263,,
11164,1.287878275,1.797021389,2.791488409
11165,1.287859917,1.797137976,2.791430712
11166,,1.797252417,2.791356802
11183,1.287915587,,
11184,,1.799692392,2.78137517
11192,1.288114429,,
11193,,1.800984621,2.78036952
11195,1.288199186,,
11196,1.288226247,1.801363587,2.780353785
11197,,1.801480651,2.78035903
11199,1.288319707,,
11200,1.288353205,1.801837921,2.780421734
11201,,1.801949501,2.780453205
11202,1.288425565,,
11203,,1.802101731,2.780530214
11205,1.288461924,,
11206,1.2884624,1.802324772,2.78066349
11207,,1.802381396,2.780717373
11209,1.288501024,,
11210,,1.802612662,2.780877113
11213,1.288559079,,
11214,1.288579822,1.802983522,2.78111577
11215,1.288603783,1.803024292,2.781176329
11216,,1.803082108,2.781238794
11218,1.288659334,,
11219,1.288682699,1.803295016,2.781424999
11220,1.288703442,1.803329706,2.78147912
11221,1.288732529,1.803368449,2.781533241
11222,,1.803416371,2.78159523
11224,1.288781881,,
11225,1.28880477,1.803099871,2.781736135
11226,,1.802691817,2.781782866
11227,1.288844228,,
11228,,1.802027106,2.781872749
11229,1.288893819,,
11230,,1.801541448,2.781963825
11231,1.288950086,,
11232,1.288972378,1.801081061,2.782044649
11233,,1.80086267,2.782072544
11234,1.289030313,,
11235,,1.800511122,2.782146454
11238,1.28923595,,
11239,,1.80011332,2.782332182
11244,1.289582968,,
11245,1.289643168,1.800100327,2.782698393
11246,,1.800154567,2.782767534
11249,1.28987658,,
11250,,1.800103903,2.783048153
11253,1.290105581,,
11254,1.290131807,1.799851894,2.783355236
11255,,1.799844742,2.783434868
11256,1.290187597,,
11257,,1.799879789,2.783584595
11258,1.290223002,,
11259,,1.799945593,2.783732653
11262,1.290230632,,
11263,,1.800211191,2.78401041
11271,1.290479183,,
11272,1.290522099,1.801094651,2.784605742
11273,,1.801208973,2.784683943
11274,1.29061234,,
11275,,1.801447988,2.784843922
11278,1.290424943,,
11279,,1.801962614,2.785171747
11281,1.29030025,,
11282,1.290267229,1.802373528,2.785379171
11283,1.290241361,1.802509308,2.785437822
11284,,1.802639365,2.785501957
11289,1.289979219,,
11290,,1.802986741,2.785933018
11293,1.289980412,,
11294,1.289988875,1.803278804,2.786250114
11295,1.290004134,1.803377271,2.78633523
11296,1.290015578,1.8034904,2.786417723
11297,1.290031195,1.803605199,2.786494017
11298,,1.803713679,2.786567688
11302,1.28993094,,
11303,,1.804155707,2.786811113
11304,1.289938331,,
11305,,1.804291487,2.786910295
11306,1.289927602,,
11307,,1.804457664,2.787015438
11308,1.289898753,,
11309,,1.804596901,2.787118196
11310,1.289879799,,
11311,,1.804715872,2.787220955
11318,1.289902687,,
11319,1.289928198,1.805210352,2.787647009
11320,1.289958239,1.805279851,2.787708521
11321,,1.8053689,2.787773371
11322,1.290037036,,
11323,1.29007566,1.805373192,2.787881613
11324,,1.805310726,2.787933111
11325,1.290110111,,
11326,,1.805207968,2.788033724
11329,1.29012084,,
11330,,1.80375278,2.788251162
11331,1.290152907,,
11332,,1.803318977,2.788362026
11335,1.290245056,,
11336,,1.802859902,2.788620949
11341,1.290449858,,
11342,,1.802715778,2.7890203
11347,1.290687442,,
11348,,1.802969337,2.789356947
11350,1.290762067,,
11351,,1.803150535,2.789397955
11353,1.29077971,,
11354,1.290766001,1.803336143,2.789481163
11355,1.290761352,1.80342114,2.789519787
11356,1.290762067,1.803521514,2.789561033
11357,,1.803622246,2.789608717
11361,1.290788293,,
11362,1.290804625,1.803911686,2.789899111
11363,,1.803909421,2.789959669
11364,1.290847063,,
11365,,1.803938985,2.790079355
11370,1.291029215,,
11371,,1.804272532,2.79047513
11375,1.290591002,,
11376,,1.804663777,2.790897131
11383,1.290064096,,
11384,1.290053725,1.805180907,2.791363478
11385,,1.805253983,2.791423082
11391,1.290176034,,
11392,,1.805834293,2.790362835
11393,1.29020977,,
11394,,1.806052446,2.789936066
11395,1.290280461,,
11396,1.290320754,1.80612123,2.789608479
11397,,1.806119323,2.789480686
11399,1.290428877,,
11400,1.290462613,1.806200266,2.789203405
11401,,1.806250453,2.789137363
11408,1.290574908,,
11409,1.290584087,1.806644678,2.789059162
11410,,1.806720972,2.789085865
11412,1.290618181,,
11413,,1.806970239,2.789196014
11414,1.290665269,,
11415,1.290693879,1.807142138,2.789269209
11416,,1.8072294,2.789308548
11418,1.290768504,,
11419,,1.807545185,2.789423466
11421,1.29085958,,
11422,,1.807742834,2.789556265
11425,1.290940642,,
11426,,1.807864189,2.789198875
11427,1.291006327,,
11428,1.291052818,1.807983279,2.7891078
11429,1.291100383,1.808050394,2.789081573
11430,1.29113996,1.808115602,2.789064407
11431,,1.808195353,2.789063215
11435,1.291099429,,
11436,1.291089892,1.808648586,2.789128065
11437,,1.808754086,2.789150953
11439,1.291057348,,
11440,,1.808912039,2.789239168
11443,1.291071057,,
11444,,1.809241772,2.789400816
11451,1.291279078,,
11452,1.291310191,1.809958935,2.78970027
11453,1.291346669,1.810073614,2.789747
11454,,1.810190678,2.789790154
11455,1.291340947,,
11456,,1.810446262,2.789890289
11459,1.291383982,,
11460,1.291403294,1.810920358,2.790111303
11461,,1.810859442,2.790177584
11466,1.291523218,,
11467,1.291525126,1.810742974,2.790562868
11468,1.291527629,1.810751796,2.790627003
11469,,1.810721874,2.790688515
11472,1.291589141,,
11473,,1.810689569,2.790961504
11476,1.291750312,,
11477,,1.810876369,2.79127121
11478,1.291835666,,
11479,,1.810910821,2.791430712
11481,1.291942716,,
11482,1.291985393,1.810961246,2.791657209
11483,1.292032003,1.81098783,2.791726589
11484,1.29207778,1.811034441,2.791782856
11485,,1.811055183,2.79184556
11486,1.292170167,,
11487,1.292219758,1.811141491,2.791986704
11488,,1.81119895,2.792054653
11490,1.29229188,,
11491,,1.811461329,2.792262554
11493,1.292311311,,
11494,,1.811833382,2.792457819
11497,1.292225838,,
11498,,1.811915517,2.792743683
11499,1.292178988,,
11500,,1.811524391,2.792800188
11503,1.292176008,,
11504,,1.811107874,2.792818785
11505,1.292189598,,
11506,,1.811001778,2.792865992
11507,1.292225599,,
11508,1.292244434,1.810985565,2.792765379
11509,1.292175889,1.8109864,2.792732954
11510,,1.811009765,2.792710781
11518,1.292049289,,
11519,,1.811301827,2.792834282
11520,1.292109132,,
11521,,1.811405182,2.792902946
11523,1.292151093,,
11524,1.292167306,1.811478138,2.793024063
11525,,1.811513186,2.793075323
11527,1.292128682,,
11528,1.2920928,1.811573148,2.793242931
11529,,1.811602712,2.793299437
11531,1.290822268,,
11532,,1.811331749,2.793503761
11533,1.289755583,,
11534,,1.811153412,2.793654919
11535,1.288916588,,
11536,,1.811056376,2.793774843
11538,1.2879498,,
11539,1.287687898,1.810868979,2.793934822
11540,,1.81076014,2.79398632
11541,1.287248254,,
11542,,1.810621142,2.794092417
11543,1.286899447,,
11544,,1.81056416,2.79422164
11547,1.286287308,,
11548,1.286163688,1.810667276,2.794511795
11549,1.286047816,1.8107301,2.794578314
11550,1.285953879,1.81079495,2.794649839
11551,1.285868883,1.810871959,2.794717789
11552,1.285799861,1.810956836,2.794794321
11553,,1.811054945,2.7948668
11555,1.28560555,,
11556,,1.811351418,2.795049191
11557,1.285505772,,
11558,1.285479069,1.811573148,2.795187235
11559,,1.811666846,2.795259714
11564,1.285349131,,
11565,1.285333395,1.812419295,2.795749903
11566,,1.812543035,2.795830011
11568,1.285314679,,
11569,1.28531754,1.812960148,2.796062231
11570,1.28531456,1.813098788,2.79613781
11571,,1.813223362,2.796222925
11575,1.284828424,,
11576,,1.813786149,2.796616077
11578,1.284682035,,
11579,,1.813696146,2.796839952
11581,1.284625292,,
11582,,1.813522577,2.797060013
11583,1.284621,,
11584,,1.813188791,2.797217607
11588,1.284537673,,
11589,,1.812291265,2.797598839
11591,1.28447938,,
11592,1.284460306,1.811905861,2.797780037
11593,1.284448028,1.811816096,2.797832727
11594,,1.8117522,2.797885418
11595,1.2844522,,
11596,1.284471989,1.811667085,2.797982931
11597,1.28448844,1.81159842,2.798026562
11598,1.284508944,1.81146121,2.798071146
11599,1.284529924,1.811331987,2.798117876
11600,,1.811210394,2.798159599
11601,1.284551024,,
11602,1.284577847,1.811044097,2.798254251
11603,1.284601927,1.810990572,2.798313379
11604,,1.810963988,2.798369169
11608,1.284726739,,
11609,,1.811069012,2.798647881
11610,1.284796238,,
11611,,1.811160088,2.798771858
11613,1.284906745,,
11614,,1.811310172,2.798982859
11615,1.284970522,,
11616,1.284995914,1.811439753,2.799122572
11617,,1.811512828,2.799187899
11618,1.285006285,,
11619,1.284993052,1.811694622,2.799335241
11620,,1.81179893,2.799405098
11622,1.284992099,,
11623,1.28499639,1.812112212,2.79964757
11624,1.284989953,1.812217593,2.799728155
11625,,1.812319636,2.799806356
11634,1.285060287,,
11635,,1.809129,2.80063796
11636,1.285012007,,
11637,,1.808888793,2.800759792
11638,1.284977555,,
11639,1.284969091,1.808726311,2.800850391
11640,1.28497088,1.808653593,2.800892115
11641,,1.808599591,2.800934315
11643,1.285019398,,
11644,,1.808457732,2.8010571
11646,1.28509438,,
11647,,1.808331251,2.801217079
11650,1.285251379,,
11651,1.285296559,1.808192849,2.801430702
11652,,1.80813098,2.801481962
11656,1.285529137,,
11657,1.28552413,1.807204485,2.801762104
11658,1.285532236,1.806987762,2.801826477
11659,,1.806813121,2.801892042
11663,1.285622597,,
11664,1.285644889,1.803273559,2.802214622
11665,,1.802663922,2.802263737
11668,1.285712481,,
11669,1.285727501,1.800964475,2.802444935
11670,,1.800700188,2.802496433
11672,1.28578186,,
11673,,1.800086379,2.802665234
11674,1.285831332,,
11675,,1.799842358,2.802778482
11676,1.285891175,,
11677,1.285928488,1.799662471,2.802904367
11678,,1.799597859,2.802974939
11683,1.286030412,,
11684,,1.799442053,2.803402185
11685,1.286031485,,
11686,1.286051154,1.799482584,2.803554296
11687,,1.799529433,2.803626299
11689,1.285897613,,
11690,,1.799715519,2.803788185
11691,1.285807371,,
11692,,1.79988575,2.803861856
11693,1.28571713,,
11694,1.285678029,1.800103188,2.803945303
11695,,1.800054669,2.803997517
11697,1.285617709,,
11698,1.285614848,1.800038576,2.804120779
11699,,1.800058007,2.804133654
11701,1.285626531,,
11702,,1.800190091,2.804229259
11704,1.28567493,,
11705,1.285693288,1.80039537,2.804331779
11706,1.285713434,1.800470591,2.804376364
11707,1.28573513,1.800551295,2.804423571
11708,1.285757542,1.800637484,2.804477692
11709,1.285790682,1.800735831,2.804542303
11710,,1.800825357,2.804608345
11713,1.285822988,,
11714,,1.800768018,2.804894209
11719,1.2859056,,
11720,,1.800136924,2.805358171
11722,1.286018848,,
11723,,1.800148368,2.805602074
11724,1.286106467,,
11725,,1.800221562,2.805747271
11727,1.286203504,,
11728,1.286224723,1.800497055,2.805906057
11729,1.286239266,1.800617695,2.805926085
11730,1.286257625,1.800742984,2.805944681
11731,1.28627646,1.800839901,2.805970192
11732,1.286295652,1.80094099,2.805829048
11733,,1.801040053,2.805705547
11735,1.286375761,,
11736,,1.80134213,2.805443287
11740,1.286526918,,
11741,,1.801701188,2.805268049
11742,1.286589146,,
11743,,1.801856041,2.805258751
11746,1.28667891,,
11747,,1.802197576,2.805324793
11749,1.286757469,,
11750,1.28676784,1.802426815,2.805476904
11751,,1.802519321,2.805531025
11755,1.286830783,,
11756,1.286848426,1.802240372,2.80581522
11757,,1.802177191,2.805075169
11759,1.286947608,,
11760,1.286996841,1.801999331,2.80329442
11761,,1.801965356,2.802829981
11762,1.287103891,,
11763,,1.801835299,2.802057743
11769,1.287518501,,
11770,,1.801905274,2.800472975
11772,1.287704349,,
11773,,1.802164912,2.800144911
11775,1.28790462,,
11776,1.287974715,1.802236915,2.799971104
11777,,1.802258134,2.799944639
11779,1.287127137,,
11780,1.286909103,1.802408338,2.799906969
11781,,1.802472115,2.799907684
11785,1.286150098,,
11786,,1.802825689,2.799996376
11788,1.285925746,,
11789,1.285879612,1.80312264,2.800109386
11790,,1.803245783,2.800163507
11791,1.285812616,,
11792,,1.803499222,2.800275803
11793,1.285775304,,
11794,,1.803765774,2.800412178
11795,1.285773396,,
11796,1.285782337,1.803865552,2.800566912
11797,,1.803812861,2.800639868
11799,1.285848737,,
11800,,1.803760648,2.800848961
11802,1.285951495,,
11803,,1.803857565,2.801085711
11805,1.28594768,,
11806,,1.804045439,2.801358223
11807,1.285896897,,
11808,,1.804222822,2.801514149
11810,1.285859585,,
11811,,1.804554462,2.801748514
11813,1.285882473,,
11814,,1.80495584,2.80188036
11815,1.285884738,,
11816,1.285896778,1.80525291,2.80184865
11817,,1.805389881,2.801848412
11818,1.285928607,,
11819,,1.805579305,2.801877737
11822,1.285998106,,
11823,,1.805988789,2.801985502
11824,1.286050558,,
11825,,1.806152105,2.802079678
11828,1.286187291,,
11829,,1.806373477,2.802302122
11832,1.286374092,,
11833,,1.8062464,2.802616358
11834,1.286478877,,
11835,,1.806139588,2.802790403
11836,1.286587477,,
11837,,1.806122303,2.802947044
11839,1.28673172,,
11840,1.28679347,1.806144238,2.803186417
11841,1.286863923,1.806159973,2.803281069
11842,1.286926031,1.806202292,2.803370237
11843,1.286988139,1.806250215,2.803454399
11844,,1.806306958,2.803543091
11845,1.287118196,,
11846,,1.806404352,2.803701639
11847,1.287253618,,
11848,,1.806575894,2.803856373
11849,1.287375569,,
11850,,1.806806684,2.804013014
11857,1.287854671,,
11858,1.287911534,1.80800271,2.804611921
11859,,1.808165193,2.804670811
11863,1.288177013,,
11864,,1.808917284,2.8049891
11868,1.288442612,,
11869,,1.809224486,2.805374861
11873,1.288697958,,
11874,,1.809574723,2.805762768
11880,1.288645744,,
11881,1.288653493,1.80961144,2.80595994
11882,1.288664222,1.809522867,2.805995703
11883,,1.809459686,2.806031227
11886,1.288661003,,
11887,1.288661718,1.80941081,2.806158066
11888,1.28867054,1.809446096,2.806190252
11889,,1.80951786,2.806223392
11894,1.288762093,,
11895,1.288782358,1.810131431,2.806498528
11896,,1.810252547,2.806558132
11898,1.288858414,,
11899,1.288871646,1.810635448,2.806748152
11900,,1.810775042,2.806810141
11907,1.289124012,,
11908,1.289163232,1.812036872,2.807361841
11909,,1.812191367,2.807423592
11911,1.289271832,,
11912,1.28930819,1.812663078,2.807627916
11913,1.289351583,1.81283319,2.807702303
11914,,1.813000798,2.807775021
11915,1.289347887,,
11916,,1.813352585,2.807927132
11918,1.289269567,,
11919,1.289264321,1.813844442,2.80815196
11920,,1.814014673,2.808226824
11923,1.289355159,,
11924,,1.814704657,2.808489323
11925,1.289402246,,
11926,,1.815069556,2.808576584
11927,1.289457202,,
11928,,1.815411806,2.808690548
11929,1.289470911,,
11930,,1.815761805,2.808832645
11932,1.289515972,,
11933,1.289546371,1.816090345,2.809056759
11934,1.289584637,1.816202521,2.809139252
11935,,1.816316605,2.809223413
11937,1.289676905,,
11938,,1.816639185,2.809472322
11944,1.289603233,,
11945,,1.814237475,2.810060501
11947,1.289580822,,
11948,1.289453626,1.812154412,2.810319662
11949,1.289314032,1.811622024,2.810398579
11950,,1.811153531,2.81046176
11952,1.289003134,,
11953,,1.810093164,2.810640812
11956,1.288776278,,
11957,1.288752079,1.809319973,2.81090951
11958,,1.809201121,2.81098485
11959,1.288699985,,
11960,1.288656354,1.80902648,2.811127424
11961,,1.808979034,2.811205864
11963,1.288597822,,
11964,,1.808954,2.811440468
11968,1.288662553,,
11969,,1.808316946,2.811845541
11971,1.288688898,,
11972,,1.808037639,2.812115192
11974,1.288709044,,
11975,,1.807772636,2.812362909
11978,1.288572788,,
11979,1.288561463,1.807537317,2.812707901
11980,,1.807527184,2.812794924
11981,1.288535953,,
11982,,1.807499766,2.812993288
11984,1.288462758,,
11985,,1.807487369,2.813334227
11986,1.288451552,,
11987,,1.80753696,2.813466311
11988,1.288422585,,
11989,,1.807701349,2.813600302
11993,1.288413644,,
11994,,1.808158398,2.813670397
11995,1.288398743,,
11996,,1.808350325,2.813683033
11997,1.28829968,,
11998,1.28822422,1.808547139,2.813712835
11999,,1.808642149,2.813736439
12000,1.288101196,,
12001,1.288057566,1.808834553,2.813804865
12002,1.288025618,1.808965683,2.813841343
12003,1.287941098,1.809097648,2.813890219
12004,,1.809231162,2.813945532
12007,1.287583113,,
12008,,1.809810758,2.814196825
12016,1.287333369,,
12017,1.287314296,1.810950279,2.814898014
12018,1.287309289,1.811075449,2.814998388
12019,1.287305474,1.811197639,2.815090179
12020,,1.811228752,2.815178871
12021,1.287329793,,
12022,,1.811303496,2.815355778
12024,1.287412405,,
12025,1.287448525,1.811422467,2.81563282
12026,,1.811478138,2.815725327
12027,1.287505627,,
12028,,1.811633229,2.815927029
12031,1.287677646,,
12032,1.287674308,1.811935306,2.816314459
12033,,1.812009931,2.816414595
12036,1.287750483,,
12037,,1.812367201,2.816765547
12039,1.287868857,,
12040,,1.812631845,2.816997051
12043,1.287988424,,
12044,,1.813082099,2.817292929
12051,1.288408279,,
12052,,1.813338876,2.807264566
12054,1.288583994,,
12055,1.288648725,1.813490748,2.804147959
12056,,1.813563585,2.80332303
12062,1.288943052,,
12063,,1.814434528,2.799631119
12065,1.288955808,,
12066,,1.814758897,2.798794985
12070,1.288944721,,
12071,,1.815393806,2.797965527
12073,1.288959861,,
12074,,1.815823913,2.797722101
12075,1.288988352,,
12076,1.289004803,1.816121936,2.797646761
12077,,1.816281915,2.797628164
12078,1.289061308,,
12079,,1.816182733,2.797621965
12080,1.289136648,,
12081,,1.81595695,2.797639847
12084,1.289327383,,
12085,,1.815414667,2.797710419
12087,1.289442778,,
12088,,1.815310955,2.797782183
12091,1.28960681,,
12092,,1.81541431,2.797902584
12095,1.289799094,,
12096,1.289855838,1.8156389,2.798045635
12097,1.289890409,1.815592051,2.798061848
12098,,1.815549135,2.798085928
12101,1.290054798,,
12102,,1.815561771,2.798242331
12103,1.290145516,,
12104,1.290180802,1.8155756,2.798328161
12105,1.290229678,1.815563202,2.798371553
12106,,1.815580249,2.798414469
12108,1.290302753,,
12109,,1.815641284,2.79856348
12111,1.290233254,,
12112,,1.815762758,2.798727989
12126,1.290513992,,
12127,,1.813290596,2.799735308
12128,1.290514708,,
12129,,1.813308954,2.799892426
12133,1.290570617,,
12134,,1.81366539,2.800245523
12135,1.290555239,,
12136,,1.813854456,2.800380468
12139,1.290601373,,
12140,,1.814333081,2.800624609
12142,1.290715098,,
12143,,1.814433694,2.800805807
12145,1.290867805,,
12146,1.29092145,1.814391375,2.800975323
12147,,1.814398646,2.801042795
12150,1.291090488,,
12151,1.291138411,1.814326286,2.801296711
12152,,1.814337611,2.801359415
12154,1.291290402,,
12155,,1.814512253,2.801525354
12158,1.2915169,,
12159,,1.814703941,2.801716805
12163,1.291752219,,
12164,,1.815133929,2.801951647
12165,1.291869044,,
12166,,1.814940095,2.802055836
12168,1.29203856,,
12169,,1.814195991,2.802177668
12173,1.292320371,,
12174,1.292381525,1.813047767,2.80240941
12175,,1.812912226,2.802461386
12176,1.292517304,,
12177,,1.812694192,2.802570581
12178,1.29266274,,
12179,,1.81256187,2.802679539
12180,1.292831659,,
12181,,1.81244266,2.802785397
12182,1.292992234,,
12183,,1.812358618,2.802885532
12187,1.292361259,,
12188,1.292235851,1.812354088,2.803154945
12189,,1.812360644,2.803210258
12190,1.292045116,,
12191,,1.812389731,2.803291798
12200,1.291396856,,
12201,,1.812414169,2.803745031
12202,1.291350722,,
12203,,1.812476039,2.803859711
12204,1.291229725,,
12205,,1.812597632,2.803970575
12207,1.291061521,,
12208,1.291006804,1.812837243,2.804177999
12209,,1.812932849,2.804256201
12210,1.290953875,,
12211,,1.812867999,2.804420471
12212,1.290760756,,
12213,,1.812881351,2.80456686
12214,1.290635586,,
12215,,1.812831521,2.804664373
12219,1.290511489,,
12220,1.290502071,1.812767029,2.804829359
12221,1.290506244,1.812793016,2.804865122
12222,1.29051888,1.812826037,2.804901361
12223,,1.81284821,2.804938078
12224,1.290546536,,
12225,,1.812952042,2.805007458
12226,1.290584207,,
12227,1.290616393,1.813078284,2.80509305
12228,1.290638447,1.813131452,2.805139065
12229,,1.813197613,2.805185556
12234,1.290452123,,
12235,,1.813581109,2.805467129
12240,1.29016149,,
12241,,1.814264655,2.805802107
12243,1.290111065,,
12244,,1.814653635,2.805966139
12248,1.290118933,,
12249,1.290108919,1.815322042,2.806192875
12250,1.29009676,1.815478802,2.806247711
12251,,1.815639138,2.806309223
12252,1.290092707,,
12253,1.290102601,1.815919161,2.805324554
12254,1.29011786,1.816076398,2.804386377
12255,1.290142298,1.816231728,2.803544044
12256,1.290171027,1.816383123,2.80279088
12257,,1.816536307,2.802115917
12258,1.29024446,,
12259,1.290276051,1.816869617,2.800990343
12260,1.290301681,1.817027569,2.800517797
12261,1.290318251,1.817156911,2.800099611
12262,1.29034102,1.817258358,2.799709797
12263,1.290335774,1.817309737,2.799366951
12264,,1.81736362,2.799066782
12265,1.290372729,,
12266,,1.817509651,2.798570633
12267,1.290418029,,
12268,1.290461063,1.81771946,2.798196316
12269,,1.817824244,2.798053026
12271,1.290637016,,
12272,,1.818140149,2.797737122
12274,1.29081738,,
12275,,1.818330169,2.797546625
12277,1.290991902,,
12278,1.291033864,1.818552971,2.797480106
12279,1.291071892,1.818647385,2.797482729
12280,,1.818731904,2.797489405
12282,1.291203141,,
12283,1.291260242,1.816443563,2.797544956
12284,,1.8154459,2.797580242
12288,1.291584611,,
12289,1.291646481,1.811928749,2.797775984
12290,,1.811450005,2.797817469
12291,1.291774869,,
12292,1.291837692,1.810682654,2.797904253
12293,1.291908264,1.810377121,2.797950745
12294,1.291976452,1.810101748,2.797996998
12295,,1.809713125,2.798043966
12299,1.29230392,,
12300,1.292371392,1.808392644,2.798382759
12301,,1.808249593,2.798455477
12304,1.292654276,,
12305,,1.807884336,2.798745155
12306,1.292806268,,
12307,1.292893052,1.807436705,2.798784018
12308,,1.807215214,2.798764706
12309,1.293067455,,
12310,1.293152928,1.806845188,2.798760176
12311,,1.806711674,2.798771858
12312,1.29329145,,
12313,1.293315291,1.806553006,2.798810244
12314,,1.806514144,2.798843622
12315,1.293378353,,
12316,,1.806463003,2.79891634
12318,1.293522835,,
12319,,1.806537867,2.799041748
12322,1.293573856,,
12323,,1.806831479,2.799235344
12324,1.293519616,,
12325,,1.807038069,2.799344063
12327,1.293397784,,
12328,,1.807355881,2.79955101
12329,1.293369174,,
12330,,1.807586432,2.799690723
12339,1.293384314,,
12340,,1.808629274,2.80032444
12342,1.293117642,,
12343,1.292998075,1.808978558,2.800489426
12344,1.292907357,1.80909729,2.800546646
12345,,1.809216619,2.80060029
12346,1.292785883,,
12347,,1.809434891,2.800706625
12354,1.292170048,,
12355,,1.810275078,2.801257849
12358,1.292104363,,
12359,1.292092562,1.810786366,2.801507473
12360,,1.810932994,2.801566839
12361,1.292105675,,
12362,,1.811252594,2.801675081
12363,1.292155743,,
12364,,1.81156683,2.801779985
12369,1.292479277,,
12370,,1.812347651,2.802063704
12371,1.292581439,,
12372,1.292624235,1.812601686,2.80217123
12373,,1.812737703,2.80223608
12375,1.292761922,,
12376,,1.813015938,2.802438736
12378,1.292940497,,
12379,1.293012142,1.813295722,2.802649975
12380,,1.813390613,2.802731514
12381,1.293118238,,
12382,,1.813464522,2.80288887
12387,1.293337941,,
12388,,1.813242674,2.80333972
12392,1.293341994,,
12393,,1.813032627,2.803751707
12395,1.293368936,,
12396,,1.813118815,2.803992033
12397,1.293412447,,
12398,1.293433189,1.813204288,2.804129124
12399,,1.813260913,2.804197073
12403,1.293199778,,
12404,1.293168783,1.813696384,2.804508448
12405,1.293138385,1.813795328,2.804573298
12406,,1.8138901,2.804639101
12411,1.292912841,,
12412,,1.814646006,2.805062294
12413,1.292854667,,
12414,1.292726636,1.814956307,2.80481863
12415,,1.815124869,2.804724932
12417,1.292407751,,
12418,,1.813858867,2.804523945
12421,1.292030215,,
12422,,1.812691689,2.804369926
12424,1.291817784,,
12425,,1.812127948,2.804368973
12427,1.291731119,,
12428,,1.811827898,2.804260969
12429,1.291707039,,
12430,1.291702986,1.811750889,2.804114103
12431,1.291709304,1.811735988,2.804070234
12432,,1.811732292,2.804041147
12433,1.291741729,,
12434,,1.811689734,2.804021597
12436,1.291746497,,
12437,,1.81169188,2.804077625
12439,1.291826129,,
12440,,1.811775684,2.80419898
12442,1.291752219,,
12443,1.291637659,1.811945915,2.804353476
12444,1.291546583,1.812021375,2.804409266
12445,1.291459799,1.812098742,2.804461241
12446,,1.812175989,2.80449748
12447,1.290956616,,
12448,1.290751815,1.812345505,2.804577112
12449,1.290575862,1.812465429,2.804619789
12450,,1.812597036,2.804664373
12451,1.290320516,,
12452,,1.812881112,2.804759502
12454,1.29007113,,
12455,1.289994001,1.813234329,2.804913759
12456,,1.813340187,2.804969072
12458,1.289805532,,
12459,1.289785028,1.81368804,2.804706573
12460,,1.813830018,2.80457449
12465,1.289742947,,
12466,,1.814240575,2.80414319
12468,1.289543152,,
12469,,1.814543605,2.804121733
12471,1.289451957,,
12472,1.289430022,1.814865828,2.80415225
12473,1.289416552,1.814973712,2.804183245
12474,,1.815094471,2.804227114
12478,1.28952527,,
12479,,1.815756679,2.804466724
12484,1.289866567,,
12485,,1.816084623,2.804822206
12486,1.289991021,,
12487,,1.816257477,2.804954052
12492,1.290095329,,
12493,,1.816634178,2.805376053
12495,1.290205002,,
12496,1.29025507,1.816826701,2.805591106
12497,1.290320277,1.816935539,2.8056674
12498,,1.817058444,2.805744171
12502,1.29050529,,
12503,,1.816271901,2.806125641
12510,1.290916204,,
12511,,1.815597177,2.806355715
12512,1.291059017,,
12513,,1.815227151,2.806227446
12515,1.290476441,,
12516,,1.814906001,2.806138277
12520,1.289391518,,
12521,,1.813722372,2.806191444
12523,1.288993239,,
12524,1.288898468,1.813250184,2.806288958
12525,,1.813152671,2.806328535
12526,1.288738132,,
12527,,1.81306994,2.806424141
12528,1.288655281,,
12529,1.288623333,1.813063502,2.80653286
12530,1.288604856,1.813098073,2.806593418
12531,,1.813149571,2.806654453
12532,1.288601398,,
12533,,1.813288212,2.806773901
12534,1.288626909,,
12535,,1.813490748,2.806900501
12536,1.288655162,,
12537,1.288659334,1.813714266,2.807023287
12538,,1.813835979,2.807069778
12540,1.288735151,,
12541,,1.814173937,2.807222366
12542,1.288812041,,
12543,,1.814430952,2.807339907
12549,1.289088368,,
12550,1.289135337,1.806626797,2.807791471
12551,,1.805508614,2.807851553
12552,1.289208055,,
12553,1.289247274,1.803544283,2.807963133
12554,,1.802675128,2.808021545
12561,1.289671183,,
12562,,1.798581839,2.808484316
12564,1.289896131,,
12565,,1.797875166,2.808666229
12567,1.290214658,,
12568,,1.797446966,2.808862448
12570,1.290510416,,
12571,,1.797222614,2.809119225
12572,1.290645361,,
12573,1.290724993,1.797164559,2.809283733
12574,1.290816545,1.797163725,2.809374809
12575,,1.797138572,2.80946207
12577,1.2910707,,
12578,,1.797145724,2.809751749
12580,1.291037321,,
12581,1.29099679,1.797203183,2.810034037
12582,,1.797257185,2.810124397
12584,1.290899277,,
12585,,1.797459126,2.810280561
12586,1.290868759,,
12587,,1.797629952,2.810266495
12588,1.290788651,,
12589,1.290730715,1.797811031,2.8102808
12590,,1.797877789,2.810290337
12592,1.290629864,,
12593,,1.798094273,2.810229301
12598,1.290518165,,
12599,,1.798400521,2.810170174
12601,1.290595293,,
12602,,1.798544526,2.810258865
12603,1.290667534,,
12604,,1.79861939,2.810339451
12605,1.290756941,,
12606,1.290780663,1.798622251,2.810431242
12607,,1.798613548,2.810480356
12609,1.29087317,,
12610,,1.79868269,2.810649872
12613,1.291009545,,
12614,1.291031122,1.79881978,2.810941458
12615,,1.798880696,2.811014652
12616,1.291074991,,
12617,,1.798964381,2.811158419
12620,1.29120183,,
12621,,1.799251676,2.811465979
12622,1.291300654,,
12623,,1.799458385,2.811615467
12626,1.291524649,,
12627,1.291573167,1.799929857,2.811905384
12628,1.291623116,1.80004406,2.811972141
12629,1.291664958,1.800162435,2.812034607
12630,,1.800274014,2.812107325
12631,1.291753173,,
12632,,1.800530791,2.81224966
12633,1.291860104,,
12634,1.291933298,1.80078423,2.812371016
12635,1.292007804,1.800901055,2.812421322
12636,,1.80101347,2.812474728
12640,1.292336941,,
12641,1.29239881,1.801494598,2.812766552
12642,,1.801588416,2.812823772
12643,1.292529583,,
12644,,1.801795125,2.812918186
12645,1.292605281,,
12646,,1.802005649,2.813009262
12648,1.292711377,,
12649,,1.802355409,2.813174963
12651,1.292788148,,
12652,1.292823911,1.800784588,2.81339407
12653,1.292870641,1.800080895,2.813477278
12654,,1.799463868,2.813558817
12655,1.292971969,,
12656,,1.798441172,2.813711166
12658,1.293168187,,
12659,,1.797246933,2.81389761
12660,1.293282866,,
12661,1.293347239,1.796659589,2.81396389
12662,,1.796423316,2.813993216
12663,1.293489933,,
12664,1.293569803,1.796021819,2.81406641
12665,,1.79584074,2.814116001
12666,1.293740511,,
12667,,1.79556489,2.814229012
12668,1.293879151,,
12669,,1.795367718,2.814352989
12670,1.2939744,,
12671,,1.795263529,2.814477205
12673,1.294157863,,
12674,,1.795233846,2.814647913
12675,1.294304252,,
12676,1.294331789,1.79525876,2.814779997
12677,,1.795277715,2.814814568
12681,1.294066668,,
12682,,1.795458555,2.815017223
12683,1.293359756,,
12684,1.293075919,1.795563936,2.81503129
12685,1.29283917,1.795622945,2.815042257
12686,1.292633533,1.79565537,2.815063477
12687,,1.795691609,2.815099001
12688,1.292294741,,
12689,1.292152643,1.795770884,2.815188408
12690,1.292039037,1.79581213,2.815234184
12691,,1.795855165,2.815285683
12695,1.291726828,,
12696,,1.795548081,2.815538406
12698,1.291642189,,
12699,,1.794881105,2.815727949
12700,1.291634917,,
12701,,1.794443727,2.815841675
12703,1.291605711,,
12704,1.291578054,1.793601394,2.81599474
12705,1.291563869,1.793395042,2.8160429
12706,,1.793221354,2.816087723
12710,1.291696548,,
12711,,1.792335749,2.816362381
12716,1.291997433,,
12717,1.292057991,1.79162848,2.815798998
12718,,1.791553617,2.815390825
12719,1.292201996,,
12720,,1.791449666,2.814718008
12722,1.292289734,,
12723,,1.791442871,2.813999414
12724,1.292366266,,
12725,,1.791490078,2.813633442
12727,1.292502642,,
12728,,1.791411281,2.813262463
12731,1.291507363,,
12732,,1.791543722,2.813018322
12734,1.291104436,,
12735,,1.791739702,2.812982559
12736,1.290947556,,
12737,,1.791885495,2.810957432
12740,1.290846944,,
12741,1.290851235,1.792277575,2.804756165
12742,,1.792390227,2.803592205
12745,1.290997148,,
12746,,1.792865515,2.799903631
12748,1.291156054,,
12749,,1.793254972,2.798052311
12751,1.291335344,,
12752,,1.793630004,2.796735287
12753,1.291451335,,
12754,1.291517258,1.793894053,2.796085119
12755,,1.794010997,2.79582119
12765,1.292050242,,
12766,,1.789788008,2.794372559
12769,1.292421937,,
12770,,1.789042711,2.794324398
12774,1.29290688,,
12775,1.2930125,1.788594365,2.794270039
12776,1.293099523,1.788563967,2.794177771
12777,1.293185353,1.788547873,2.794104815
12778,1.293276787,1.788543701,2.79405117
12779,1.293367267,1.788549542,2.794014692
12780,,1.78858459,2.793996334
12785,1.293937445,,
12786,,1.789004803,2.794062614
12790,1.294362307,,
12791,1.294433117,1.789521217,2.794164419
12792,1.294507384,1.789645433,2.79419136
12793,1.294584036,1.789761424,2.794220448
12794,,1.789885402,2.794171095
12798,1.294891596,,
12799,1.294919252,1.790438414,2.794091463
12800,,1.790540576,2.794095039
12803,1.294858694,,
12804,,1.790940166,2.794185162
12806,1.294653773,,
12807,1.294568181,1.791276813,2.794312954
12808,1.2945081,1.79138875,2.794358969
12809,1.294464111,1.791509509,2.794408798
12810,,1.791627169,2.794457436
12811,1.294430733,,
12812,,1.791783094,2.794561148
12813,1.294452906,,
12814,1.29448247,1.791877031,2.794666767
12815,,1.791935325,2.794716835
12816,1.294505477,,
12817,,1.792090416,2.79481411
12820,1.294518471,,
12821,1.294543982,1.792495131,2.795022249
12822,,1.792612076,2.7950809
12823,1.29460454,,
12824,1.294641376,1.792844653,2.795190573
12825,,1.792964816,2.795247793
12828,1.294266462,,
12829,,1.793446422,2.795513868
12830,1.294131994,,
12831,,1.793705225,2.795660973
12837,1.293962836,,
12838,1.293985009,1.794715643,2.796175003
12839,,1.794856071,2.796254396
12842,1.294039965,,
12843,,1.795379758,2.796527386
12846,1.293867707,,
12847,1.293807268,1.795906186,2.796767235
12848,,1.796035647,2.796832323
12849,1.293665767,,
12850,,1.796293139,2.796575785
12851,1.293510675,,
12852,1.293452501,1.796522141,2.796400309
12853,,1.796625376,2.79633522
12855,1.293408871,,
12856,,1.796978474,2.796203375
12857,1.293384194,,
12858,1.293314695,1.797229171,2.79618597
12859,,1.797364593,2.796188116
12862,1.293198586,,
12863,,1.797890067,2.796014547
12864,1.293136001,,
12865,1.29307127,1.798200607,2.795572996
12866,1.292984724,1.798346877,2.795394897
12867,1.292922854,1.79848671,2.795244694
12868,,1.798625827,2.795111418
12869,1.292820692,,
12870,,1.798905373,2.79490757
12871,1.292679548,,
12872,1.292638063,1.79919982,2.794790506
12873,,1.79935348,2.794753551
12877,1.292608857,,
12878,,1.799995422,2.794745445
12881,1.292695403,,
12882,,1.800569177,2.794747114
12883,1.292672753,,
12884,,1.80084765,2.794669867
12885,1.292644501,,
12886,,1.801117897,2.794624805
12888,1.292692661,,
12889,1.292716622,1.801493883,2.794606209
12890,,1.801612854,2.794611931
12891,1.292773843,,
12892,,1.801856041,2.794639587
12896,1.292890549,,
12897,1.29292357,1.802438021,2.794405937
12898,,1.802558064,2.794379234
12899,1.293024659,,
12900,1.293087602,1.80279088,2.792997599
12901,,1.802918434,2.792421818
12908,1.29354167,,
12909,,1.803703189,2.789626598
12911,1.293750882,,
12912,1.293841839,1.803639174,2.789180756
12913,,1.803648591,2.789071798
12914,1.293984652,,
12915,1.294049621,1.803688288,2.788893223
12916,,1.803719282,2.788825274
12918,1.294264793,,
12919,1.294337034,1.803874135,2.788693428
12920,,1.803926587,2.788668871
12922,1.294572711,,
12923,1.294654846,1.804074883,2.788630962
12924,,1.804141283,2.788629532
12926,1.294887304,,
12927,1.294933081,1.804377675,2.788692951
12928,1.294984698,1.804442763,2.788733006
12929,1.295031905,1.804510593,2.788770199
12930,,1.804585218,2.788813353
12931,1.295151114,,
12932,,1.804767847,2.788893461
12938,1.295721054,,
12939,,1.80539453,2.789155722
12944,1.296093822,,
12945,,1.806128621,2.789407253
12947,1.296220541,,
12948,,1.80653131,2.789539337
12953,1.296452403,,
12954,,1.807397366,2.789916515
12955,1.296522379,,
12956,,1.807689905,2.790066957
12959,1.29673481,,
12960,1.296803474,1.808272362,2.790409088
12961,1.296879649,1.80841291,2.790504932
12962,1.296957493,1.808551311,2.79059577
12963,,1.808659077,2.790688992
12964,1.297110438,,
12965,1.297193408,1.808881044,2.790850163
12966,,1.808998823,2.790925741
12967,1.29737401,,
12968,1.297469139,1.809078217,2.791073084
12969,,1.809130788,2.791139603
12976,1.297776103,,
12977,,1.809336424,2.791295767
12979,1.297875524,,
12980,1.297891736,1.809353948,2.791396618
12981,1.297926426,1.80937171,2.79143858
12982,,1.809397221,2.791487932
12985,1.297928929,,
12986,1.297897816,1.809660792,2.791677475
12987,1.297888994,1.809754968,2.791723967
12988,,1.809857726,2.791769028
13002,1.298533916,,
13003,,1.811133623,2.79055953
13006,1.298695087,,
13007,,1.810307145,2.790160418
13008,1.298649073,,
13009,,1.808891177,2.790046453
13010,1.298514247,,
13011,,1.807777643,2.789973497
13013,1.298140645,,
13014,,1.806588769,2.789946795
13017,1.297580123,,
13018,1.297440052,1.805790305,2.790000439
13019,1.297305822,1.805591702,2.790030956
13020,,1.805431247,2.790060759
13023,1.296652198,,
13024,1.296469331,1.80497551,2.790241957
13025,,1.804915309,2.790311575
13028,1.295698524,,
13029,1.295528889,1.804801345,2.790608644
13030,,1.804813385,2.790687561
13033,1.295013428,,
13034,,1.804961324,2.790989637
13037,1.294714451,,
13038,1.294673324,1.805276036,2.791268587
13039,,1.805375218,2.791348219
13042,1.294532895,,
13043,,1.805864334,2.791655779
13044,1.294473767,,
13045,,1.80614543,2.791817188
13047,1.294469953,,
13048,1.294486284,1.806583643,2.792035818
13049,,1.806723475,2.792106152
13050,1.29453826,,
13051,1.294576883,1.807034254,2.792245388
13052,,1.80719471,2.792304516
13058,1.294734359,,
13059,,1.808053255,2.792709589
13063,1.294942737,,
13064,,1.807950616,2.793055296
13065,1.295063376,,
13066,,1.80784452,2.793187141
13067,1.295175433,,
13068,,1.807834864,2.793316364
13070,1.295033693,,
13071,,1.807819605,2.79349637
13074,1.294865966,,
13075,1.294861794,1.807940245,2.793701172
13076,,1.807948112,2.793760538
13079,1.294994354,,
13080,,1.808116913,2.794066668
13081,1.295040488,,
13082,1.295019627,1.808281302,2.794219255
13083,,1.808380365,2.794290781
13088,1.294964552,,
13089,1.295000792,1.808915138,2.79467082
13090,1.29504478,1.808654308,2.794742107
13091,,1.808433414,2.794811487
13094,1.295107961,,
13095,,1.80794704,2.795081377
13096,1.295113802,,
13097,,1.807873011,2.795221567
13100,1.295206547,,
13101,1.295268655,1.80792582,2.795532465
13102,,1.807971597,2.795578241
13103,1.295402288,,
13104,,1.808106184,2.795671701
13105,1.295563102,,
13106,1.295591116,1.808282018,2.795773268
13107,1.295631409,1.80836761,2.795822382
13108,,1.808458924,2.79586792
13110,1.295284271,,
13111,1.295151591,1.808797956,2.796001673
13112,,1.808926344,2.796052456
13116,1.294775128,,
13117,,1.809671521,2.796311617
13120,1.294387341,,
13121,1.294306755,1.810330391,2.796500921
13122,1.294223905,1.810483694,2.796546698
13123,1.294169426,1.810636997,2.796597958
13124,1.294127703,1.81078589,2.79665947
13125,,1.810927272,2.796723127
13126,1.294061303,,
13127,1.29404366,1.811198354,2.796814442
13128,,1.811341047,2.796864748
13129,1.293984294,,
13130,,1.811621547,2.796985149
13133,1.293795347,,
13134,1.293680429,1.812179327,2.795920849
13135,,1.812324643,2.795624256
13144,1.293072224,,
13145,,1.814074278,2.794324636
13148,1.292914152,,
13149,,1.814517021,2.794280291
13150,1.292895555,,
13151,1.292913198,1.814675093,2.794303417
13152,,1.814774275,2.794322252
13154,1.292318583,,
13155,,1.815003753,2.794397593
13158,1.291418314,,
13159,1.291275263,1.815368891,2.794487476
13160,1.291096091,1.815485239,2.794526577
13161,,1.815601468,2.794568777
13162,1.290816188,,
13163,1.290714741,1.815665364,2.794623137
13164,1.290633678,1.815705895,2.794647694
13165,,1.81572032,2.794671297
13166,1.290421605,,
13167,1.290349126,1.815783381,2.794709921
13168,1.290271282,1.815855861,2.79466629
13169,,1.815920591,2.794635534
13173,1.289673686,,
13174,,1.816343307,2.7946105
13175,1.289545178,,
13176,,1.81653285,2.794647694
13181,1.28948164,,
13182,1.289448023,1.816903472,2.794837236
13183,,1.816910505,2.794885874
13190,1.28930378,,
13191,,1.814881086,2.795054197
13193,1.288943172,,
13194,,1.813414574,2.795205832
13195,1.288543105,,
13196,,1.812691808,2.795334816
13198,1.288170099,,
13199,,1.811903954,2.795552492
13201,1.287900925,,
13202,,1.811374187,2.795785189
13203,1.2878052,,
13204,1.287746191,1.811157942,2.795954704
13205,,1.811074138,2.796040058
13206,1.287713528,,
13207,1.287723541,1.81096518,2.796208143
13208,,1.810937166,2.796288252
13210,1.287837505,,
13211,1.28790772,1.810958862,2.796525717
13212,1.287985563,1.811003208,2.796606302
13213,1.288080454,1.811066747,2.796692133
13214,,1.811110377,2.796778679
13217,1.288596511,,
13218,,1.811222076,2.797003508
13219,1.288870811,,
13220,,1.811336517,2.797132254
13221,1.289134622,,
13222,1.289257526,1.811511874,2.797261
13223,,1.811608791,2.797322512
13224,1.289486289,,
13225,,1.811809659,2.797437668
13227,1.289806962,,
13228,1.28991425,1.812122822,2.79663682
13229,1.29003334,1.812221646,2.796282053
13230,1.290164113,1.812315702,2.795966864
13231,,1.812426567,2.795692921
13232,1.290408611,,
13233,,1.812670588,2.795236826
13234,1.290613174,,
13235,1.290713787,1.81288147,2.794894218
13236,,1.813004375,2.794760942
13238,1.290991664,,
13239,,1.813302755,2.794472218
13240,1.291194916,,
13241,,1.813501835,2.794361591
13243,1.291066527,,
13244,1.290960908,1.813851357,2.794271708
13245,1.29087317,1.813969254,2.79425478
13246,1.290795684,1.814082742,2.79425478
13247,,1.814162731,2.794268608
13250,1.289064288,,
13251,,1.814485312,2.794166803
13253,1.287744403,,
13254,,1.814728141,2.794158936
13255,1.287035465,,
13256,,1.814880133,2.794212818
13261,1.285449147,,
13262,,1.815214157,2.794178486
13265,1.284889102,,
13266,1.284806252,1.815242767,2.794197321
13267,,1.815159082,2.794223309
13270,1.28459847,,
13271,1.284582853,1.814988375,2.794248343
13272,,1.814976096,2.794162035
13274,1.284640789,,
13275,1.284682035,1.815025449,2.793983936
13276,,1.81506741,2.793945789
13278,1.284831524,,
13279,1.284890175,1.815173745,2.793922663
13280,,1.815222979,2.793910742
13281,1.285027385,,
13282,1.285103679,1.815320849,2.79391861
13283,,1.815379977,2.793930531
13284,1.28519249,,
13285,1.285251141,1.815543413,2.793982029
13286,1.285328865,1.815591931,2.794017315
13287,,1.815635443,2.7940557
13289,1.285054207,,
13290,1.284918189,1.815869927,2.794153452
13291,1.284809709,1.815953732,2.794170856
13292,,1.816042662,2.794199705
13294,1.284292459,,
13295,,1.816409349,2.794304132
13297,1.283822775,,
13298,,1.816791773,2.79441762
13299,1.283454537,,
13300,,1.816997528,2.794508457
13302,1.28310895,,
13303,,1.817167044,2.794652462
13304,1.282961369,,
13305,,1.81716001,2.794766188
13309,1.282751083,,
13310,1.282734513,1.817301393,2.795095682
13311,,1.817347169,2.795113564
13317,1.28028965,,
13318,,1.817967057,2.794979095
13322,1.278939605,,
13323,,1.818590283,2.793613672
13326,1.278443694,,
13327,,1.819074512,2.793056726
13330,1.278357267,,
13331,,1.819498897,2.792783022
13333,1.278482199,,
13334,,1.81903851,2.792689562
13336,1.278666615,,
13337,1.278726459,1.817504406,2.792666912
13338,,1.817113161,2.792666197
13342,1.279109478,,
13343,1.279183865,1.816044092,2.792778492
13344,,1.815910935,2.792797089
13345,1.279354095,,
13346,1.279300928,1.815695286,2.792794704
13347,1.279278755,1.815617442,2.79278326
13348,,1.815555692,2.792794704
13349,1.279313207,,
13350,1.279347062,1.815456748,2.792831659
13351,1.27938962,1.815424562,2.792864561
13352,,1.81541419,2.792901516
13354,1.279583097,,
13355,,1.815441012,2.793054819
13358,1.279480577,,
13359,,1.815573335,2.792811394
13361,1.27944839,,
13362,1.279382586,1.815855503,2.792752743
13363,,1.815947771,2.792750597
13364,1.279299736,,
13365,,1.816158056,2.792774439
13367,1.27925849,,
13368,1.279254198,1.816466451,2.792864084
13369,1.279179573,1.816567063,2.792876482
13370,,1.816673756,2.792895555
13371,1.27908051,,
13372,1.279030204,1.816926718,2.792922497
13373,,1.816969991,2.792951107
13374,1.278867722,,
13375,,1.817075491,2.793038368
13377,1.278629661,,
13378,,1.817339659,2.793207169
13385,1.278381824,,
13386,1.278394222,1.817972183,2.793783188
13387,1.278417468,1.817809224,2.793867588
13388,1.278450489,1.817681909,2.79395175
13389,,1.817576766,2.794035196
13392,1.27851522,,
13393,,1.817368627,2.794340611
13403,1.279052854,,
13404,1.279019475,1.816349149,2.795293093
13405,1.278994441,1.815954685,2.795382738
13406,1.278985858,1.815597057,2.795466661
13407,,1.815199256,2.795554638
13408,1.27899313,,
13409,,1.814547896,2.795722246
13412,1.278977156,,
13413,1.279007196,1.813697696,2.795991898
13414,,1.813351274,2.796056032
13419,1.279307961,,
13420,,1.812186122,2.796550512
13428,1.279518127,,
13429,,1.812326908,2.797382355
13431,1.279206514,,
13432,,1.812628746,2.797646284
13433,1.278773308,,
13434,,1.812807202,2.797812939
13435,1.27848053,,
13436,1.278372645,1.812926173,2.79798007
13437,1.278291106,1.81297183,2.798077345
13438,1.278226376,1.813042998,2.798198223
13439,1.278186202,1.813113451,2.798320055
13440,1.278158665,1.813194394,2.798327923
13441,,1.813257813,2.79834795
13442,1.278103709,,
13443,,1.813442469,2.798398256
13445,1.277920365,,
13446,,1.813773036,2.798499346
13447,1.277767539,,
13448,1.277727365,1.813969135,2.798363924
13449,1.277713656,1.814078093,2.798316956
13450,1.277733564,1.814183593,2.798283815
13451,,1.814299583,2.798263073
13454,1.277932763,,
13455,1.277989626,1.814811707,2.798227549
13456,,1.814952612,2.798226118
13462,1.278551936,,
13463,1.278563142,1.815930963,2.798451185
13464,1.278594136,1.816090226,2.798518658
13465,,1.81626308,2.79856658
13467,1.278700471,,
13468,,1.816791415,2.798665047
13471,1.278108358,,
13472,1.277880311,1.817551613,2.798825264
13473,,1.817734361,2.798886061
13475,1.277371049,,
13476,1.277241349,1.818308234,2.79903388
13477,,1.818497658,2.799096823
13481,1.276121736,,
13482,1.275765777,1.819351077,2.799391508
13483,,1.819515228,2.799447298
13489,1.274231434,,
13490,1.274116397,1.820402265,2.799916029
13491,,1.8205024,2.799994946
13500,1.273414612,,
13501,1.273362398,1.817653894,2.800530434
13502,,1.817432165,2.800559759
13506,1.273350358,,
13507,1.273335814,1.815998793,2.800800085
13508,,1.815718293,2.800863028
13509,1.273339391,,
13510,,1.815307975,2.801007509
13517,1.273412704,,
13518,,1.814911962,2.80159831
13520,1.273367047,,
13521,,1.815107465,2.801822424
13524,1.273559093,,
13525,1.273432374,1.815045118,2.802141428
13526,1.273333311,1.815014005,2.802222729
13527,,1.815006018,2.802297831
13530,1.273165226,,
13531,,1.814826369,2.802569151
13537,1.273317456,,
13538,,1.814565539,2.802788496
13539,1.273454309,,
13540,,1.814041376,2.802796125
13543,1.273569822,,
13544,,1.813240051,2.802877188
13545,1.273668528,,
13546,1.27372551,1.812994003,2.802962542
13547,1.273795009,1.81289494,2.803019762
13548,1.273855686,1.812808037,2.803074837
13549,1.273936629,1.812745214,2.803130388
13550,1.2740165,1.812713265,2.803190708
13551,,1.812692165,2.803253651
13552,1.2742064,,
13553,,1.812534094,2.803387403
13555,1.274383545,,
13556,1.274410248,1.812438011,2.803586721
13557,,1.812440395,2.803654432
13559,1.274573088,,
13560,,1.81186986,2.803882122
13562,1.27487731,,
13563,,1.810390949,2.804140806
13565,1.275232077,,
13566,1.275350451,1.809425831,2.804426193
13567,,1.809195876,2.80452013
13570,1.275851011,,
13571,,1.808444738,2.804821968
13575,1.276299953,,
13576,,1.807858348,2.804967403
13583,1.274903774,,
13584,1.274700522,1.807615757,2.805423737
13585,,1.807607055,2.805497169
13588,1.274228096,,
13589,,1.807769537,2.805308342
13594,1.273833513,,
13595,,1.808205724,2.805368662
13598,1.273768544,,
13599,1.273792386,1.808483839,2.805489302
13600,,1.80854857,2.805407763
13604,1.273954272,,
13605,1.273953557,1.808988094,2.805062056
13606,1.273961782,1.809100628,2.805020809
13607,1.273969054,1.809219718,2.805014372
13608,,1.809328079,2.805026531
13612,1.27371645,,
13613,,1.810031295,2.805150747
13619,1.273398519,,
13620,,1.811035395,2.805423021
13624,1.273098707,,
13625,1.273057938,1.811583996,2.805663586
13626,,1.811729789,2.805730581
13630,1.273027301,,
13631,,1.812393904,2.805626392
13634,1.273206234,,
13635,,1.812921166,2.80549407
13636,1.273347259,,
13637,1.273426056,1.813189983,2.805469751
13638,,1.813339233,2.80546093
13642,1.273811817,,
13643,,1.814075708,2.805570364
13646,1.274323463,,
13647,1.274458766,1.814669609,2.805737019
13648,,1.814836502,2.805555105
13651,1.27502203,,
13652,1.275137067,1.81548512,2.805050373
13653,,1.815611005,2.804965258
13655,1.275512218,,
13656,,1.816027999,2.804719448
13658,1.275896668,,
13659,,1.816486239,2.804648638
13660,1.276103854,,
13661,1.276220322,1.816759706,2.804666758
13662,1.2763201,1.816900253,2.804587364
13663,,1.817035675,2.804536104
13664,1.276539326,,
13665,,1.817325592,2.80446291
13672,1.277044535,,
13673,,1.818217397,2.804622889
13675,1.277205348,,
13676,1.277264714,1.818503141,2.80477643
13677,1.277334213,1.818625093,2.804825783
13678,1.277405739,1.818720222,2.804878235
13679,,1.818813205,2.804936171
13681,1.277670145,,
13682,,1.819204926,2.805175304
13683,1.277776241,,
13684,1.277793646,1.819479227,2.80532527
13685,1.277431011,1.819621563,2.805400133
13686,,1.819766045,2.805477381
13691,1.275800347,,
13692,1.275625706,1.820644855,2.80601263
13693,,1.820777416,2.806107521
13697,1.275130749,,
13698,1.275072813,1.821537852,2.806509495
13699,1.27486372,1.821700335,2.806576729
13700,,1.821871161,2.806643486
13702,1.274395585,,
13703,,1.82234776,2.806863546
13706,1.274043441,,
13707,1.274007082,1.822380066,2.807149172
13708,,1.822404861,2.807219267
13711,1.273014069,,
13712,,1.822622657,2.807314396
13713,1.272277951,,
13714,1.271857619,1.822764516,2.807346582
13715,1.271504283,1.82285893,2.807367325
13716,,1.822961688,2.807387829
13724,1.269744635,,
13725,1.269600868,1.824264288,2.807740211
13726,,1.824385881,2.807688236
13729,1.269133329,,
13730,,1.824893475,2.80759573
13735,1.269064665,,
13736,,1.825724244,2.807672262
13737,1.269148588,,
13738,1.26917994,1.826011062,2.807778835
13739,1.2692343,1.826168895,2.807832956
13740,,1.82626164,2.807900429
13742,1.269430876,,
13743,1.269503236,1.82656157,2.808122873
13744,,1.826687813,2.808195114
13750,1.270032048,,
13751,1.270123363,1.827873707,2.808568478
13752,1.270229459,1.827932835,2.808604717
13753,,1.828010082,2.808647394
13765,1.271561265,,
13766,,1.829295754,2.809468985
13767,1.271775246,,
13768,,1.829680562,2.809597015
13769,1.271978617,,
13770,1.27200675,1.830053449,2.80972743
13771,,1.830236793,2.809791327
13778,1.271987915,,
13779,1.272014141,1.830728292,2.810331106
13780,,1.830846667,2.81039834
13788,1.27180028,,
13789,1.271733403,1.831952453,2.810620546
13790,,1.831995368,2.81063509
13792,1.271642685,,
13793,1.271634221,1.832165718,2.810780048
13794,,1.83227253,2.810851336
13796,1.271720171,,
13797,,1.832616806,2.811099052
13798,1.271870255,,
13799,1.271955132,1.832815766,2.811275959
13800,,1.832927227,2.811359644
13802,1.27224648,,
13803,1.272323966,1.833228707,2.811598539
13804,,1.833326459,2.811679363
13806,1.272572041,,
13807,,1.833298802,2.811907291
13815,1.27273941,,
13816,,1.830478191,2.812626839
13817,1.272834301,,
13818,1.272888899,1.829554677,2.812792063
13819,,1.829174638,2.812879562
13820,1.273002982,,
13821,,1.828616261,2.813066244
13825,1.273319364,,
13826,,1.827762842,2.813500881
13829,1.273366451,,
13830,1.273405313,1.827566743,2.813775063
13831,1.273446441,1.827567101,2.813844204
13832,,1.827582002,2.813919067
13837,1.273383856,,
13838,,1.82789278,2.814260721
13839,1.273492098,,
13840,1.273581505,1.828048348,2.81411624
13841,,1.828088999,2.814059258
13842,1.273802876,,
13843,,1.828197718,2.813987017
13845,1.274181843,,
13846,,1.824869633,2.813946247
13849,1.27455771,,
13850,,1.821856976,2.813967943
13851,1.274517894,,
13852,,1.820806384,2.814033747
13854,1.274491429,,
13855,,1.818960786,2.814192057
13858,1.274465084,,
13859,,1.815911174,2.814463377
13860,1.274563432,,
13861,1.27462852,1.814809322,2.814616203
13862,1.274676681,1.814334512,2.81469965
13863,,1.813893676,2.814785004
13864,1.274761558,,
13865,,1.813153744,2.814949989
13866,1.274836898,,
13867,,1.81257534,2.815105915
13870,1.27514863,,
13871,1.275225997,1.811861396,2.815391541
13872,,1.811763048,2.815467119
13875,1.275599241,,
13876,1.275720954,1.81159246,2.815776825
13877,,1.811603904,2.815857649
13878,1.275903702,,
13879,,1.811656713,2.816028595
13880,1.276074648,,
13881,,1.811597586,2.81617856
13884,1.2765342,,
13885,1.276671886,1.811774731,2.816476107
13886,1.27682066,1.811838269,2.816520929
13887,1.276964068,1.811867833,2.81650877
13888,1.277104139,1.811907411,2.816501856
13889,,1.811977625,2.816470861
13893,1.277728558,,
13894,,1.812114596,2.816446066
13896,1.27808702,,
13897,,1.810298562,2.816498756
13899,1.278371692,,
13900,,1.808445692,2.815665483
13901,1.278551579,,
13902,,1.807587266,2.814979553
13909,1.279044747,,
13910,1.279050827,1.805872202,2.813652754
13911,,1.805772781,2.813592672
13912,1.279096484,,
13913,,1.805663705,2.813512564
13915,1.279036403,,
13916,,1.805538535,2.813497782
13917,1.27874434,,
13918,,1.805513024,2.813530207
13919,1.278504133,,
13920,1.278372884,1.805570126,2.813585043
13921,1.278268218,1.805514455,2.813613892
13922,,1.805450201,2.813648701
13926,1.277607918,,
13927,,1.805428505,2.813840628
13929,1.277489781,,
13930,,1.805565357,2.813879967
13931,1.277511001,,
13932,,1.805635333,2.813833952
13934,1.277597904,,
13935,1.277626872,1.805736423,2.813865185
13936,,1.805744886,2.813897371
13938,1.277800798,,
13939,,1.805840254,2.814038515
13941,1.278026581,,
13942,1.278116345,1.805842996,2.814200163
13943,1.278136611,1.805872679,2.814253092
13944,,1.805903673,2.814315319
13954,1.276449919,,
13955,,1.806137204,2.815220118
13958,1.275868058,,
13959,,1.806393504,2.815548658
13960,1.275753617,,
13961,1.275715351,1.806517959,2.81572032
13962,1.275673151,1.80658114,2.815802336
13963,,1.806664586,2.815891743
13965,1.275464535,,
13966,,1.806031823,2.816125393
13968,1.275257945,,
13969,,1.805332541,2.816344261
13971,1.275318861,,
13972,,1.80495286,2.816616297
13974,1.275457978,,
13975,,1.804697514,2.816903114
13977,1.275714874,,
13978,1.275813937,1.804584742,2.817219734
13979,,1.804577112,2.817323208
13981,1.27613771,,
13982,1.276237249,1.803850889,2.817646503
13983,,1.803682446,2.817756653
13984,1.276430607,,
13985,,1.8034482,2.817997932
13986,1.275212884,,
13987,,1.803321838,2.818248034
13989,1.272108912,,
13990,1.271295071,1.802856803,2.818606377
13991,1.270493627,1.802476883,2.818715334
13992,1.269741416,1.802115798,2.818829298
13993,1.268993974,1.801796556,2.818943262
13994,1.268329978,1.80151999,2.819059372
13995,,1.801290512,2.81916976
13996,1.267130852,,
13997,1.266628146,1.800848484,2.819373131
13998,1.266190767,1.80062604,2.819491148
13999,,1.800439,2.819602013
14003,1.264656305,,
14004,,1.799669743,2.82010746
14008,1.263542533,,
14009,,1.799476027,2.820576429
14012,1.262951851,,
14013,,1.799493074,2.820937395
14014,1.262728095,,
14015,,1.799572945,2.82109642
14018,1.262542963,,
14019,,1.799813032,2.821237803
14023,1.262372971,,
14024,1.262380838,1.80026412,2.821487427
14025,1.26238811,1.800354958,2.821539402
14026,,1.800472021,2.821592569
14027,1.262429118,,
14028,,1.80071187,2.821725607
14032,1.262743711,,
14033,1.262824893,1.800835848,2.822148085
14034,1.262900352,1.800817847,2.822232485
14035,1.262982845,1.800795078,2.822336435
14036,1.263068557,1.800806403,2.82243228
14037,,1.800845146,2.822491884
14038,1.263271093,,
14039,1.263400435,1.80093658,2.822637796
14040,,1.800986648,2.822719812
14041,1.263710856,,
14042,1.263862491,1.801122189,2.822910786
14043,1.263886809,1.799726486,2.822999716
14044,,1.798488498,2.823089123
14046,1.26394093,,
14047,1.26398766,1.795495152,2.823415756
14048,,1.79469943,2.823530674
14050,1.264175534,,
14051,,1.792834163,2.823867559
14053,1.264480472,,
14054,,1.791573048,2.824205637
14057,1.26495707,,
14058,,1.790449381,2.824537992
14059,1.264879227,,
14060,,1.79001987,2.824666262
14062,1.264897346,,
14063,,1.789626479,2.824857473
14070,1.265453458,,
14071,,1.789494276,2.822823286
14075,1.265626073,,
14076,,1.789692402,2.821935415
14077,1.265724063,,
14078,,1.789851904,2.821698427
14080,1.265840411,,
14081,1.26588428,1.790178061,2.821474314
14082,,1.790283084,2.821428776
14083,1.266014695,,
14084,1.266112924,1.790508509,2.821374655
14085,,1.790635467,2.821363926
14086,1.266273022,,
14087,,1.790859818,2.821374416
14089,1.266370773,,
14090,,1.79123807,2.821420193
14101,1.267417431,,
14102,,1.791765213,2.821961164
14104,1.267766714,,
14105,,1.791740894,2.821872234
14107,1.268128991,,
14108,,1.791855097,2.821666241
14109,1.268303514,,
14110,,1.791987062,2.821590662
14111,1.268450737,,
14112,1.268537521,1.792148471,2.821560383
14113,,1.792238832,2.821559906
14118,1.269167781,,
14119,1.269311428,1.792854905,2.820892572
14120,1.269450903,1.792971015,2.82073307
14121,,1.793062449,2.820600986
14122,1.269702792,,
14123,1.269786358,1.793256044,2.820407629
14124,1.269895196,1.793350577,2.820328712
14125,1.270007253,1.793446898,2.820273638
14126,,1.793555379,2.820236206
14127,1.270195484,,
14128,,1.793806314,2.8201828
14129,1.270284414,,
14130,,1.79408884,2.820099115
14132,1.26986146,,
14133,,1.79455328,2.820007324
14135,1.269684672,,
14136,,1.795033216,2.819931746
14138,1.269696474,,
14139,,1.79551208,2.819919586
14149,1.27009666,,
14150,1.270141721,1.797365427,2.820543528
14151,,1.797527432,2.820618629
14157,1.270444036,,
14158,1.270508885,1.798584223,2.821182251
14159,1.270540118,1.7987293,2.821281195
14160,,1.79888165,2.82138133
14161,1.270642281,,
14162,1.270715833,1.799192905,2.821567297
14163,,1.799356103,2.821650505
14169,1.270679116,,
14170,,1.80050087,2.822283745
14171,1.270720482,,
14172,,1.800809503,2.822472811
14174,1.270716786,,
14175,,1.801167846,2.822751045
14178,1.270946145,,
14179,1.271051764,1.80150187,2.823060036
14180,,1.801586151,2.823128462
14181,1.271237254,,
14182,1.271275163,1.801774979,2.823250771
14183,1.271324039,1.801873565,2.823307514
14184,1.27137959,1.80197072,2.823366404
14185,,1.802096128,2.823346376
14186,1.271505475,,
14187,,1.802416444,2.823314428
14189,1.27167666,,
14190,1.27177763,1.802654624,2.823283672
14191,,1.802697897,2.823282242
14192,1.271990776,,
14193,1.272111297,1.802797914,2.823310137
14194,,1.802848935,2.823325872
14195,1.272344232,,
14196,,1.802988768,2.823390961
14198,1.272639394,,
14199,1.272731543,1.80324173,2.823531628
14200,,1.803335905,2.823578119
14204,1.273323417,,
14205,1.273462415,1.803863883,2.823435545
14206,1.273597836,1.803990722,2.823396206
14207,,1.804120421,2.823369026
14209,1.273867607,,
14210,,1.804534554,2.823335409
14212,1.273944259,,
14213,1.273989081,1.804970384,2.823370218
14214,1.274039149,1.805128098,2.823388577
14215,,1.805281878,2.823413372
14224,1.274883866,,
14225,,1.806672812,2.823981285
14226,1.275052667,,
14227,1.27513659,1.806519508,2.824141502
14228,,1.806249261,2.824221611
14229,1.275332928,,
14230,1.275456905,1.805795074,2.824395657
14231,1.275588632,1.805638671,2.824506521
14232,1.275732279,1.805507064,2.824607372
14233,,1.805404186,2.824714899
14236,1.276337147,,
14237,,1.805204034,2.824772358
14238,1.276644707,,
14239,,1.805114627,2.824841976
14252,1.278313398,,
14253,,1.805420995,2.824277163
14258,1.279064655,,
14259,1.27920413,1.806006908,2.822210312
14260,,1.806095481,2.821964741
14261,1.279442787,,
14262,,1.806286812,2.819917202
14263,1.279726028,,
14264,,1.806473374,2.813845634
14269,1.280809999,,
14270,1.280985236,1.806527972,2.801746845
14271,1.281164646,1.806539655,2.800383806
14272,,1.806563973,2.799159288
14277,1.278245211,,
14278,,1.806793213,2.794081926
14282,1.277115464,,
14283,,1.807005048,2.791791439
14284,1.276845574,,
14285,,1.807171464,2.790639162
14286,1.276682973,,
14287,,1.807396293,2.789720535
14292,1.275275826,,
14293,,1.808177471,2.787311792
14295,1.274575591,,
14296,,1.808600545,2.786659718
14300,1.273886561,,
14301,1.273794532,1.809354067,2.786053419
14302,,1.809534788,2.785978556
14305,1.273587942,,
14306,1.273602724,1.810293794,2.785229921
14307,,1.81047678,2.785100937
14312,1.273778915,,
14313,,1.811483741,2.784618139
14314,1.273912668,,
14315,1.273992777,1.811791778,2.784527063
14316,,1.811936259,2.784493923
14319,1.27436769,,
14320,1.274484038,1.812511802,2.784404755
14321,,1.812620282,2.784396887
14324,1.27484107,,
14325,1.274958849,1.813032746,2.784431696
14326,,1.813136816,2.784452438
14331,1.275151372,,
14332,,1.813858509,2.784609795
14337,1.275163412,,
14338,,1.813886523,2.78489542
14339,1.275205731,,
14340,1.275240064,1.813932657,2.784998178
14341,,1.813962579,2.785046101
14346,1.275540829,,
14347,1.275651217,1.814197659,2.785271168
14348,1.27577126,1.814154744,2.785314083
14349,1.275894284,1.814138293,2.785352945
14350,,1.81413269,2.785390377
14352,1.276164651,,
14353,1.276202917,1.814225793,2.785519838
14354,1.276160717,1.81427598,2.785563231
14355,1.27614677,1.814327002,2.785604239
14356,1.276139975,1.814407587,2.785649776
14357,,1.81447506,2.785696745
14358,1.276198149,,
14359,1.276233673,1.814685106,2.785796404
14360,,1.814813137,2.785847425
14362,1.276326895,,
14363,1.276370049,1.815213561,2.785988331
14364,1.276440144,1.81536746,2.786029577
14365,,1.815508008,2.786068439
14366,1.276633501,,
14367,,1.815805435,2.786148071
14368,1.276864648,,
14369,,1.816094756,2.786240101
14371,1.277262568,,
14372,,1.816368341,2.786369085
14376,1.277912736,,
14377,,1.816734076,2.78656745
14379,1.277405977,,
14380,,1.81700623,2.786720753
14382,1.275773406,,
14383,,1.817085147,2.786878109
14386,1.274512172,,
14387,1.274288774,1.817316771,2.787091732
14388,,1.817392945,2.787137747
14390,1.27384913,,
14391,1.273735285,1.817619801,2.787265778
14392,,1.817653418,2.787312984
14395,1.27350533,,
14396,,1.81789577,2.787531853
14397,1.273512602,,
14398,1.273471355,1.818070054,2.787621021
14399,1.273186803,1.818172932,2.78766036
14400,1.272950172,1.818287015,2.787698507
14401,1.272368789,1.818393111,2.787716627
14402,,1.818515778,2.787735939
14406,1.270519257,,
14407,,1.818873167,2.787885904
14410,1.269648433,,
14411,,1.818778634,2.788049459
14413,1.269406915,,
14414,1.269382715,1.818813562,2.788172722
14415,1.269366384,1.818879247,2.788208485
14416,1.269377351,1.818934917,2.788246632
14417,,1.818999052,2.788286209
14418,1.269442797,,
14419,,1.819144487,2.788357496
14439,1.271476984,,
14440,1.271555066,1.82218504,2.788817167
14441,,1.822379351,2.788700342
14443,1.271830797,,
14444,,1.822945476,2.788452387
14445,1.271829367,,
14446,1.271759748,1.823290586,2.788352728
14447,1.27171278,1.823463798,2.788317204
14448,,1.823641419,2.788290501
14449,1.271617889,,
14450,1.271611571,1.82392478,2.788256884
14451,1.271624565,1.824074268,2.788247108
14452,1.271656871,1.824225426,2.788247824
14453,1.271692991,1.824395061,2.788253069
14454,1.271747828,1.824565411,2.788262129
14455,,1.824728489,2.788275957
14456,1.271957517,,
14457,,1.825066686,2.78830719
14458,1.27216804,,
14459,,1.825438738,2.788203239
14460,1.272439599,,
14461,1.27256918,1.825764179,2.788012505
14462,1.272663116,1.825941443,2.787936449
14463,1.272760749,1.826120853,2.787872076
14464,1.272842288,1.826283574,2.787818193
14465,1.272845864,1.826454282,2.787784815
14466,,1.826625943,2.78775692
14471,1.272997022,,
14472,1.273036957,1.82708025,2.787695885
14473,,1.827129006,2.78769803
14474,1.273087621,,
14475,,1.827291489,2.787713528
14480,1.273511052,,
14481,1.273614287,1.820629954,2.7878654
14482,,1.819730878,2.78786087
14483,1.273836732,,
14484,,1.818255186,2.787887335
14486,1.27412343,,
14487,1.274218917,1.816608787,2.787936687
14488,1.274315834,1.816193581,2.787953138
14489,1.274410486,1.815795898,2.787974596
14490,,1.815459251,2.787997961
14500,1.275304317,,
14501,1.275405526,1.813623786,2.788205385
14502,1.275521159,1.813555002,2.788101435
14503,1.275642753,1.813512921,2.788019896
14504,,1.813444734,2.787951469
14505,1.27588141,,
14506,1.275935769,1.813323379,2.787846088
14507,,1.813305378,2.787809372
14509,1.276061296,,
14510,,1.813406467,2.78775692
14511,1.276215792,,
14512,,1.813539147,2.787742138
14515,1.276572108,,
14516,,1.813781261,2.787767649
14518,1.276875257,,
14519,,1.813856959,2.787855864
14524,1.27762413,,
14525,,1.814335108,2.788119793
14526,1.277842164,,
14527,1.27796495,1.814565897,2.788232088
14528,1.278088331,1.814596891,2.788287401
14529,1.278199553,1.814596176,2.788342953
14530,,1.814605236,2.788398743
14534,1.278852582,,
14535,,1.814719319,2.788636446
14536,1.279131651,,
14537,,1.814786315,2.78874445
14538,1.279423356,,
14539,,1.814946413,2.788856268
14544,1.280440211,,
14545,,1.815401435,2.789207458
14546,1.280827761,,
14547,1.281026363,1.81560421,2.789317369
14548,1.281204343,1.815702081,2.78937459
14549,1.281314492,1.815806389,2.789422035
14550,,1.815926433,2.789465189
14551,1.281589866,,
14552,,1.816078901,2.789546967
14558,1.282455206,,
14559,,1.816918969,2.789917946
14560,1.282657266,,
14561,,1.817177176,2.790041208
14563,1.28295505,,
14564,1.283038974,1.817419529,2.790222406
14565,,1.817512631,2.790278912
14570,1.283699989,,
14571,,1.81829226,2.790634155
14572,1.283973455,,
14573,,1.818567872,2.790762663
14574,1.284239054,,
14575,1.284324646,1.818871021,2.790885925
14576,,1.819019318,2.790941715
14577,1.284519553,,
14578,,1.819323778,2.791042805
14585,1.285311103,,
14586,,1.820390463,2.791428804
14587,1.28555131,,
14588,1.285697818,1.820658207,2.791549444
14589,,1.820799947,2.791613579
14598,1.287001133,,
14599,,1.821558714,2.788961172
14602,1.287338734,,
14603,,1.821791291,2.786123276
14605,1.287647367,,
14606,1.287749767,1.822101116,2.784706831
14607,,1.822203279,2.784331799
14614,1.288696647,,
14615,1.288764,1.823209405,2.7826581
14616,1.288839698,1.823338151,2.782552004
14617,,1.823459506,2.782458067
14621,1.289350867,,
14622,1.289427161,1.824130058,2.782197475
14623,1.289505363,1.824272275,2.782172203
14624,,1.824268222,2.782151937
14628,1.289963126,,
14629,,1.824510932,2.781999826
14632,1.290393233,,
14633,,1.824784636,2.781997442
14635,1.290715814,,
14636,1.290840864,1.824904442,2.782053947
14637,1.290963769,1.824939013,2.782082081
14638,1.291080952,1.824982166,2.782113791
14639,,1.82503736,2.782146454
14642,1.291541696,,
14643,,1.825157046,2.782344818
14644,1.291679502,,
14645,1.291705847,1.825261354,2.782278776
14646,1.291736364,1.82534039,2.782258034
14647,,1.825380802,2.782239199
14649,1.291845679,,
14650,1.291917443,1.825547099,2.782216072
14651,1.292011499,1.825601935,2.78221941
14652,,1.825637341,2.782225609
14653,1.292180896,,
14654,1.292268157,1.825508714,2.782254934
14655,,1.825484157,2.782274246
14657,1.292187572,,
14658,,1.825542808,2.782344341
14661,1.292212844,,
14662,,1.825746655,2.782460928
14664,1.292374015,,
14665,1.292424917,1.825947881,2.782571554
14666,1.292466998,1.826032162,2.782604933
14667,1.292526841,1.826133728,2.782642603
14668,1.29256916,1.826249957,2.782682657
14669,,1.826380372,2.782717466
14670,1.292688131,,
14671,,1.826628089,2.78278327
14673,1.292885184,,
14674,,1.826880813,2.782890797
14675,1.293019772,,
14676,1.293050289,1.82711482,2.78298068
14677,1.293090105,1.827250361,2.783026934
14678,1.293128371,1.827391267,2.783074617
14679,,1.82753706,2.78312254
14684,1.29354012,,
14685,,1.828275561,2.783383608
14686,1.293845534,,
14687,,1.828543186,2.783494234
14688,1.29414928,,
14689,,1.828849554,2.783598661
14690,1.294322968,,
14691,,1.829157591,2.783622265
14693,1.294488549,,
14694,,1.829620957,2.783722878
14697,1.294547915,,
14698,,1.830059648,2.78386426
14699,1.294669747,,
14700,1.294619679,1.830285907,2.783938169
14701,,1.830384374,2.783982754
14704,1.294510126,,
14705,,1.830713153,2.78423214
14708,1.294253826,,
14709,1.294129491,1.830918908,2.784226894
14710,1.293945551,1.830950975,2.784181118
14711,,1.830997348,2.784145117
14712,1.293386459,,
14713,,1.830959082,2.784095764
14714,1.2927109,,
14715,,1.830988407,2.784074545
14716,1.292277336,,
14717,1.292116642,1.831000209,2.784058809
14718,,1.83098042,2.784056664
14719,1.291756511,,
14720,,1.831002355,2.784062624
14721,1.29150629,,
14722,1.291425824,1.831061006,2.784076929
14723,,1.831118703,2.784086943
14727,1.290477514,,
14728,,1.831477284,2.784186125
14729,1.290207267,,
14730,,1.831666231,2.784261465
14733,1.290001154,,
14734,1.29002285,1.832065701,2.784441948
14735,1.290046811,1.83215189,2.784498453
14736,1.290110707,1.832233667,2.784557581
14737,,1.83229351,2.784615755
14741,1.290391803,,
14742,,1.832534671,2.782617569
14747,1.290980339,,
14748,,1.824696422,2.780904531
14750,1.291309118,,
14751,,1.820564151,2.780438662
14752,1.291376472,,
14753,1.29143858,1.818513155,2.780223131
14754,,1.817658186,2.780139446
14756,1.291671634,,
14757,,1.815601707,2.779958487
14759,1.291933537,,
14760,,1.814226151,2.779885769
14764,1.292437434,,
14765,1.292535663,1.812894464,2.779929161
14766,,1.812736034,2.77993989
14767,1.292736411,,
14768,1.292844653,1.812460661,2.779980183
14769,,1.81236136,2.780007124
14770,1.293062806,,
14771,,1.81222713,2.780059814
14773,1.293309212,,
14774,,1.812118053,2.780162096
14776,1.29315424,,
14777,,1.812158704,2.780292511
14778,1.292840719,,
14779,,1.812224746,2.780391693
14780,1.292630792,,
14781,,1.812337995,2.780491114
14782,1.292535543,,
14783,,1.812453032,2.780583382
14786,1.2923733,,
14787,1.291818023,1.812687159,2.780781984
14788,1.291312933,1.812769532,2.780832291
14789,,1.812854886,2.780882597
14799,1.288898349,,
14800,,1.8136127,2.781363964
14802,1.289030313,,
14803,,1.813643575,2.781487226
14804,1.289114475,,
14805,1.289164662,1.813710451,2.781581402
14806,,1.813748956,2.781636477
14807,1.289303064,,
14808,1.28939724,1.813858509,2.781740904
14809,,1.813908458,2.781787634
14810,1.289601326,,
14811,,1.814042687,2.781876564
14816,1.289802194,,
14817,1.28960526,1.814589977,2.782120466
14818,,1.814695001,2.782155991
14820,1.289201379,,
14821,,1.814973474,2.782268047
14834,1.289155722,,
14835,,1.816446543,2.780899286
14836,1.289218664,,
14837,1.289292455,1.816691041,2.780571699
14838,,1.816794276,2.780437946
14841,1.28973031,,
14842,1.289896369,1.817269206,2.780054092
14843,,1.817395806,2.779995918
14852,1.290013313,,
14853,,1.818775535,2.78004241
14856,1.289146185,,
14857,,1.819389939,2.780233622
14860,1.288748145,,
14861,,1.819993019,2.78047204
14863,1.28866601,,
14864,,1.82043016,2.780654192
14865,1.288622379,,
14866,,1.820706487,2.78074646
14868,1.28868413,,
14869,,1.821098924,2.780903339
14870,1.288820982,,
14871,1.28891468,1.821326494,2.781022072
14872,,1.821421027,2.781073809
14874,1.289207339,,
14875,,1.821698666,2.781256199
14878,1.289030671,,
14879,,1.822022676,2.781528473
14884,1.287237406,,
14885,1.287033558,1.822660208,2.781912804
14886,,1.822732568,2.781967878
14887,1.286480188,,
14888,,1.822844267,2.78208971
14889,1.286071658,,
14890,,1.822932482,2.782181263
14893,1.284346342,,
14894,,1.823137522,2.782365084
14895,1.2821244,,
14896,1.281200767,1.823319554,2.782452106
14897,1.280388713,1.823411465,2.782499075
14898,,1.823497057,2.782547712
14899,1.279025435,,
14900,1.27843225,1.823448896,2.782640934
14901,,1.82344234,2.782690287
14903,1.277146578,,
14904,,1.823576331,2.782852411
14910,1.274865985,,
14911,1.274657011,1.824102998,2.783252001
14912,,1.823137045,2.783320427
14916,1.274171472,,
14917,1.274159789,1.819598079,2.783671379
14918,,1.819029808,2.783741713
14919,1.274129629,,
14920,1.274128079,1.818115592,2.783877611
14921,1.274138093,1.817743063,2.783946991
14922,1.274116993,1.817414403,2.784013033
14923,1.274080157,1.817119956,2.784078121
14924,,1.816841125,2.784141541
14925,1.274055362,,
14926,1.274013519,1.816427946,2.784270048
14927,,1.81626749,2.784336805
14931,1.274106026,,
14932,,1.815913677,2.784629583
14933,1.274297118,,
14934,1.274397016,1.815856695,2.784735203
14935,1.274510741,1.815804243,2.784789562
14936,1.274609327,1.815778375,2.784849882
14937,,1.815767646,2.784911871
14939,1.274764299,,
14940,1.274831176,1.815026164,2.7850945
14941,,1.814728975,2.785153151
14946,1.275514722,,
14947,,1.813733101,2.785522938
14949,1.275978565,,
14950,1.276152849,1.81357801,2.785710335
14951,1.276337743,1.81355989,2.785766363
14952,,1.813559532,2.78579092
14957,1.277539492,,
14958,,1.813078046,2.786023855
14968,1.279298782,,
14969,,1.813142657,2.786211729
14970,1.279600143,,
14971,,1.813060045,2.786258221
14974,1.280169487,,
14975,1.28029871,1.812975168,2.786371708
14976,,1.812957525,2.786405087
14981,1.28123188,,
14982,1.281374097,1.812972069,2.786649942
14983,1.281523943,1.812822104,2.786706448
14984,1.281689048,1.812696815,2.786765337
14985,1.281822681,1.812608957,2.786814213
14986,1.281972528,1.812537313,2.786863565
14987,1.282137036,1.812481403,2.786838055
14988,,1.812368631,2.786823988
14989,1.282411456,,
14990,,1.812253475,2.786821127
14995,1.283250213,,
14996,,1.812208891,2.786965609
14997,1.283578157,,
14998,,1.812267065,2.787049294
14999,1.283871412,,
15000,,1.81235826,2.787157297
15007,1.284768581,,
15008,1.284900427,1.812801123,2.787616968
15009,1.285057545,1.812853217,2.78766942
15010,,1.81286788,2.787727594
15011,1.285375595,,
15012,,1.812568784,2.787843227
15020,1.286356211,,
15021,1.286494851,1.812090158,2.788409472
15022,,1.812108397,2.788473368
15024,1.286939263,,
15025,1.286397457,1.812217593,2.788650751
15026,1.285928607,1.812274575,2.788709641
15027,,1.812327862,2.788768291
15031,1.283822179,,
15032,1.283550262,1.812596798,2.78902173
15033,,1.812684178,2.789076328
15034,1.28314805,,
15035,,1.812884927,2.789205551
15037,1.28277266,,
15038,,1.813198686,2.78941083
15040,1.282248855,,
15041,,1.813466907,2.789599895
15043,1.282018781,,
15044,,1.813847303,2.789775372
15046,1.282059669,,
15047,1.282101393,1.814266086,2.789951324
15048,,1.814384937,2.79000473
15049,1.282219291,,
15050,1.282286525,1.814599752,2.790103674
15051,,1.814706802,2.790154934
15052,1.282260537,,
15053,,1.81490171,2.790255785
15055,1.282026052,,
15056,,1.815171003,2.789969683
15057,1.282004237,,
15058,,1.815399766,2.789717913
15059,1.282121062,,
15060,1.282190919,1.815556169,2.789542437
15061,1.28226757,1.815645695,2.789484501
15062,1.28237009,1.815730572,2.789437294
15063,,1.815821886,2.789408922
15064,1.282544971,,
15065,1.282603502,1.815808535,2.789367437
15066,,1.815726995,2.789361238
15068,1.282763124,,
15069,1.282818317,1.815607309,2.789379597
15070,1.282881498,1.815592289,2.789391279
15071,1.282895327,1.815581799,2.789412498
15072,1.282861471,1.81558919,2.789435863
15073,1.282812953,1.815612674,2.789467096
15074,1.282780766,1.815654278,2.789512634
15075,1.282787442,1.815698862,2.789561033
15076,,1.815753818,2.78961277
15077,1.282817483,,
15078,,1.815881968,2.789698601
15084,1.283015132,,
15085,,1.816587567,2.789977312
15086,1.282982111,,
15087,,1.816809893,2.790010214
15088,1.282997251,,
15089,1.282931089,1.817017078,2.790066719
15090,,1.817134976,2.790103912
15092,1.282902598,,
15093,1.28292799,1.817480087,2.790229797
15094,1.282978773,1.81759572,2.790276527
15095,,1.817698598,2.790335894
15099,1.283260584,,
15100,,1.818182111,2.790700674
15101,1.28334415,,
15102,,1.81837368,2.790867329
15103,1.283510923,,
15104,1.283605456,1.81857276,2.791020632
15105,,1.818671942,2.791101217
15106,1.283863306,,
15107,1.283986568,1.818580389,2.79126668
15108,1.284122348,1.818415999,2.791336775
15109,,1.818285584,2.791403055
15114,1.284905195,,
15115,1.285041571,1.817680597,2.791770697
15116,,1.817644358,2.791827202
15121,1.285620809,,
15122,1.285724759,1.817379236,2.792183876
15123,1.285840273,1.817131996,2.792241096
15124,1.285972118,1.816934943,2.792300463
15125,,1.816748738,2.792363167
15126,1.286234856,,
15127,1.286374688,1.816474319,2.792480707
15128,1.286337376,1.816372156,2.792536259
15129,1.28601563,1.81628859,2.792591095
15130,,1.816238761,2.792643309
15131,1.285476327,,
15132,,1.816190839,2.792687178
15138,1.284526348,,
15139,,1.815425873,2.792911053
15143,1.284188628,,
15144,,1.814766169,2.793148994
15146,1.284310341,,
15147,,1.814753532,2.793302298
15157,1.284217,,
15158,,1.814748883,2.79392457
15159,1.284250259,,
15160,,1.814930558,2.794035912
15166,1.284629822,,
15167,1.28471601,1.815663934,2.794518948
15168,,1.815778971,2.794591427
15169,1.284902215,,
15170,1.284993291,1.815983176,2.794740438
15171,,1.816053033,2.794822216
15173,1.284746766,,
15174,1.284707546,1.816289544,2.795074463
15175,1.284698486,1.816380262,2.79515481
15176,1.28472805,1.816476583,2.795237541
15177,1.284774303,1.816565633,2.795316219
15178,,1.816665053,2.795388699
15180,1.284919143,,
15181,1.284855723,1.816673517,2.795628548
15182,1.28476584,1.816686273,2.795704842
15183,1.28471446,1.816718459,2.795776844
15184,,1.816764951,2.795848608
15187,1.284748673,,
15188,,1.817006111,2.795353174
15192,1.281080008,,
15193,,1.816222668,2.79268074
15194,1.27976644,,
15195,,1.816073179,2.79198122
15197,1.278336883,,
15198,,1.8159796,2.791226625
15200,1.2775141,,
15201,1.276544333,1.815959692,2.790753365
15202,1.275687814,1.815983534,2.790637732
15203,,1.816009998,2.790535927
15208,1.272438288,,
15209,1.272190332,1.816327214,2.790240765
15210,,1.816411018,2.790226936
15212,1.271713972,,
15213,1.271619797,1.816654682,2.790237188
15214,1.271560073,1.816735506,2.790261269
15215,,1.816781878,2.790289164
15216,1.271492004,,
15217,1.271499872,1.81688571,2.790342808
15218,,1.816947699,2.790369272
15221,1.27171874,,
15222,,1.817378879,2.790440798
15223,1.271909952,,
15224,,1.817572236,2.790488958
15225,1.272153735,,
15226,1.272295237,1.817703247,2.790555239
15227,,1.81776166,2.790595055
15229,1.272749543,,
15230,,1.817988038,2.790690422
15235,1.273610592,,
15236,1.27374649,1.818086028,2.790933132
15237,,1.818091869,2.7909832
15239,1.274187446,,
15240,,1.818239212,2.791164875
15242,1.274631143,,
15243,1.274729371,1.818191767,2.791340113
15244,,1.818054438,2.79140234
15245,1.274935007,,
15246,,1.817871571,2.791516781
15249,1.275333524,,
15250,,1.817733526,2.791748285
15251,1.27542913,,
15252,,1.81778121,2.791890144
15253,1.27553153,,
15254,1.27550149,1.817892551,2.792039394
15255,,1.817957401,2.79212141
15259,1.275568604,,
15260,,1.818388224,2.79248333
15261,1.275633812,,
15262,,1.818600655,2.792609692
15263,1.275679588,,
15264,1.275692821,1.818819046,2.792745829
15265,1.275731444,1.818928838,2.792820692
15266,,1.819047213,2.792900801
15269,1.276024938,,
15270,1.276034951,1.819450855,2.793260098
15271,,1.819567323,2.793345928
15275,1.276260734,,
15276,,1.82015276,2.793620825
15280,1.276144981,,
15281,1.27605927,1.81953609,2.793895245
15282,,1.819329619,2.793953419
15283,1.275837302,,
15284,,1.819042325,2.794062614
15285,1.275694251,,
15286,1.275658131,1.818603992,2.79417038
15287,1.275633931,1.81830287,2.794223785
15288,,1.818056941,2.794289589
15289,1.275514603,,
15290,,1.817676306,2.794424057
15291,1.275327325,,
15292,,1.817434192,2.794532776
15293,1.27501905,,
15294,,1.817328095,2.794641256
15297,1.274649024,,
15298,,1.817335129,2.794863462
15301,1.274572253,,
15302,1.274576068,1.817502022,2.795119286
15303,,1.817555308,2.795183659
15306,1.274665594,,
15307,1.274722934,1.817857265,2.795432329
15308,,1.817935586,2.795500755
15312,1.275279403,,
15313,1.275446653,1.818326354,2.795855522
15314,,1.818412781,2.795929193
15317,1.275751114,,
15318,,1.818865538,2.796245575
15319,1.27590847,,
15320,1.276014447,1.819165587,2.796392441
15321,,1.819313407,2.796467304
15322,1.276256204,,
15323,1.27636385,1.819588423,2.796608925
15324,,1.819719911,2.796686172
15334,1.277681112,,
15335,,1.819773078,2.797597885
15336,1.277915239,,
15337,,1.819826603,2.797749281
15339,1.278358102,,
15340,,1.820002317,2.797978401
15342,1.278732181,,
15343,,1.820218563,2.798231125
15345,1.27912128,,
15346,1.27925539,1.820508718,2.798457146
15347,1.27941072,1.820607424,2.798513412
15348,,1.82071805,2.798566818
15349,1.279694438,,
15350,,1.820955634,2.798681021
15351,1.27991271,,
15352,1.280036449,1.821191549,2.798806429
15353,1.280192971,1.821310639,2.79886961
15354,,1.821436763,2.798931837
15355,1.280482054,,
15356,,1.821683764,2.799044132
15359,1.281025171,,
15360,,1.82209444,2.799287558
15364,1.281779766,,
15365,,1.821674585,2.799642563
15366,1.282102227,,
15367,,1.82140553,2.799781561
15368,1.282427073,,
15369,1.282574415,1.82114172,2.799914837
15370,1.282727957,1.821014285,2.799982786
15371,,1.820918441,2.800049305
15372,1.283002734,,
15373,,1.820840597,2.800156832
15374,1.283219218,,
15375,,1.820911765,2.800272465
15376,1.283429623,,
15377,,1.821035028,2.800374508
15378,1.283618331,,
15379,,1.821174145,2.800490618
15381,1.283450007,,
15382,,1.821427226,2.800665379
15385,1.283534408,,
15386,,1.82173419,2.800900221
15389,1.28379488,,
15390,,1.821548104,2.801240206
15392,1.284068465,,
15393,1.284156084,1.819533348,2.801394939
15394,,1.817657351,2.801381111
15397,1.284512639,,
15398,,1.811289787,2.794677496
15399,1.28467989,,
15400,,1.80863142,2.791265488
15401,1.284375668,,
15402,,1.806470394,2.788517237
15406,1.282112241,,
15407,,1.802837372,2.783793688
15408,1.281323552,,
15409,,1.801883221,2.78253603
15411,1.280534267,,
15412,1.280328512,1.80086565,2.781117439
15413,,1.800617814,2.780745506
15415,1.279989839,,
15416,,1.800045252,2.779863119
15417,1.279932857,,
15418,1.279925585,1.799813867,2.779415607
15419,1.27991724,1.799727798,2.779227018
15420,1.279928207,1.799658775,2.779061079
15421,1.279961467,1.799603105,2.778919458
15422,,1.799564362,2.778792143
15423,1.27990222,,
15424,,1.799565196,2.778586388
15427,1.279733777,,
15428,,1.799642801,2.778339624
15429,1.279791832,,
15430,1.279826045,1.799726963,2.778287411
15431,,1.799773574,2.778268099
15433,1.27987504,,
15434,,1.799974203,2.778247833
15439,1.280185223,,
15440,,1.800497532,2.778286457
15444,1.280646324,,
15445,,1.800749063,2.778381348
15448,1.280947447,,
15449,1.280995488,1.8008883,2.778435946
15450,1.281042457,1.800949216,2.778444052
15451,,1.80101192,2.778456926
15452,1.281197906,,
15453,1.281278491,1.801186323,2.778498173
15454,,1.801287651,2.778521299
15456,1.281565905,,
15457,1.281693578,1.801596642,2.778587341
15458,,1.80170691,2.7786026
15459,1.281972528,,
15460,1.282108307,1.801914692,2.778645277
15461,1.282238841,1.802009106,2.778669357
15462,1.282330632,1.802103758,2.778694391
15463,,1.802196026,2.778720856
15466,1.282708645,,
15467,1.282806039,1.802584648,2.778809071
15468,,1.802684546,2.778816938
15470,1.283024907,,
15471,,1.803009629,2.77888155
15472,1.283112168,,
15473,,1.80325067,2.778933525
15475,1.283378005,,
15476,1.28346777,1.803588748,2.779019833
15477,,1.803706408,2.779052019
15479,1.283748984,,
15480,,1.804070354,2.779137373
15481,1.283926487,,
15482,,1.804301977,2.779206276
15484,1.284290075,,
15485,1.284435868,1.804659247,2.779311419
15486,1.28458941,1.80477953,2.779342175
15487,1.284749866,1.804898262,2.779372692
15488,,1.805018425,2.779401779
15489,1.285059094,,
15490,1.28520155,1.805271149,2.779464245
15491,1.285337687,1.805387616,2.779500246
15492,1.285461664,1.805523396,2.779542685
15493,,1.805656552,2.779589891
15497,1.286243677,,
15498,,1.806350112,2.779769182
15502,1.286979198,,
15503,,1.807067037,2.779518604
15505,1.287421823,,
15506,,1.807471156,2.779174566
15508,1.287962675,,
15509,,1.807924628,2.77887249
15518,1.287588596,,
15519,,1.809028745,2.778484583
15520,1.287773132,,
15521,1.28786242,1.809272528,2.778479099
15522,,1.809389234,2.778481483
15523,1.288084507,,
15524,,1.809608221,2.778497934
15526,1.288502216,,
15527,1.288665056,1.809719086,2.778540373
15528,,1.809779167,2.778563261
15529,1.289028049,,
15530,,1.809592366,2.778584719
15531,1.28935647,,
15532,,1.809494376,2.778619051
15534,1.289452791,,
15535,1.289534092,1.808741331,2.778646231
15536,,1.808547616,2.77865839
15539,1.288593531,,
15540,,1.808084726,2.778758526
15541,1.28796947,,
15542,1.28764534,1.807987332,2.778816223
15543,,1.807956219,2.778842211
15544,1.287141323,,
15545,,1.807843089,2.778894663
15548,1.286568522,,
15549,,1.807559252,2.779034615
15550,1.286386132,,
15551,1.286314249,1.807501078,2.779110432
15552,,1.807476997,2.779145718
15554,1.286238909,,
15555,,1.80743432,2.779251814
15557,1.286320567,,
15558,1.286341786,1.80745995,2.779355288
15559,1.286310792,1.807481408,2.779341936
15560,,1.807517886,2.779334545
15567,1.286624312,,
15568,,1.807755351,2.779520035
15569,1.286644816,,
15570,,1.807875514,2.77959609
15571,1.286655426,,
15572,1.286655545,1.808014393,2.779678106
15573,,1.808092117,2.779726982
15576,1.286865592,,
15577,,1.808441043,2.77990675
15580,1.287260294,,
15581,1.287368894,1.808868647,2.780088663
15582,1.287487626,1.808987021,2.78012681
15583,,1.809103608,2.780174017
15585,1.287841916,,
15586,,1.809493661,2.780323029
15587,1.288073301,,
15588,1.287971854,1.809737802,2.780419111
15589,1.287907839,1.809855938,2.780467272
15590,,1.809969783,2.780518293
15594,1.287983298,,
15595,,1.810506701,2.780765533
15597,1.288086772,,
15598,1.288154721,1.810856819,2.780896664
15599,,1.810987234,2.780942678
15605,1.288948178,,
15606,1.289095879,1.811915278,2.781247377
15607,1.289137602,1.812056541,2.781297684
15608,,1.812152386,2.781347513
15609,1.289231181,,
15610,,1.812355757,2.781444311
15614,1.289005399,,
15615,,1.812924504,2.781730652
15622,1.288445234,,
15623,1.288385749,1.813618898,2.782161474
15624,,1.813626885,2.782209873
15631,1.288524389,,
15632,,1.81395185,2.78264761
15633,1.288680196,,
15634,,1.814036608,2.78273344
15635,1.288834453,,
15636,1.288950086,1.814138889,2.782804489
15637,,1.814197659,2.782842636
15642,1.289809585,,
15643,,1.814754605,2.78315115
15644,1.290084481,,
15645,1.290240645,1.814960361,2.783256769
15646,,1.815070271,2.783307791
15649,1.290707946,,
15650,,1.815488696,2.783464432
15652,1.29113245,,
15653,1.291297436,1.81583035,2.783528328
15654,1.291451097,1.81594348,2.783555746
15655,,1.816060066,2.783590078
15656,1.291756392,,
15657,1.291911602,1.815221548,2.783653021
15658,,1.814873695,2.783684015
15660,1.292344451,,
15661,,1.814092755,2.783775091
15678,1.293680429,,
15679,1.293813109,1.813387156,2.781769276
15680,,1.813451529,2.781507254
15683,1.294038534,,
15684,,1.813533187,2.780726433
15685,1.294246554,,
15686,1.294324517,1.813503742,2.780469656
15687,,1.813487768,2.780370474
15690,1.294271231,,
15691,,1.813465595,2.780119896
15692,1.294125557,,
15693,,1.813549638,2.780062437
15694,1.294001341,,
15695,1.293961763,1.813669801,2.780039787
15696,,1.813738227,2.780036926
15697,1.29398942,,
15698,1.293987751,1.81387341,2.780032158
15699,,1.81393075,2.780040979
15702,1.29401052,,
15703,,1.814231396,2.780118942
15705,1.293922186,,
15706,1.293869495,1.814504027,2.780226946
15707,,1.814556479,2.780268431
15709,1.293818116,,
15710,,1.814358711,2.780357599
15712,1.293966055,,
15713,,1.813589454,2.78041935
15714,1.294139624,,
15715,,1.813261271,2.780480623
15717,1.293590188,,
15718,,1.812955499,2.780575037
15722,1.29319346,,
15723,,1.81274569,2.780726194
15724,1.293168783,,
15725,1.293193817,1.812597275,2.780797243
15726,,1.812559724,2.780359507
15727,1.293277144,,
15728,,1.81256628,2.779630899
15730,1.293189406,,
15731,,1.81268847,2.778844357
15734,1.292542815,,
15735,,1.812508941,2.778163195
15736,1.292316079,,
15737,,1.812313318,2.777978897
15739,1.292004466,,
15740,,1.812145829,2.777826309
15742,1.291734099,,
15743,1.291544437,1.812105298,2.777774096
15744,1.291371822,1.812095046,2.77777791
15745,,1.812106729,2.777781248
15747,1.291026115,,
15748,1.290863037,1.81223011,2.777826786
15749,1.290603518,1.812285542,2.777852774
15750,,1.812348247,2.777882338
15751,1.290113091,,
15752,,1.812501431,2.777950764
15756,1.289009333,,
15757,,1.812958121,2.778142452
15759,1.288258672,,
15760,1.287970304,1.813124061,2.778268099
15761,,1.813117504,2.778315783
15766,1.286436319,,
15767,,1.813330531,2.778587818
15768,1.286200643,,
15769,,1.813497186,2.778672457
15771,1.286197186,,
15772,,1.813772202,2.77880621
15774,1.28640151,,
15775,1.286472917,1.814069748,2.778936625
15776,1.286545753,1.814178228,2.778984547
15777,,1.814294815,2.779043913
15780,1.286941648,,
15781,1.287069559,1.814564466,2.779270411
15782,,1.814619303,2.779325247
15787,1.288209677,,
15788,,1.81499517,2.779618263
15790,1.288818598,,
15791,1.289044738,1.815240741,2.77977562
15792,,1.815328956,2.779825926
15793,1.289522767,,
15794,1.289757133,1.815529585,2.779923201
15795,,1.81564045,2.779969692
15796,1.28999269,,
15797,,1.815766931,2.780084848
15800,1.290777326,,
15801,1.291005611,1.816075563,2.780322552
15802,1.291205406,1.816176772,2.780383825
15803,,1.816279292,2.780450344
15808,1.292315364,,
15809,,1.816818237,2.780836821
15815,1.29270637,,
15816,,1.817202806,2.781079531
15817,1.29272306,,
15818,,1.817419767,2.78112936
15824,1.291303754,,
15825,1.291137934,1.816964865,2.781281471
15826,,1.816856265,2.781311035
15829,1.290647984,,
15830,1.290557384,1.816649795,2.781456947
15831,1.290494204,1.816640377,2.781504631
15832,,1.816646099,2.781551123
15834,1.290026069,,
15835,,1.815133691,2.781703234
15837,1.289065123,,
15838,,1.813394427,2.781862736
15839,1.28861177,,
15840,1.28842485,1.812548757,2.781973362
15841,1.2882967,1.812188268,2.782016754
15842,,1.811873317,2.782062054
15844,1.287757754,,
15845,1.287356973,1.811188936,2.782197714
15846,1.287031651,1.811033487,2.782252312
15847,1.286772728,1.810913205,2.782305956
15848,,1.81082201,2.782368898
15850,1.286047578,,
15851,1.285872102,1.810634851,2.782554626
15852,,1.810611367,2.782621861
15855,1.285601497,,
15856,1.285602927,1.810162067,2.782867432
15857,,1.809992909,2.782855988
15859,1.285743952,,
15860,,1.809673905,2.782860994
15864,1.285369515,,
15865,,1.809554338,2.78296113
15869,1.285162091,,
15870,1.285172582,1.80973804,2.783066988
15871,,1.809813857,2.78309679
15881,1.286025167,,
15882,,1.810203075,2.783684969
15884,1.286293983,,
15885,,1.81032443,2.783860207
15889,1.286607742,,
15890,,1.810599923,2.784126759
15891,1.286679745,,
15892,,1.81075418,2.784224749
15894,1.286534667,,
15895,1.28649497,1.810914278,2.784362078
15896,,1.810946941,2.784406185
15898,1.286521554,,
15899,1.286581993,1.811133981,2.784519672
15900,1.286625504,1.811179638,2.784567595
15901,,1.811230898,2.784617186
15902,1.286783576,,
15903,1.286878467,1.811352968,2.784717321
15904,1.287008643,1.811404467,2.784682989
15905,,1.811487675,2.784656525
15909,1.287540317,,
15910,1.287563443,1.811383963,2.784630299
15911,1.287610769,1.811371207,2.784637928
15912,1.28766048,1.811363935,2.784657001
15913,1.287738204,1.811366916,2.784683466
15914,,1.811380029,2.784708738
15916,1.287971139,,
15917,,1.811429501,2.784783602
15918,1.28757894,,
15919,,1.811455131,2.784842968
15920,1.286806464,,
15921,,1.811502576,2.78490591
15922,1.286302328,,
15923,,1.811532497,2.78498292
15925,1.285164118,,
15926,,1.811694384,2.785098076
15929,1.28271091,,
15930,,1.811941981,2.785259247
15932,1.281375647,,
15933,1.280993819,1.8121382,2.785419464
15934,1.280674815,1.812226892,2.785471439
15935,,1.812324166,2.785520554
15937,1.280098915,,
15938,,1.81268084,2.785679579
15939,1.279598117,,
15940,1.279402614,1.812913299,2.785780191
15941,1.279254436,1.813026905,2.785831213
15942,1.279133081,1.813149691,2.785886288
15943,,1.813277483,2.785943508
15945,1.278944492,,
15946,,1.813604236,2.786108017
15947,1.27899754,,
15948,1.279069424,1.813803077,2.786216974
15949,,1.813920259,2.786272764
15951,1.279305696,,
15952,,1.81425643,2.786454439
15953,1.279351234,,
15954,1.279300809,1.814515591,2.786564112
15955,,1.814648032,2.786616325
15956,1.279181361,,
15957,,1.814908862,2.786720514
15958,1.279043794,,
15959,,1.81517756,2.786841631
15963,1.278784871,,
15964,1.278777599,1.81586194,2.787166357
15965,1.278809071,1.816007137,2.787235498
15966,1.278856993,1.816159368,2.787309408
15967,,1.816320181,2.787378788
15969,1.27888155,,
15970,1.278798819,1.816776037,2.787593126
15971,1.278745294,1.816916466,2.787660599
15972,,1.817047119,2.787727594
15974,1.278788209,,
15975,1.278849006,1.817471147,2.787911892
15976,1.278922915,1.817610979,2.78798151
15977,,1.817749858,2.78805089
15979,1.279156089,,
15980,,1.818127275,2.788260937
15983,1.279548049,,
15984,,1.81863451,2.788539648
15988,1.280422091,,
15989,,1.819302917,2.788763046
15991,1.280792236,,
15992,,1.81973052,2.788759708
15996,1.280833006,,
15997,,1.820471644,2.788845539
15998,1.280821919,,
15999,1.280806422,1.820765257,2.788893461
16000,1.280816913,1.820899725,2.788924217
16001,1.280831933,1.821029902,2.788959742
16002,1.280849934,1.821155071,2.78900075
16003,,1.821276784,2.789038897
16008,1.281352878,,
16009,,1.821985245,2.789262533
16010,1.28164947,,
16011,,1.820637584,2.789358854
16014,1.282251954,,
16015,,1.816189408,2.78955245
16021,1.283009887,,
16022,,1.812300563,2.789913177
16024,1.283168912,,
16025,,1.811079979,2.790096998
16026,1.283340335,,
16027,,1.810525537,2.790228844
16030,1.28360033,,
16031,1.283695459,1.809855342,2.790467739
16032,1.283871293,1.809743047,2.790512323
16033,1.284053206,1.809658766,2.790561914
16034,1.28424108,1.809590101,2.790522337
16035,,1.809546113,2.790498257
16036,1.284585714,,
16037,,1.809481144,2.790477037
16041,1.285655618,,
16042,,1.808717966,2.790334225
16045,1.286451697,,
16046,1.286660671,1.806251407,2.790266037
16047,,1.805815101,2.790261269
16048,1.287086844,,
16049,,1.805072784,2.790275335
16052,1.287743688,,
16053,1.287868977,1.803999901,2.790320635
16054,,1.803789377,2.790337563
16056,1.288227916,,
16057,1.288384438,1.803283095,2.790413141
16058,,1.803161979,2.790444374
16063,1.289435029,,
16064,1.289634466,1.802847028,2.790679932
16065,,1.802831769,2.79072547
16067,1.290140748,,
16068,1.290311813,1.802928686,2.790857553
16069,1.290468693,1.802969575,2.790892124
16070,1.290598035,1.803025126,2.790925741
16071,,1.803090453,2.790958881
16073,1.291023374,,
16074,,1.803351402,2.791105986
16075,1.291223645,,
16076,1.291315556,1.80357337,2.791216612
16077,,1.803679347,2.791274071
16079,1.290900469,,
16080,,1.803991675,2.791440964
16084,1.290094972,,
16085,,1.804590464,2.791731119
16089,1.290122271,,
16090,,1.805170059,2.792021751
16092,1.290216446,,
16093,1.290289044,1.804904103,2.79218483
16094,,1.804862261,2.792238712
16098,1.29067564,,
16099,,1.804831147,2.792496443
16103,1.291280031,,
16104,,1.805160046,2.792760849
16105,1.291614056,,
16106,1.291805863,1.805288911,2.792744637
16107,,1.805299044,2.792606115
16108,1.292203307,,
16109,,1.8053298,2.792397022
16111,1.292754889,,
16112,1.292912126,1.805437922,2.792215109
16113,,1.805484533,2.792184114
16115,1.293416142,,
16116,,1.805678487,2.792107582
16118,1.29393816,,
16119,,1.805919886,2.790500879
16122,1.294795156,,
16123,,1.806198835,2.788216829
16126,1.295347691,,
16127,,1.80647254,2.786778212
16129,1.295723081,,
16130,1.295810223,1.806708097,2.786065817
16131,1.295905828,1.806794286,2.785883427
16132,1.296030164,1.80688417,2.785719633
16133,,1.806988835,2.785587311
16134,1.29635489,,
16135,1.296498179,1.807210326,2.78538847
16136,,1.807332754,2.785317421
16141,1.297197104,,
16142,,1.807895303,2.785123587
16143,1.297373891,,
16144,1.29747808,1.808097839,2.785122156
16145,,1.808207393,2.785131454
16150,1.298032641,,
16151,1.29809761,1.808890224,2.785230398
16152,,1.808966756,2.785259724
16153,1.296977282,,
16154,1.29655242,1.80913651,2.785320997
16155,1.296197414,1.809222817,2.785356522
16156,,1.809311152,2.785390377
16158,1.295400739,,
16159,,1.809585571,2.785518885
16162,1.294442892,,
16163,1.294220686,1.809934974,2.785712957
16164,1.294027209,1.809975982,2.785766125
16165,,1.809503317,2.785820723
16168,1.293454528,,
16169,,1.808041453,2.786067486
16171,1.29317224,,
16172,,1.80738914,2.78625226
16176,1.292223811,,
16177,1.292117119,1.806765199,2.786586285
16178,1.292020559,1.806705117,2.786639214
16179,1.291987181,1.806617141,2.786695719
16180,,1.806552172,2.786758184
16182,1.292055845,,
16183,1.292147517,1.806407094,2.786937237
16184,,1.806385159,2.787003279
16192,1.291898251,,
16193,1.291941404,1.806355596,2.787591934
16194,,1.806241512,2.787652016
16196,1.292316794,,
16197,1.292485952,1.806040645,2.787844896
16198,,1.806008101,2.7879107
16200,1.29302907,,
16201,,1.806014299,2.788096666
16206,1.294474483,,
16207,,1.806262016,2.788444757
16208,1.295006871,,
16209,1.29509747,1.806339264,2.788545609
16210,,1.806389093,2.788600206
16211,1.295306683,,
16212,1.295434237,1.806545854,2.788707256
16213,,1.806636572,2.788767338
16214,1.295745492,,
16215,,1.806726694,2.78887701
16221,1.297195911,,
16222,,1.807295442,2.789299965
16224,1.297744632,,
16225,,1.807657361,2.789470911
16227,1.298312426,,
16228,,1.808053136,2.789626122
16231,1.298807502,,
16232,1.298927546,1.808590174,2.78985858
16233,1.299057364,1.808743358,2.789917946
16234,1.299190998,1.808882713,2.789975882
16235,,1.809029818,2.790039063
16236,1.299479365,,
16237,,1.80931747,2.790189028
16241,1.299764156,,
16242,,1.809940577,2.79061842
16245,1.300272942,,
16246,,1.810479403,2.790920496
16247,1.300647736,,
16248,,1.810750723,2.79108119
16249,1.300876617,,
16250,1.300860167,1.811038256,2.791233778
16251,,1.811175466,2.791306734
16252,1.300648689,,
16253,,1.811470509,2.791446686
16256,1.300014853,,
16257,1.299893737,1.811940074,2.791701078
16258,1.299820423,1.81204319,2.791729927
16259,,1.812155128,2.791762352
16266,1.297453165,,
16267,,1.813011765,2.792010546
16273,1.296418428,,
16274,,1.813730955,2.792412758
16275,1.296150446,,
16276,1.296053886,1.813945293,2.792544603
16277,,1.814051628,2.792610645
16278,1.29601109,,
16279,1.295935869,1.814275146,2.792748451
16280,1.29584682,1.814389825,2.792812347
16281,,1.814528584,2.792878151
16282,1.295765281,,
16283,1.295769334,1.814800024,2.793009758
16284,,1.814940333,2.793074131
16286,1.294798613,,
16287,,1.815372348,2.793057203
16289,1.294108629,,
16290,1.293961644,1.815752387,2.792816639
16291,,1.815856218,2.792756081
16294,1.293571591,,
16295,1.293528199,1.816336513,2.792596579
16296,,1.81643033,2.792565584
16297,1.293555617,,
16298,1.29358387,1.81663692,2.792176485
16299,,1.816697121,2.792016268
16308,1.291813612,,
16309,,1.817623973,2.791363478
16310,1.291751504,,
16311,1.291731358,1.817835331,2.791365147
16312,,1.817935109,2.791370869
16313,1.291684747,,
16314,,1.818154454,2.791419506
16316,1.291648507,,
16317,,1.818524122,2.791543007
16318,1.291703582,,
16319,,1.818720818,2.791652441
16322,1.291919231,,
16323,1.291993141,1.819039941,2.791903496
16324,,1.819136143,2.791967154
16326,1.292309999,,
16327,1.292476058,1.819208264,2.792163849
16328,1.29266274,1.81913054,2.792230129
16329,1.29287684,1.819075465,2.792301416
16330,1.293100238,1.819041014,2.792370796
16331,1.293332458,1.819014907,2.792444706
16332,1.293421388,1.81901741,2.792520523
16333,1.293509245,1.819034219,2.792584181
16334,,1.819051385,2.792645931
16336,1.293893814,,
16337,,1.819062114,2.792823553
16338,1.294056416,,
16339,,1.819058299,2.79291296
16340,1.294348001,,
16341,,1.819046855,2.792978764
16342,1.294715881,,
16343,,1.819075942,2.79306674
16345,1.295334935,,
16346,1.295561433,1.817275167,2.793199062
16347,1.29575634,1.816525698,2.793254852
16348,,1.815764904,2.793311834
16352,1.29653728,,
16353,,1.81145215,2.793338776
16355,1.296808839,,
16356,,1.80967164,2.793267965
16357,1.296913147,,
16358,,1.808812022,2.793270588
16363,1.296835899,,
16364,1.296729207,1.804377317,2.79337883
16365,1.296657443,1.803903103,2.793411732
16366,,1.803484201,2.79344821
16367,1.296170354,,
16368,,1.80280757,2.793531656
16371,1.29580605,,
16372,1.295805335,1.80191648,2.79372716
16373,,1.801788926,2.793778896
16376,1.295579553,,
16377,,1.801490545,2.793931961
16381,1.295431972,,
16382,1.295132279,1.80149138,2.793999434
16383,1.294855595,1.801500559,2.793996334
16384,1.294619083,1.801474214,2.793994188
16385,1.294449687,1.801468134,2.793998957
16386,,1.801475167,2.794015884
16387,1.293806434,,
16388,,1.801508784,2.79404664
16391,1.29247427,,
16392,1.292257309,1.801701903,2.794137239
16393,,1.801767111,2.794164658
16395,1.291763067,,
16396,,1.801989198,2.794254065
16398,1.291558743,,
16399,1.291584492,1.802328467,2.794353485
16400,,1.802471638,2.79438448
16402,1.29154253,,
16403,1.291470408,1.802894592,2.794481039
16404,,1.803042054,2.794516563
16409,1.291047573,,
16410,,1.803864837,2.794712305
16414,1.290697932,,
16415,,1.804034591,2.79501152
16423,1.28710103,,
16424,,1.804049373,2.795593977
16426,1.286208034,,
16427,1.285994768,1.80420506,2.795764685
16428,,1.804213285,2.795817852
16430,1.285527825,,
16431,1.285478354,1.804328561,2.796002388
16432,,1.804370999,2.796071529
16433,1.285480618,,
16434,1.2855196,1.804464817,2.79619956
16435,,1.804517746,2.796261311
16440,1.286082029,,
16441,1.286197066,1.804913521,2.796620607
16442,,1.805000186,2.796686888
16444,1.28660202,,
16445,,1.80529964,2.796884298
16448,1.287371159,,
16449,,1.805763245,2.797127724
16450,1.28783536,,
16451,1.287676215,1.805966616,2.797163248
16452,,1.806075692,2.79718256
16454,1.28736794,,
16455,,1.806339383,2.797257185
16457,1.287437201,,
16458,1.287517071,1.806480885,2.797356606
16459,,1.806538701,2.797404289
16460,1.28769815,,
16461,1.287801743,1.806697845,2.797487736
16462,,1.806777358,2.797528744
16464,1.288205862,,
16465,1.288074493,1.807043195,2.797680378
16466,1.287979841,1.807138324,2.797740698
16467,,1.8072263,2.797806501
16468,1.287824869,,
16469,,1.807402015,2.797946215
16476,1.287377834,,
16477,1.287328005,1.806241155,2.798430443
16478,,1.80594039,2.798479557
16479,1.28729403,,
16480,1.287299752,1.805453062,2.79857564
16481,,1.804836154,2.798624516
16483,1.2872926,,
16484,,1.803390026,2.798771143
16486,1.287217021,,
16487,,1.802386284,2.797899485
16488,1.286480069,,
16489,,1.800392628,2.797197819
16493,1.285390258,,
16494,1.285297751,1.79402566,2.796009064
16495,1.285241961,1.793141127,2.795856237
16496,1.285243511,1.79235065,2.795726538
16497,,1.791654348,2.795620203
16498,1.285386801,,
16499,1.28551054,1.790496826,2.795468807
16500,,1.790023327,2.795408964
16503,1.286201715,,
16504,,1.788685679,2.795294523
16508,1.28736496,,
16509,,1.787783623,2.795284271
16511,1.287798882,,
16512,,1.787535191,2.795347929
16514,1.286747813,,
16515,,1.787438512,2.795461655
16518,1.285162687,,
16519,1.28490746,1.787534833,2.795637846
16520,,1.787576079,2.795683146
16525,1.283669949,,
16526,,1.787912846,2.795898914
16530,1.283560991,,
16531,,1.788003087,2.796171427
16532,1.283741832,,
16533,,1.788036942,2.796285629
16536,1.284296274,,
16537,,1.788207293,2.796523571
16539,1.284807086,,
16540,,1.788377285,2.796732426
16542,1.285095215,,
16543,,1.788565874,2.796931267
16547,1.285426497,,
16548,,1.788926125,2.797246933
16549,1.285583377,,
16550,,1.789079189,2.797364712
16552,1.28597784,,
16553,1.286117196,1.789361477,2.797544479
16554,,1.7894665,2.797594309
16555,1.286289692,,
16556,1.286377311,1.789700508,2.797447443
16557,1.286467433,1.789826989,2.797408819
16558,,1.789951086,2.797382593
16560,1.286879182,,
16561,1.287047267,1.790395617,2.797321558
16562,1.287182927,1.790546656,2.797310591
16563,,1.790691972,2.79725194
16566,1.287822723,,
16567,1.288002849,1.791190147,2.797136545
16568,1.288202405,1.791303754,2.797122955
16569,1.288400888,1.791403532,2.797116756
16570,,1.791503072,2.797107458
16574,1.288817406,,
16575,,1.792065382,2.797141552
16576,1.288558006,,
16577,1.288480043,1.792307973,2.797176361
16578,,1.792433023,2.797198772
16579,1.28838551,,
16580,1.288341403,1.792683959,2.797271967
16581,,1.792804599,2.797312498
16582,1.288438559,,
16583,1.288501143,1.793014884,2.797409773
16584,,1.793128133,2.797453642
16585,1.288532138,,
16586,,1.793362498,2.797568798
16587,1.288437009,,
16588,,1.79359591,2.797696829
16591,1.288504839,,
16592,,1.794047713,2.797842026
16593,1.288662553,,
16594,,1.794260621,2.79788518
16599,1.289353728,,
16600,1.289496303,1.794991016,2.798076868
16601,1.289668322,1.795103073,2.798101664
16602,,1.795206666,2.798128128
16603,1.290086269,,
16604,1.290343761,1.795431376,2.798201799
16605,1.290584445,1.795549631,2.798243523
16606,,1.795679331,2.798213959
16608,1.291250825,,
16609,,1.795768023,2.79788208
16611,1.291880965,,
16612,1.292163253,1.795784116,2.797742605
16613,,1.795799136,2.797721863
16614,1.292609453,,
16615,,1.795863628,2.797708035
16623,1.290766835,,
16624,1.289498925,1.796691179,2.79785037
16625,1.288362503,1.79679656,2.797887325
16626,1.287356615,1.796901703,2.797934055
16627,1.286493182,1.797001958,2.797976017
16628,,1.797105074,2.798006058
16630,1.284387469,,
16631,,1.797430277,2.79784584
16632,1.283447504,,
16633,1.283102274,1.797667027,2.79774785
16634,1.282828689,1.797788143,2.797713518
16635,1.282579303,1.79790616,2.797690153
16636,1.282376528,1.798030138,2.797675848
16637,1.28224647,1.79816258,2.797675133
16638,,1.798300505,2.797643423
16639,1.281997681,,
16640,,1.798579216,2.797602892
16641,1.281842589,,
16642,,1.798835754,2.797597885
16643,1.281761646,,
16644,,1.799087763,2.797611475
16645,1.281759977,,
16646,,1.799340487,2.797642946
16647,1.281755447,,
16648,,1.799602151,2.797696352
16650,1.281803608,,
16651,1.281844854,1.799905658,2.797825575
16652,1.281839848,1.800025821,2.797874928
16653,,1.800137162,2.797923803
16655,1.282005787,,
16656,1.282119632,1.800457716,2.79807663
16657,,1.800574541,2.798117876
16658,1.282393098,,
16659,1.282532573,1.800812244,2.798221111
16660,1.28268075,1.80092442,2.798281431
16661,,1.80103755,2.798336506
16665,1.283124566,,
16666,,1.801232696,2.798205376
16668,1.283177376,,
16669,1.283215761,1.801393986,2.798210144
16670,,1.801463127,2.798226833
16674,1.282941699,,
16675,,1.801875353,2.798385382
16677,1.281710982,,
16678,1.281451583,1.802183628,2.798546076
16679,1.281240582,1.802289009,2.798602581
16680,,1.802394271,2.798664331
16681,1.280475736,,
16682,1.279835105,1.802608252,2.797454834
16683,1.279297352,1.802736402,2.796359777
16684,1.278832912,1.80288136,2.795382261
16685,1.278432608,1.803027391,2.794510126
16686,,1.803179979,2.793730736
16687,1.277842999,,
16688,,1.803478718,2.792416334
16689,1.277431726,,
16690,1.277309299,1.803686857,2.791363239
16691,,1.803765655,2.790925264
16693,1.277099252,,
16694,,1.804046988,2.789879322
16706,1.277978063,,
16707,,1.805187941,2.78815484
16711,1.278650522,,
16712,,1.805686712,2.788137674
16716,1.279081583,,
16717,,1.806220174,2.78836894
16723,1.280265927,,
16724,,1.806917667,2.787930965
16728,1.280017972,,
16729,,1.807469368,2.787555695
16730,1.280019045,,
16731,,1.807704329,2.787484884
16735,1.277845025,,
16736,1.277313113,1.808245778,2.787458897
16737,1.276864767,1.808343768,2.787447453
16738,,1.808441281,2.787440538
16739,1.276018858,,
16740,,1.807496667,2.787431717
16742,1.275155663,,
16743,,1.804999709,2.787469864
16745,1.274581194,,
16746,,1.80329895,2.787219524
16750,1.274104357,,
16751,,1.80155623,2.787015915
16754,1.274259925,,
16755,,1.800764084,2.787014723
16756,1.274463415,,
16757,1.274584413,1.800444126,2.787050724
16758,,1.800331354,2.787072182
16760,1.274787068,,
16761,,1.799112916,2.787153482
16762,1.274958611,,
16763,1.275063992,1.798510313,2.787234545
16764,,1.798273921,2.787285089
16765,1.275303006,,
16766,,1.797885537,2.787400723
16771,1.276242852,,
16772,,1.797256351,2.785493612
16774,1.27675283,,
16775,,1.797160268,2.784072399
16776,1.277207971,,
16777,,1.797177315,2.78339839
16778,1.277648807,,
16779,,1.797235489,2.782888174
16783,1.278789163,,
16784,,1.797453403,2.781712532
16785,1.279238105,,
16786,,1.797581792,2.780853033
16789,1.280109048,,
16790,1.280179501,1.797907829,2.779634953
16791,,1.798011899,2.779429197
16795,1.280443907,,
16796,,1.798561096,2.778721809
16800,1.280917287,,
16801,,1.799119711,2.778386831
16806,1.280601144,,
16807,1.280251384,1.799801469,2.778280258
16808,,1.799914241,2.778288364
16810,1.279542565,,
16811,1.279362917,1.800279021,2.778374434
16812,1.279221654,1.800410748,2.778415203
16813,,1.800550818,2.778464794
16815,1.278984785,,
16816,1.278979182,1.800966501,2.778144121
16817,1.278968096,1.801099539,2.778078556
16818,1.278980732,1.801229715,2.778023958
16819,,1.801330924,2.777979136
16823,1.279055357,,
16824,,1.801858068,2.77783823
16825,1.279229164,,
16826,,1.802031517,2.777796745
16827,1.27946806,,
16828,1.279615045,1.802243471,2.777782679
16829,,1.802369595,2.777782202
16830,1.279916167,,
16831,1.280059576,1.802571297,2.777795076
16832,1.280238986,1.802652717,2.777812958
16833,1.280410409,1.802741766,2.777837038
16834,1.280583024,1.802831888,2.777868509
16835,,1.802872419,2.777906895
16843,1.281820655,,
16844,1.281924486,1.802947164,2.778473377
16845,1.28202939,1.802862406,2.778530359
16846,1.282145977,1.802793384,2.77858448
16847,,1.802756906,2.778644085
16852,1.282785535,,
16853,,1.802835107,2.779010296
16856,1.283222556,,
16857,,1.803066611,2.779308558
16866,1.282671809,,
16867,1.282693624,1.803993344,2.779403687
16868,,1.804114223,2.779355049
16874,1.283229589,,
16875,1.283171058,1.804990649,2.779222965
16876,,1.805117965,2.779229164
16877,1.283186674,,
16878,,1.805363178,2.779265404
16879,1.283300638,,
16880,1.28336978,1.805633187,2.779325008
16881,1.283482075,1.805764914,2.779366493
16882,1.283595085,1.80588603,2.779395819
16883,1.283761024,1.806011438,2.779438257
16884,1.283931375,1.806138515,2.779488087
16885,,1.806271076,2.779543638
16886,1.284296513,,
16887,,1.806509018,2.779677868
16888,1.284671187,,
16889,,1.806745291,2.779847383
16890,1.285070658,,
16891,1.285310268,1.807010531,2.780011654
16892,1.285547972,1.807148695,2.779982567
16893,,1.8072896,2.779964209
16894,1.285964131,,
16895,,1.807564497,2.779977798
16897,1.286590576,,
16898,,1.807954192,2.7800529
16907,1.288815975,,
16908,1.289018631,1.809153914,2.778561592
16909,,1.809257507,2.778096437
16913,1.290147424,,
16914,1.290370464,1.809732795,2.776436806
16915,,1.809819937,2.776211023
16917,1.291039824,,
16918,,1.810057163,2.775712252
16922,1.291966081,,
16923,1.292188287,1.810195684,2.775312185
16924,,1.810191393,2.775295734
16926,1.291905284,,
16927,,1.810277462,2.775305748
16928,1.291858196,,
16929,,1.810374975,2.775344849
16932,1.292016625,,
16933,,1.810616493,2.775503159
16935,1.29227221,,
16936,,1.810839057,2.775643826
16937,1.292500854,,
16938,1.292635322,1.810994744,2.775757551
16939,,1.811075091,2.77581358
16941,1.292997718,,
16942,,1.811311245,2.776003122
16947,1.293829679,,
16948,,1.811827421,2.776482582
16950,1.293954492,,
16951,1.294054151,1.81206429,2.776724339
16952,,1.812127352,2.776797056
16953,1.29430151,,
16954,1.294503212,1.812313914,2.77690959
16955,,1.81242311,2.776964903
16956,1.294918776,,
16957,1.295093298,1.81154561,2.777080536
16958,,1.811085939,2.777149916
16959,1.295443654,,
16960,1.295610428,1.810339093,2.777294397
16961,1.295794606,1.810039043,2.77737093
16962,,1.809781313,2.777445793
16968,1.297295213,,
16969,1.297545552,1.808866262,2.777943611
16970,1.297789931,1.808810592,2.778009653
16971,1.298027873,1.808771133,2.77807641
16972,,1.808739901,2.778145075
16973,1.29835391,,
16974,1.298472166,1.80872035,2.778290272
16975,,1.808738112,2.778367996
16978,1.298971415,,
16979,1.29913795,1.80886662,2.77425456
16980,,1.808903575,2.773484468
16983,1.299713016,,
16984,,1.809154749,2.771167517
16986,1.300177813,,
16987,,1.809462309,2.770025969
16988,1.300461054,,
16989,,1.809675694,2.769486904
16992,1.301019192,,
16993,,1.810102701,2.768773794
16997,1.293176889,,
16998,,1.810637474,2.768499851
17000,1.290130496,,
17001,,1.810929418,2.768494368
17003,1.288082123,,
17004,,1.811185956,2.768547773
17006,1.28578198,,
17007,1.285027385,1.811466336,2.768623352
17008,1.28435874,1.811576247,2.768649817
17009,1.283786297,1.811683774,2.768675089
17010,1.283296943,1.811801076,2.768701315
17011,,1.811899662,2.768725157
17012,1.282508969,,
17013,1.282200813,1.811447501,2.768779278
17014,1.281797767,1.811051726,2.768808603
17015,1.281454086,1.810658813,2.76883769
17016,,1.810339689,2.768871069
17021,1.280246735,,
17022,,1.80917418,2.769066811
17031,1.2786448,,
17032,,1.808683634,2.769694805
17036,1.278224587,,
17037,1.278198004,1.808868289,2.770056963
17038,1.278205752,1.808919311,2.770133972
17039,,1.808976531,2.770210028
17041,1.2784096,,
17042,,1.808991194,2.770112038
17043,1.27854073,,
17044,,1.809022546,2.770098686
17057,1.279510379,,
17058,,1.810193419,2.770480633
17059,1.279801369,,
17060,,1.810432792,2.770574331
17062,1.280376434,,
17063,,1.810725689,2.770748138
17065,1.281007051,,
17066,1.281237006,1.811035872,2.770962477
17067,1.281465292,1.811095715,2.771039486
17068,,1.811179757,2.771094084
17072,1.282634616,,
17073,,1.811674118,2.771341801
17075,1.283098578,,
17076,,1.812054873,2.771517992
17077,1.283456206,,
17078,,1.812321424,2.771640301
17079,1.283838391,,
17080,,1.81256175,2.77175951
17082,1.2843467,,
17083,1.284509063,1.813001156,2.77196908
17084,,1.813165426,2.772042513
17088,1.285224319,,
17089,,1.813976765,2.772439957
17094,1.286221623,,
17095,,1.814795971,2.77054286
17097,1.286740541,,
17098,,1.815181255,2.769579887
17101,1.287350893,,
17102,1.287479877,1.815710783,2.768701792
17103,1.287620306,1.815853119,2.768546343
17104,1.287775874,1.815997958,2.768419504
17105,1.287948251,1.816130638,2.768335819
17106,,1.816256523,2.768268108
17109,1.28857553,,
17110,,1.816772699,2.767998219
17114,1.288737178,,
17115,,1.817399383,2.767822027
17117,1.288677096,,
17118,,1.817812681,2.76782012
17119,1.288374901,,
17120,1.288250446,1.818117499,2.767869949
17121,1.288151264,1.818281889,2.767904997
17122,,1.818446636,2.767948151
17126,1.287979245,,
17127,1.287993073,1.819128394,2.768221617
17128,,1.819248676,2.768295288
17129,1.288105249,,
17130,1.288184047,1.819506288,2.768459082
17131,1.288280606,1.819633961,2.768545389
17132,,1.819751978,2.768622637
17133,1.288483024,,
17134,1.288597107,1.819951057,2.768771887
17135,,1.820049405,2.768846035
17137,1.288808465,,
17138,1.288811922,1.820353031,2.769075394
17139,,1.820462704,2.769155741
17141,1.2888484,,
17142,1.28889668,1.820816398,2.769396305
17143,1.288974524,1.820936203,2.769480228
17144,1.289014459,1.821012259,2.769563913
17145,,1.821095228,2.769647598
17146,1.289117813,,
17147,1.289186358,1.82128644,2.769823074
17148,,1.821388841,2.769902229
17150,1.289371967,,
17151,1.289481044,1.821366191,2.77012682
17152,1.289603949,1.821390271,2.77019906
17153,,1.821425676,2.770269394
17156,1.289587379,,
17157,,1.821637988,2.770525694
17158,1.289225221,,
17159,1.289081097,1.821791053,2.770659924
17160,,1.821874142,2.770728588
17162,1.288866997,,
17163,1.288827181,1.822153568,2.770928383
17164,,1.822260737,2.770995855
17170,1.287667155,,
17171,,1.82311368,2.77147007
17172,1.287237406,,
17173,1.287101269,1.823393345,2.771611214
17174,,1.823546171,2.771676064
17175,1.286919832,,
17176,,1.823876023,2.771811724
17179,1.284674168,,
17180,,1.824514151,2.772074938
17189,1.281786323,,
17190,1.281637073,1.825983644,2.772878408
17191,1.281520724,1.826092839,2.772948027
17192,,1.826197267,2.773017406
17195,1.281250238,,
17196,,1.826637745,2.773341894
17205,1.281068921,,
17206,,1.827989459,2.774063826
17207,1.280999303,,
17208,1.280973792,1.82825911,2.774240494
17209,1.280877829,1.828400731,2.774322748
17210,,1.828544259,2.774405241
17211,1.280787587,,
17212,,1.828819633,2.774549007
17213,1.28079021,,
17214,,1.828898549,2.774688244
17215,1.280777931,,
17216,,1.828802466,2.774806738
17217,1.280902743,,
17218,,1.82881248,2.774920464
17220,1.281105638,,
17221,1.281140804,1.828942299,2.775106668
17222,1.281108975,1.828978777,2.775171518
17223,1.280927658,1.829031348,2.775235176
17224,,1.829086185,2.775292635
17228,1.280133128,,
17229,1.279690146,1.829519391,2.775569201
17230,,1.829623938,2.775631189
17233,1.278468728,,
17234,,1.829984665,2.775880575
17238,1.2774719,,
17239,,1.830230594,2.776192665
17244,1.277188778,,
17245,1.277188778,1.830045938,2.776564598
17246,1.277198792,1.830017328,2.776633501
17247,1.277246952,1.829996228,2.776702166
17248,1.27730763,1.830003858,2.776773691
17249,,1.830021024,2.776847839
17253,1.277653933,,
17254,,1.828673244,2.777225971
17257,1.278098702,,
17258,1.27819407,1.82632184,2.777521372
17259,1.278260708,1.825868487,2.777588129
17260,,1.825470448,2.777650833
17261,1.278438807,,
17262,1.278532147,1.82476759,2.777776718
17263,1.278643489,1.824468493,2.777832031
17264,,1.824213743,2.777888536
17265,1.27883184,,
17266,,1.823842049,2.778041601
17268,1.279270649,,
17269,,1.823471427,2.778259754
17275,1.280462503,,
17276,,1.823385239,2.778787613
17279,1.281240582,,
17280,,1.823598385,2.77912879
17281,1.281626225,,
17282,,1.823661089,2.779324532
17286,1.282437563,,
17287,,1.823910475,2.77978301
17289,1.282413483,,
17290,,1.824192166,2.780046225
17292,1.282538533,,
17293,1.282591224,1.824498296,2.780290604
17294,1.282566428,1.82457149,2.780364037
17295,1.282553792,1.824645996,2.780439377
17296,,1.824695468,2.78051281
17297,1.282572627,,
17298,1.282599807,1.82479465,2.780654192
17299,,1.824855924,2.780725002
17305,1.282744288,,
17306,,1.825199366,2.781308651
17310,1.282141805,,
17311,1.28206861,1.825357318,2.781782866
17312,,1.825408697,2.78187108
17313,1.282010436,,
17314,,1.825545311,2.782067776
17315,1.282027364,,
17316,1.282095909,1.825325966,2.782263517
17317,,1.825231552,2.78235507
17320,1.282459974,,
17321,,1.824808478,2.782751083
17323,1.282840014,,
17324,1.283007979,1.82471478,2.783010006
17325,,1.824716806,2.7830863
17330,1.284063458,,
17331,1.284262538,1.824950218,2.783623695
17332,,1.824998617,2.783703327
17333,1.284623504,,
17334,,1.825091124,2.783877611
17335,1.284964323,,
17336,,1.825222254,2.784065008
17337,1.285297751,,
17338,,1.825262666,2.784267664
17339,1.285650849,,
17340,,1.825361013,2.784453392
17343,1.286272526,,
17344,,1.825576305,2.784838915
17347,1.286725521,,
17348,1.286830187,1.825392723,2.785186291
17349,1.286917806,1.825292587,2.785271406
17350,1.287050843,1.825009108,2.785358429
17351,,1.824772239,2.785443783
17355,1.287702799,,
17356,,1.82410562,2.785826921
17358,1.287757039,,
17359,,1.823304892,2.786032438
17360,1.28781867,,
17361,1.287882328,1.822750568,2.786152363
17362,1.287979245,1.822541595,2.786208868
17363,1.288083315,1.822380543,2.786267757
17364,1.288199306,1.822251201,2.786326647
17365,,1.822145939,2.786390305
17366,1.288461924,,
17367,1.28859818,1.821117043,2.786516428
17368,,1.820692539,2.786576986
17371,1.289261818,,
17372,,1.819488049,2.786828995
17374,1.289810181,,
17375,,1.819023013,2.787042618
17377,1.2903229,,
17378,,1.818786025,2.787273884
17379,1.290702343,,
17380,1.290890574,1.818657756,2.78738451
17381,1.291097283,1.818637133,2.787443638
17382,,1.818627834,2.787502766
17385,1.29198885,,
17386,,1.818729281,2.787763357
17389,1.292919755,,
17390,,1.818943143,2.788058758
17391,1.293279052,,
17392,,1.819056869,2.78820014
17394,1.293792129,,
17395,,1.819294214,2.788404942
17396,1.294047236,,
17397,,1.819475412,2.788556099
17398,1.294294953,,
17399,,1.819705486,2.788708687
17404,1.295008183,,
17405,,1.820303321,2.789172173
17407,1.295362353,,
17408,,1.820548892,2.789407253
17409,1.295631409,,
17410,1.295771122,1.820731997,2.789571762
17411,,1.82083416,2.789647102
17413,1.296194315,,
17414,,1.821153045,2.789898396
17415,1.296474457,,
17416,,1.821387768,2.790058374
17418,1.296817422,,
17419,,1.821740985,2.790298939
17420,1.29696691,,
17421,,1.821989536,2.790450335
17429,1.297601104,,
17430,,1.823077798,2.791079998
17433,1.297961712,,
17434,,1.823557854,2.791462898
17435,1.29822588,,
17436,1.298358917,1.823818445,2.791647911
17437,1.298527002,1.823971033,2.791749716
17438,,1.824119687,2.791849852
17439,1.298529506,,
17440,1.298523188,1.824409008,2.792051315
17441,,1.824553013,2.792153835
17446,1.29790628,,
17447,1.297746181,1.825411201,2.792660713
17448,1.297615886,1.825548053,2.792714596
17449,,1.825683236,2.792770624
17451,1.297207832,,
17452,,1.826089382,2.792943716
17453,1.297050834,,
17454,,1.826365352,2.793071508
17455,1.297006369,,
17456,,1.826622486,2.793210983
17465,1.296735883,,
17466,1.296740055,1.827915788,2.793963909
17467,,1.828052521,2.794039965
17468,1.29677856,,
17469,1.296791434,1.828315854,2.794184446
17470,1.296611786,1.828445554,2.794259787
17471,1.296471715,1.828574657,2.794329166
17472,1.296372414,1.828710914,2.794395924
17473,,1.828845382,2.794458151
17474,1.29601717,,
17475,,1.829061627,2.79458952
17484,1.29614675,,
17485,1.296151757,1.830272913,2.79521656
17486,,1.830289364,2.795260906
17488,1.296190143,,
17489,1.296239734,1.830423355,2.795399666
17490,1.296330571,1.830489159,2.79544735
17491,,1.830563426,2.795491695
17493,1.296582937,,
17494,,1.830846906,2.795648575
17495,1.296641707,,
17496,,1.831000924,2.795796394
17497,1.296710491,,
17498,,1.831185818,2.7959373
17500,1.296889424,,
17501,,1.831462979,2.796139002
17502,1.297092199,,
17503,1.297225475,1.831616163,2.796262503
17504,,1.831686854,2.796329498
17505,1.29754889,,
17506,,1.83183825,2.796481133
17507,1.296857238,,
17508,,1.831976295,2.796642303
17516,1.295461059,,
17517,1.295279264,1.8329041,2.797337294
17518,,1.833044767,2.797415018
17520,1.294827819,,
17521,1.294710398,1.833499789,2.797625303
17522,,1.833651304,2.797684908
17527,1.294519067,,
17528,,1.834364891,2.798053265
17530,1.294071198,,
17531,,1.834751368,2.798235655
17532,1.293775082,,
17533,1.293679357,1.83500433,2.798356295
17534,,1.835125685,2.798409224
17535,1.28996706,,
17536,,1.835405111,2.79851985
17542,1.276840091,,
17543,,1.836349964,2.798070192
17544,1.274523735,,
17545,1.273542643,1.836587071,2.797883034
17546,,1.836693048,2.797564745
17551,1.269797683,,
17552,,1.836916327,2.796434879
17553,1.26912272,,
17554,,1.837035418,2.79630065
17558,1.26828599,,
17559,,1.837480545,2.796211481
17561,1.268036842,,
17562,,1.837708354,2.79626894
17565,1.268057346,,
17566,,1.837867618,2.796400785
17567,1.268195868,,
17568,1.268305182,1.837862968,2.796485186
17569,,1.837883115,2.796535015
17578,1.268762231,,
17579,1.268782377,1.820440173,2.797224045
17580,,1.819326162,2.797324657
17583,1.269107342,,
17584,,1.815945387,2.797751427
17585,1.26937139,,
17586,,1.814756155,2.797957897
17588,1.269819021,,
17589,,1.813446999,2.798241615
17591,1.270337224,,
17592,1.270335436,1.812481761,2.7984972
17593,1.270336628,1.812231302,2.798582315
17594,1.270370245,1.812013745,2.798676014
17595,,1.811817169,2.798768759
17598,1.270559072,,
17599,,1.811230898,2.799120426
17600,1.270613313,,
17601,,1.811038733,2.799294472
17603,1.270760655,,
17604,,1.81075418,2.799557209
17605,1.2708987,,
17606,,1.81063664,2.799734116
17611,1.271380901,,
17612,,1.810548782,2.800340414
17613,1.271555185,,
17614,,1.810581446,2.800544262
17617,1.271600485,,
17618,,1.810698152,2.800983429
17619,1.271721125,,
17620,1.271809697,1.81078732,2.801151514
17621,,1.810841799,2.801234007
17624,1.272258043,,
17625,1.272390127,1.811072826,2.80160141
17626,,1.811137557,2.80164957
17627,1.272686362,,
17628,1.272852659,1.811242461,2.801742315
17629,,1.811284184,2.801805258
17635,1.274199843,,
17636,,1.811651468,2.802300453
17638,1.274835229,,
17639,,1.811823368,2.802504063
17646,1.275722504,,
17647,,1.812330008,2.803160667
17649,1.276071429,,
17650,1.276106477,1.812451363,2.803376913
17651,1.276166558,1.812498212,2.803450108
17652,,1.812553406,2.803524494
17653,1.27624476,,
17654,,1.812685966,2.803670883
17657,1.276284575,,
17658,1.276311874,1.812956452,2.803973436
17659,,1.813024521,2.804045916
17660,1.27641964,,
17661,1.276528001,1.813169003,2.804220676
17662,1.276666284,1.813239574,2.804270029
17663,,1.813311696,2.804318428
17667,1.277253389,,
17668,,1.813522816,2.804641962
17671,1.277367115,,
17672,,1.813586354,2.80497098
17673,1.277425289,,
17674,1.277493238,1.813638568,2.80513978
17675,1.277579308,1.813662767,2.805219412
17676,1.277680993,1.813693404,2.805303812
17677,,1.813717246,2.805386782
17678,1.277915597,,
17679,1.277765751,1.813780308,2.80559516
17680,,1.8138237,2.805705786
17681,1.277598619,,
17682,,1.81391871,2.805937052
17685,1.27627182,,
17686,,1.814143658,2.806390524
17687,1.275804281,,
17688,1.275572181,1.814282656,2.806631088
17689,,1.814347863,2.806738377
17690,1.275250077,,
17691,,1.814486027,2.806933641
17692,1.275075078,,
17693,,1.814625621,2.807132006
17694,1.274987936,,
17695,,1.814758539,2.807329416
17708,1.27625823,,
17709,,1.81537497,2.808592558
17718,1.277572513,,
17719,,1.816114664,2.80912447
17721,1.277953982,,
17722,,1.816357732,2.809294939
17723,1.278210044,,
17724,,1.816436052,2.809418917
17726,1.278457761,,
17727,,1.816585302,2.809593439
17731,1.278744817,,
17732,1.278835893,1.816839814,2.809723377
17733,,1.816892028,2.80960393
17737,1.279494166,,
17738,,1.817100406,2.809228182
17739,1.279462218,,
17740,,1.817204833,2.809176445
17741,1.279475689,,
17742,,1.817236662,2.809172869
17743,1.279568195,,
17744,1.279616833,1.817151546,2.809235096
17745,,1.816946864,2.809292793
17746,1.279792666,,
17747,,1.816645861,2.809420347
17749,1.280156016,,
17750,1.280306935,1.816346407,2.809570551
17751,,1.816281199,2.80961895
17752,1.280593634,,
17753,1.280750751,1.816201568,2.809701681
17754,1.280907154,1.816157579,2.809747219
17755,1.281050563,1.816109657,2.809786081
17756,,1.816069365,2.809828997
17757,1.281355977,,
17758,,1.815972209,2.809899807
17761,1.281994224,,
17762,1.282173038,1.815885782,2.810094357
17763,,1.815886617,2.808545828
17765,1.282049775,,
17766,,1.815926552,2.804783344
17767,1.2818892,,
17768,1.281716228,1.815840602,2.802838326
17769,,1.8157655,2.802022696
17771,1.281413674,,
17772,,1.815608382,2.800098419
17774,1.281416178,,
17775,,1.8155514,2.798780441
17776,1.281218052,,
17777,1.281157613,1.81555295,2.797517538
17778,,1.815572858,2.79698658
17784,1.280944109,,
17785,1.280913472,1.815389991,2.79472518
17786,1.280924439,1.815365553,2.794546366
17787,,1.815326691,2.794393063
17788,1.280950189,,
17789,,1.815275311,2.794148445
17790,1.281003952,,
17791,1.281030416,1.815255404,2.793981075
17792,,1.815256238,2.793919086
17796,1.281363845,,
17797,,1.815318108,2.793759823
17798,1.281614423,,
17799,,1.815359354,2.793744087
17804,1.282584071,,
17805,,1.815517187,2.793931723
17808,1.283370018,,
17809,1.283611536,1.815728307,2.794234037
17810,,1.815779924,2.794337749
17811,1.284055233,,
17812,1.284245253,1.815886617,2.794526577
17813,,1.815930963,2.794615746
17816,1.285001397,,
17817,,1.816144943,2.790199518
17818,1.285317659,,
17819,,1.816257477,2.787905931
17821,1.28576231,,
17822,,1.816439152,2.785282373
17824,1.286264658,,
17825,1.286419272,1.816637754,2.783463955
17826,,1.816696882,2.782983065
17827,1.286673784,,
17828,,1.816839337,2.782179832
17833,1.287320852,,
17834,1.287483335,1.817211747,2.78076005
17835,1.287647128,1.817268491,2.780617476
17836,,1.817330003,2.780489445
17837,1.287955642,,
17838,1.288098454,1.817455888,2.780308008
17839,1.288171887,1.817521453,2.78023982
17840,,1.817595124,2.780185699
17844,1.287808299,,
17845,,1.817905903,2.780107021
17847,1.287671566,,
17848,,1.818024755,2.780145645
17849,1.287714958,,
17850,,1.818062186,2.780200958
17851,1.287320614,,
17852,1.287187696,1.818101287,2.780256033
17853,,1.818130255,2.780293465
17856,1.28686893,,
17857,,1.818275571,2.780487776
17860,1.286992908,,
17861,,1.818426132,2.780725718
17862,1.287196398,,
17863,,1.818531275,2.780845881
17866,1.287763476,,
17867,1.287907839,1.818800926,2.78109169
17868,1.288032055,1.81882441,2.781156778
17869,1.288174748,1.818845272,2.781216383
17870,,1.818864822,2.781273127
17876,1.289452314,,
17877,,1.819099188,2.781593323
17881,1.290382028,,
17882,,1.819182515,2.781852484
17883,1.290170431,,
17884,,1.819051385,2.781970263
17885,1.290061355,,
17886,,1.818976879,2.782080412
17889,1.289678931,,
17890,,1.818863869,2.782280684
17895,1.289484859,,
17896,,1.818843007,2.782631397
17898,1.289654493,,
17899,1.289728284,1.818890929,2.782842159
17900,1.2898314,1.818917155,2.782920122
17901,1.289916039,1.818944454,2.782996893
17902,,1.818974733,2.783072948
17903,1.290169597,,
17904,1.290161729,1.818960428,2.783233404
17905,,1.818923593,2.783318281
17906,1.290220976,,
17907,1.290246964,1.818860769,2.783494711
17908,,1.818801641,2.783577204
17912,1.289682508,,
17913,,1.818651557,2.784021139
17916,1.289504528,,
17917,,1.818624854,2.784324169
17922,1.289891601,,
17923,,1.81857729,2.784741163
17926,1.290100932,,
17927,,1.818675756,2.784976006
17936,1.291345954,,
17937,,1.819024801,2.785579681
17939,1.291753531,,
17940,,1.818978548,2.785764456
17941,1.292069197,,
17942,1.292218328,1.818979025,2.785864353
17943,1.292381287,1.818986654,2.785910845
17944,,1.819001555,2.785952806
17947,1.293230057,,
17948,1.293481469,1.819064736,2.785854816
17949,1.293459058,1.819063425,2.785617113
17950,1.29346025,1.819068551,2.785412788
17951,,1.819079638,2.785239935
17952,1.293540001,,
17953,1.293568134,1.819088221,2.784693956
17954,,1.819110751,2.784466505
17959,1.294167519,,
17960,1.294279337,1.81919241,2.783724785
17961,,1.819229364,2.78367734
17963,1.294770122,,
17964,,1.819329977,2.783593416
17967,1.295629978,,
17968,1.295850873,1.819513321,2.783623457
17969,,1.819565058,2.783645868
17972,1.296671033,,
17973,,1.819812894,2.78376174
17974,1.296794653,,
17975,1.296893477,1.819963217,2.783837318
17976,1.296984196,1.820025921,2.783617735
17977,,1.820088029,2.783422232
17978,1.297026992,,
17979,,1.820230961,2.783094168
17984,1.297298312,,
17985,1.297309518,1.820064664,2.782611609
17986,1.297334909,1.819868684,2.782584906
17987,,1.819703221,2.782568932
17989,1.296159148,,
17990,1.295676708,1.819322109,2.782568216
17991,1.295201778,1.81922245,2.782586813
17992,,1.819101691,2.782611847
17994,1.294124007,,
17995,,1.818767786,2.782698393
18000,1.293080807,,
18001,,1.818175554,2.782973766
18003,1.292786717,,
18004,,1.818047166,2.783121109
18008,1.292900085,,
18009,1.292987704,1.818010807,2.783363104
18010,,1.818013668,2.783396721
18011,1.293221593,,
18012,1.293371797,1.818080902,2.783426523
18013,,1.818130732,2.783453703
18015,1.293749213,,
18016,1.293860197,1.818293929,2.783446074
18017,1.293995023,1.818345547,2.783441305
18018,,1.818407178,2.783443451
18021,1.294295192,,
18022,,1.818587065,2.783498287
18023,1.294468164,,
18024,1.294572353,1.818712592,2.783552885
18025,,1.818770289,2.783576965
18029,1.295218349,,
18030,,1.81912291,2.783735037
18031,1.295499086,,
18032,1.295628905,1.819277048,2.783844709
18033,,1.819335461,2.783901453
18035,1.295499682,,
18036,,1.819512248,2.784090042
18038,1.295354247,,
18039,1.295351624,1.819697499,2.784245491
18040,1.295383453,1.819695115,2.784297705
18041,,1.81970191,2.784347057
18045,1.295830607,,
18046,,1.819839358,2.784609318
18047,1.296035767,,
18048,1.296027899,1.819918871,2.784627914
18049,,1.819954038,2.784648895
18050,1.295511127,,
18051,1.29516685,1.820037365,2.784719229
18052,,1.820092678,2.784759521
18054,1.294386864,,
18055,1.294170141,1.82025063,2.784896374
18056,,1.820321202,2.784943342
18058,1.293786407,,
18059,1.293691635,1.820524573,2.785109282
18060,,1.820600271,2.785166979
18061,1.293614149,,
18062,1.293612599,1.820775628,2.785284042
18063,,1.820866704,2.785344124
18064,1.29356885,,
18065,,1.821047544,2.785485744
18066,1.293447137,,
18067,,1.821142077,2.785632372
18069,1.2932657,,
18070,1.293247581,1.821292758,2.785878658
18071,1.293192148,1.821349382,2.785964012
18072,1.293161988,1.821411252,2.786055088
18073,1.293166518,1.821467876,2.786138535
18074,1.293212295,1.82151711,2.786221266
18075,,1.821576953,2.786299706
18076,1.293346405,,
18077,,1.821716309,2.78645134
18081,1.293576956,,
18082,,1.822058678,2.786801338
18085,1.293494821,,
18086,,1.822310686,2.787106991
18087,1.29348588,,
18088,1.293495059,1.822445512,2.787253618
18089,,1.822519422,2.787329912
18092,1.293470025,,
18093,1.293495059,1.822830319,2.787613392
18094,,1.822910547,2.787688971
18097,1.293706656,,
18098,,1.82325983,2.787690401
18101,1.293894172,,
18102,,1.823463559,2.787432909
18103,1.294048548,,
18104,1.294161081,1.823507428,2.787363768
18105,,1.823508382,2.787342072
18109,1.294731736,,
18110,1.29485321,1.823645234,2.787328482
18111,1.294965386,1.823688865,2.787350416
18112,,1.823737741,2.787372828
18116,1.295693398,,
18117,1.295755744,1.824051619,2.78755784
18118,,1.824092031,2.787603378
18120,1.295895815,,
18121,1.295967102,1.824143887,2.78775835
18122,,1.824153423,2.787811756
18124,1.296283126,,
18125,,1.824198365,2.787972927
18126,1.296524167,,
18127,,1.824210882,2.788084507
18128,1.296693921,,
18129,1.296751976,1.824246764,2.788203001
18130,1.296816111,1.824280024,2.78788662
18131,1.296891451,1.824319243,2.787609577
18132,,1.824376822,2.787380219
18133,1.297082186,,
18134,,1.824486017,2.787005663
18135,1.297160149,,
18136,1.297149539,1.824522614,2.786733627
18137,,1.82450974,2.78662324
18140,1.296801925,,
18141,,1.824553013,2.786397457
18148,1.29442215,,
18149,1.294216752,1.824509978,2.786543131
18150,,1.824293613,2.786599874
18151,1.293934107,,
18152,,1.823945761,2.786710501
18154,1.293623924,,
18155,,1.823553324,2.786892653
18156,1.293390751,,
18157,,1.823336482,2.787046432
18158,1.292894721,,
18159,,1.823208451,2.787219286
18162,1.292508125,,
18163,,1.823111415,2.787343264
18164,1.292459965,,
18165,,1.823119283,2.787404776
18169,1.292401671,,
18170,1.292390823,1.823277235,2.787641764
18171,1.292390108,1.823325515,2.787689924
18172,,1.823382616,2.787744522
18175,1.292368531,,
18176,1.292339325,1.823625445,2.787940264
18177,1.292239547,1.823691249,2.787998199
18178,1.292193532,1.823744059,2.788061857
18179,,1.82379806,2.788131237
18180,1.292189479,,
18181,1.292180896,1.82391727,2.78808856
18182,1.291538119,1.823974252,2.787990332
18183,1.290926099,1.824035287,2.787910223
18184,,1.824098706,2.787842989
18186,1.289577484,,
18187,,1.82422924,2.78773427
18192,1.2878654,,
18193,1.287652373,1.82445693,2.787816763
18194,1.287492871,1.824516058,2.787864685
18195,,1.82457304,2.787914515
18196,1.287073135,,
18197,1.286862731,1.824687362,2.78801465
18198,,1.82474792,2.78806448
18199,1.286521077,,
18200,,1.824894428,2.78818202
18201,1.286361933,,
18202,1.286340833,1.825060725,2.788311005
18203,,1.825151324,2.788377047
18205,1.286384821,,
18206,,1.825426698,2.788594484
18210,1.286644697,,
18211,,1.825875282,2.78893137
18212,1.28676641,,
18213,,1.826057792,2.789012194
18218,1.287107944,,
18219,1.287166834,1.826646328,2.789364815
18220,1.287260771,1.82674098,2.789437056
18221,1.287349939,1.826830387,2.789505243
18222,1.287399411,1.826894879,2.789578199
18223,,1.826955914,2.789646387
18224,1.287625551,,
18225,,1.827083349,2.789809465
18228,1.288159132,,
18229,1.288291574,1.827365279,2.790142775
18230,,1.827439547,2.790234089
18231,1.288567543,,
18232,,1.827583671,2.790424347
18242,1.289218664,,
18243,1.289321423,1.82828939,2.791370869
18244,1.289420366,1.828311443,2.791461468
18245,,1.828350425,2.791551352
18249,1.289866209,,
18250,,1.828609586,2.791956902
18251,1.290055275,,
18252,1.290154576,1.828734279,2.792137623
18253,,1.828795433,2.792231321
18256,1.290624619,,
18257,1.290738583,1.82907486,2.792569876
18258,1.290739655,1.829157591,2.792652845
18259,,1.829245567,2.792739868
18261,1.290794253,,
18262,,1.829475522,2.793048382
18264,1.290918827,,
18265,,1.829703212,2.793329
18267,1.291134357,,
18268,,1.829485774,2.793582678
18270,1.291516304,,
18271,,1.829092503,2.793792486
18272,1.291743517,,
18273,1.290814757,1.82883656,2.793929338
18274,,1.828727245,2.794003248
18277,1.288230658,,
18278,1.287819743,1.828395247,2.794295073
18279,,1.828362465,2.794362068
18280,1.287204981,,
18281,1.286978006,1.828271747,2.794485092
18282,,1.828226566,2.794557333
18284,1.286578774,,
18285,1.286466479,1.828161836,2.794788122
18286,,1.828162909,2.794868469
18287,1.286367297,,
18288,,1.828181982,2.795037985
18293,1.286667466,,
18294,,1.828339815,2.795286179
18297,1.286816716,,
18298,1.286833048,1.828553796,2.795432806
18299,,1.828619003,2.795455933
18300,1.286900282,,
18301,,1.828747153,2.795526743
18303,1.286851525,,
18304,,1.828974247,2.7956779
18308,1.287026763,,
18309,1.287142634,1.829309583,2.79599452
18310,1.28727138,1.829365492,2.796060562
18311,1.287425995,1.829426646,2.796123505
18312,,1.829492927,2.796173096
18313,1.287763834,,
18314,,1.829255581,2.79630208
18315,1.288052082,,
18316,,1.828851819,2.796439409
18317,1.288352251,,
18318,1.288491845,1.828560948,2.796588898
18319,1.288639069,1.828451276,2.796662331
18320,,1.8283602,2.796743155
18322,1.289127946,,
18323,1.28932035,1.828185916,2.796988726
18324,1.289530516,1.828180313,2.797070503
18325,,1.828186989,2.79711771
18326,1.289941311,,
18327,1.29016912,1.828204155,2.797221661
18328,,1.828232408,2.797274113
18329,1.290629387,,
18330,1.290809751,1.828308225,2.797389269
18331,1.290991783,1.82835269,2.797455788
18332,,1.828404307,2.797521114
18335,1.291753888,,
18336,,1.828545094,2.797801018
18337,1.29214704,,
18338,1.292307734,1.828612447,2.797959805
18339,,1.828658581,2.798044443
18340,1.292670488,,
18341,1.292839527,1.828671098,2.798197269
18342,,1.828685999,2.798280001
18343,1.293205738,,
18344,1.293367624,1.828736186,2.798455715
18345,,1.828769803,2.798536539
18348,1.293908358,,
18349,,1.828946233,2.798848867
18350,1.294113517,,
18351,,1.829054832,2.798987627
18352,1.294215322,,
18353,,1.829193473,2.799137354
18355,1.294090867,,
18356,1.294003606,1.829332471,2.798891544
18357,1.293936372,1.8293401,2.798838377
18358,1.293875813,1.829353571,2.798799276
18359,,1.829374671,2.798774481
18360,1.293817759,,
18361,1.293753862,1.82942903,2.798578024
18362,,1.829464436,2.798429012
18367,1.291470289,,
18368,1.29092288,1.829513907,2.797924995
18369,1.290449739,1.829530597,2.79788208
18370,,1.829551816,2.797855854
18372,1.289328218,,
18373,,1.829615951,2.79783392
18374,1.288687944,,
18375,,1.829661727,2.797846794
18377,1.288199425,,
18378,,1.829610586,2.797905922
18379,1.288048267,,
18380,,1.829600215,2.797985554
18385,1.288035631,,
18386,,1.829697847,2.798315048
18387,1.288160801,,
18388,1.288171887,1.829806685,2.798466444
18389,1.28818202,1.829876542,2.798540592
18390,1.288215756,1.829951286,2.798616886
18391,1.288195133,1.83003068,2.79869175
18392,,1.830116868,2.798764467
18395,1.288450122,,
18396,1.288547993,1.830425858,2.799081802
18397,,1.830502152,2.799165487
18399,1.288887978,,
18400,,1.830699801,2.799420357
18401,1.289165735,,
18402,,1.830848217,2.79957962
18404,1.289679646,,
18405,,1.831120253,2.799818993
18406,1.289996862,,
18407,,1.831313372,2.799985647
18408,1.290362239,,
18409,,1.831496239,2.800187588
18413,1.290893793,,
18414,1.291009784,1.831871867,2.800587654
18415,,1.831954956,2.800656557
18418,1.291497588,,
18419,1.291316867,1.832266569,2.800964594
18420,1.291182518,1.83235693,2.801033258
18421,,1.832321167,2.801100731
18422,1.290956974,,
18423,,1.832305551,2.80125308
18425,1.290491819,,
18426,,1.832307458,2.80150795
18430,1.289474964,,
18431,,1.832397938,2.801965952
18437,1.288910508,,
18438,,1.832746506,2.802613258
18442,1.289082289,,
18443,,1.832699299,2.803019762
18445,1.289240956,,
18446,,1.831941009,2.803282976
18449,1.289711356,,
18450,,1.831370711,2.803661108
18453,1.290130019,,
18454,,1.83116293,2.804106474
18457,1.290284872,,
18458,1.290305853,1.831093311,2.804556131
18459,1.290351391,1.831072807,2.804654837
18460,1.290411592,1.831006527,2.804750919
18461,,1.830956101,2.804846048
18463,1.290697098,,
18464,1.290814638,1.830805302,2.805135727
18465,,1.830721498,2.805227757
18466,1.291080475,,
18467,,1.83041048,2.805424452
18472,1.291730762,,
18473,1.291783571,1.829367518,2.805962086
18474,,1.829189658,2.806036949
18475,1.291616678,,
18476,1.291535258,1.828896284,2.80618453
18477,,1.828708529,2.806266546
18478,1.291467428,,
18479,1.291462421,1.828383923,2.806449175
18480,,1.828268409,2.806533813
18481,1.291529179,,
18482,1.291620493,1.828092694,2.806712866
18483,1.291710496,1.828030825,2.806807518
18484,,1.827968597,2.806899548
18485,1.291730881,,
18486,,1.82787025,2.807072401
18487,1.291769624,,
18488,1.291853786,1.827817798,2.807278156
18489,1.291912913,1.827812195,2.807389021
18490,,1.827820778,2.807498693
18492,1.292111635,,
18493,1.292232394,1.827892303,2.807828665
18494,,1.827932,2.807936907
18495,1.292444468,,
18496,1.292551279,1.828030109,2.808133125
18497,1.292665958,1.82809341,2.808225632
18498,,1.828137279,2.808315277
18499,1.292789102,,
18500,1.292766809,1.82817018,2.808465242
18501,1.292746186,1.828179598,2.808527946
18502,,1.828196168,2.808599472
18507,1.292858124,,
18508,1.292844296,1.82834053,2.80903697
18509,1.292858362,1.828364491,2.809120178
18510,1.292868137,1.82839334,2.809196234
18511,,1.828418612,2.809283972
18513,1.292870402,,
18514,,1.828482747,2.809416533
18516,1.292473435,,
18517,,1.825266957,2.809545517
18518,1.291728854,,
18519,,1.823676705,2.809653044
18520,1.291281581,,
18521,1.291124225,1.822426081,2.809182405
18522,,1.821903825,2.808715105
18524,1.290672421,,
18525,,1.820659399,2.80761075
18526,1.290520906,,
18527,1.290492296,1.820045233,2.807065487
18528,,1.819798946,2.806850433
18531,1.290618539,,
18532,1.290707707,1.819114685,2.806274652
18533,1.290807486,1.819005251,2.806195259
18534,1.290918708,1.818895459,2.806141615
18535,,1.818760872,2.806098223
18537,1.291325331,,
18538,1.29147613,1.81850481,2.806013107
18539,1.291609645,1.818460941,2.805999041
18540,,1.818437219,2.805992842
18542,1.292109489,,
18543,,1.818479538,2.80603075
18545,1.292506456,,
18546,1.292622328,1.818515658,2.806124687
18547,,1.818534136,2.806071997
18548,1.292837739,,
18549,,1.818598628,2.80599165
18552,1.293097496,,
18553,,1.818765044,2.805655956
18556,1.293364048,,
18557,1.293451309,1.818921804,2.805575371
18558,1.293449402,1.818981647,2.805584431
18559,1.29346323,1.819047332,2.805608273
18560,,1.819129825,2.805630207
18562,1.293488145,,
18563,,1.819366217,2.805715561
18564,1.293375731,,
18565,,1.819524765,2.805799723
18566,1.293279529,,
18567,1.293178201,1.819708467,2.805896282
18568,,1.819797993,2.805952787
18570,1.293055534,,
18571,1.293069243,1.819987774,2.806139708
18572,1.293116927,1.820055127,2.806196451
18573,1.293178916,1.820120811,2.80625844
18574,,1.82017386,2.806333542
18576,1.293401361,,
18577,1.293359995,1.820297003,2.806573868
18578,,1.820309639,2.806662083
18579,1.292937994,,
18580,1.292702436,1.820343018,2.806834698
18581,,1.820370436,2.806921721
18582,1.292365909,,
18583,1.292273283,1.820460081,2.807096481
18584,1.292189002,1.820513368,2.807185173
18585,,1.82055223,2.807269573
18586,1.291802168,,
18587,,1.820641398,2.807461262
18588,1.291476727,,
18589,1.291366577,1.820708752,2.807610273
18590,,1.820748329,2.807681799
18593,1.291088581,,
18594,1.291062474,1.82093811,2.807938337
18595,1.291056633,1.820978999,2.808000803
18596,1.291107297,1.821032047,2.808063745
18597,1.291141033,1.821060181,2.808126211
18598,,1.821096182,2.808188915
18601,1.291171789,,
18602,,1.820860386,2.808199644
18606,1.291316271,,
18607,1.291343093,1.820159554,2.808195114
18608,1.291383147,1.820054412,2.808182478
18609,,1.819957852,2.808178902
18610,1.291480541,,
18611,,1.819815516,2.808200598
18613,1.291708112,,
18614,,1.81973815,2.808259964
18616,1.292232394,,
18617,1.292286754,1.819747448,2.803065062
18618,,1.819754958,2.801681519
18619,1.292411327,,
18620,,1.819798589,2.799335957
18623,1.292944431,,
18624,1.293069243,1.81946516,2.795951366
18625,,1.81938374,2.795327425
18626,1.293370247,,
18627,,1.819278359,2.794280767
18630,1.293901324,,
18631,,1.818976402,2.792762518
18634,1.294457316,,
18635,,1.81860733,2.791863203
18636,1.294825196,,
18637,1.295052648,1.818375945,2.791549683
18638,1.295280218,1.818288326,2.791431904
18639,,1.818222761,2.791335344
18640,1.295707107,,
18641,,1.818133712,2.791197062
18644,1.296429396,,
18645,,1.818110228,2.791076422
18646,1.296740174,,
18647,1.29691267,1.818160534,2.79106164
18648,1.297084808,1.818196177,2.791069508
18649,,1.818230629,2.791083574
18650,1.297376871,,
18651,1.297546506,1.818335414,2.79111886
18652,,1.818252563,2.791146278
18656,1.29818368,,
18657,1.298231363,1.818069696,2.791339159
18658,,1.818081617,2.79137826
18659,1.298268795,,
18660,,1.818136692,2.79148078
18663,1.298369288,,
18664,,1.818306565,2.791721106
18667,1.29532218,,
18668,,1.818601727,2.791987658
18670,1.29343009,,
18671,1.292856693,1.81890583,2.791073084
18672,,1.819019675,2.790849447
18678,1.289953947,,
18679,1.289665937,1.819795489,2.789983511
18680,,1.819904089,2.789927006
18681,1.289219856,,
18682,1.288999557,1.820137858,2.789749622
18683,1.288725376,1.820258617,2.789679527
18684,,1.820373297,2.789617538
18685,1.288329959,,
18686,1.288202047,1.820329428,2.789525986
18687,1.288124204,1.820214152,2.789491653
18688,,1.820127726,2.789465189
18689,1.287738323,,
18690,1.28760016,1.819289804,2.78945899
18691,,1.818612576,2.789473772
18692,1.287484407,,
18693,,1.817426085,2.789522409
18694,1.287421227,,
18695,,1.816227436,2.789595842
18700,1.287440896,,
18701,,1.811638474,2.789858341
18703,1.28765285,,
18704,,1.810002923,2.790009499
18708,1.288151979,,
18709,,1.808466434,2.790280104
18712,1.28870368,,
18713,,1.807713628,2.790487766
18715,1.289134145,,
18716,,1.807425022,2.790605068
18717,1.289444208,,
18718,1.289615512,1.807331443,2.790697813
18719,,1.807299972,2.790755987
18722,1.290468812,,
18723,1.290715575,1.807310104,2.790998459
18724,,1.807330251,2.79104805
18726,1.291459441,,
18727,,1.80739069,2.791197538
18728,1.29197371,,
18729,,1.807480693,2.791315079
18734,1.291589618,,
18735,1.291579604,1.807838798,2.791628599
18736,,1.807879567,2.791682482
18738,1.291696787,,
18739,,1.808041334,2.79184556
18746,1.291699052,,
18747,1.291595101,1.808674574,2.792108297
18748,1.291515112,1.808757186,2.792097807
18749,,1.808833599,2.792088509
18751,1.291348815,,
18752,1.291364193,1.809062123,2.792096853
18753,,1.809128642,2.792110205
18755,1.29132247,,
18756,,1.809335828,2.792176723
18757,1.290965438,,
18758,1.290778518,1.809442401,2.792238235
18759,,1.809495091,2.792278051
18761,1.290439844,,
18762,1.290391803,1.809666395,2.792441607
18763,,1.809729815,2.792494535
18766,1.290364146,,
18767,,1.809821486,2.792723656
18768,1.290365458,,
18769,,1.809898496,2.792847872
18774,1.290303588,,
18775,1.290343285,1.810169697,2.793275356
18776,1.290396929,1.810228229,2.793334007
18777,,1.810291886,2.793395758
18780,1.29081583,,
18781,,1.810504913,2.793209553
18787,1.290825367,,
18788,,1.810935616,2.792642593
18795,1.291337609,,
18796,1.291341424,1.811243773,2.79262805
18797,,1.811307669,2.792645216
18800,1.291481733,,
18801,,1.811536193,2.792546988
18802,1.291490674,,
18803,,1.811658263,2.79255414
18805,1.291550994,,
18806,,1.811903119,2.792579889
18809,1.290924311,,
18810,,1.812270522,2.792692661
18820,1.285631537,,
18821,1.285020709,1.813399076,2.793071747
18822,1.284491539,1.813502669,2.79309082
18823,,1.81360817,2.793109417
18824,1.283666253,,
18825,1.283242583,1.81381464,2.793177128
18826,,1.813910604,2.793213129
18832,1.281954765,,
18833,1.281892657,1.814669609,2.793626547
18834,,1.814801693,2.79369545
18836,1.281751871,,
18837,,1.814922094,2.793913841
18841,1.282099366,,
18842,1.282259345,1.815010786,2.79433322
18843,,1.815047026,2.794420719
18844,1.282568097,,
18845,,1.815120339,2.794628859
18849,1.283342838,,
18850,,1.815415621,2.795150042
18851,1.283665776,,
18852,1.283853769,1.815516829,2.795357943
18853,,1.815572739,2.795457363
18854,1.284265757,,
18855,1.284461737,1.815555334,2.795637846
18856,,1.815485954,2.795723915
18860,1.285568714,,
18861,1.285796165,1.815344095,2.796053171
18862,1.286011219,1.815351844,2.796080351
18863,,1.815364957,2.796113968
18864,1.286405087,,
18865,1.286580801,1.815414786,2.796175957
18866,1.286749125,1.815449238,2.796214581
18867,,1.815490007,2.796263456
18868,1.287129164,,
18869,1.287323356,1.815582871,2.796381474
18870,,1.815630078,2.796443939
18873,1.288129687,,
18874,1.288319707,1.815877438,2.796350718
18875,1.28851068,1.815962195,2.796104908
18876,,1.815985918,2.795893669
18880,1.28853333,,
18881,1.288599968,1.816167951,2.795280218
18882,,1.816205382,2.795219183
18885,1.288501143,,
18886,1.288441062,1.816192508,2.795081139
18887,,1.816179156,2.795069695
18888,1.288298249,,
18889,,1.816190958,2.79505229
18894,1.287321329,,
18895,,1.816119313,2.795138836
18897,1.287042975,,
18898,1.287006259,1.81613183,2.795217991
18899,,1.816167593,2.795249701
18901,1.286949277,,
18902,,1.816346049,2.79535675
18907,1.286692619,,
18908,1.286687016,1.816738963,2.795691967
18909,,1.816821575,2.795773268
18910,1.286732316,,
18911,,1.816998482,2.795924425
18918,1.28701961,,
18919,,1.81780827,2.796583652
18920,1.287308574,,
18921,1.287392139,1.818023205,2.796759367
18922,,1.818127751,2.796848297
18928,1.287287474,,
18929,,1.818540573,2.797446012
18935,1.287927389,,
18936,,1.818890095,2.797935486
18941,1.288190365,,
18942,1.288037777,1.819233894,2.798375845
18943,,1.819297433,2.798440218
18947,1.28768909,,
18948,,1.819506764,2.798144817
18952,1.287645698,,
18953,,1.819840312,2.797682762
18954,1.28774178,,
18955,,1.819974542,2.797624826
18956,1.287921309,,
18957,,1.820117831,2.797618866
18959,1.288074732,,
18960,,1.820321083,2.797672987
18963,1.288073063,,
18964,1.288109899,1.820442677,2.797825336
18965,1.288158774,1.82044208,2.797874212
18966,,1.820458889,2.797936678
18967,1.288246393,,
18968,1.288353324,1.820522428,2.79807806
18969,,1.820570111,2.798160791
18971,1.288797021,,
18972,,1.820747733,2.798407793
18977,1.289774179,,
18978,,1.821191072,2.798815966
18979,1.28987968,,
18980,,1.821337581,2.798942566
18981,1.290112376,,
18982,1.290254951,1.821467996,2.799079418
18983,,1.821531415,2.799156427
18988,1.291065574,,
18989,,1.821974397,2.799688339
18991,1.291362166,,
18992,1.291452408,1.822230101,2.799990892
18993,,1.822302938,2.80010891
18994,1.291670322,,
18995,,1.822447658,2.800330162
18996,1.291946411,,
18997,1.29211235,1.822591305,2.800553799
18998,,1.822668552,2.800660133
18999,1.292533875,,
19000,,1.822828412,2.800861597
19003,1.293384552,,
19004,1.293588161,1.822827697,2.801173687
19005,1.293735385,1.822859287,2.801241159
19006,,1.822896719,2.801306009
19013,1.294904232,,
19014,,1.82329011,2.801718473
19015,1.295107126,,
19016,,1.823455215,2.801811695
19018,1.295329452,,
19019,1.295404077,1.823732734,2.801780224
19020,1.295494676,1.823844552,2.801763535
19021,,1.823966026,2.80176425
19022,1.295611382,,
19023,,1.824104309,2.801776409
19027,1.296037912,,
19028,1.296152949,1.824107289,2.801855803
19029,1.29627943,1.82396245,2.8018291
19030,1.296400428,1.823831081,2.801812649
19031,,1.823727131,2.801808119
19037,1.296191216,,
19038,1.295924306,1.823248148,2.801992416
19039,1.295722961,1.823189139,2.802037239
19040,,1.823139429,2.802103519
19046,1.29525578,,
19047,1.295293689,1.822987437,2.802582026
19048,,1.822942853,2.802646399
19049,1.29542315,,
19050,1.295534253,1.822885036,2.802736998
19051,,1.822873592,2.802764416
19054,1.294684291,,
19055,1.293697119,1.822902083,2.80295825
19056,,1.822909832,2.803011656
19057,1.291980386,,
19058,,1.822947383,2.803123474
19062,1.289141536,,
19063,,1.823182583,2.803411484
19064,1.288446426,,
19065,1.288175702,1.823352814,2.803523779
19066,,1.823423028,2.803593874
19068,1.287451744,,
19069,,1.823627114,2.80382514
19070,1.287142992,,
19071,1.287047267,1.823791265,2.803983212
19072,,1.823892832,2.80405879
19073,1.286670685,,
19074,,1.823816061,2.804197073
19075,1.286399603,,
19076,,1.823563814,2.804259062
19079,1.286004901,,
19080,,1.82331562,2.804422617
19083,1.285914063,,
19084,,1.823280454,2.804656982
19085,1.285879016,,
19086,1.285871863,1.823324084,2.804800749
19087,1.285846353,1.823361039,2.804885387
19088,1.285835743,1.823410392,2.80497241
19089,1.28584981,1.823422432,2.80505681
19090,,1.823440313,2.805146694
19095,1.28584218,,
19096,,1.82168448,2.805619001
19098,1.286077976,,
19099,1.286190271,1.821160078,2.805697203
19100,1.286317348,1.82102561,2.805736065
19101,1.286468148,1.82092309,2.805776596
19102,,1.820832253,2.805825472
19103,1.28668499,,
19104,,1.820702195,2.805960655
19106,1.2870996,,
19107,1.287271023,1.820610762,2.806120634
19108,1.287466288,1.82060039,2.806188822
19109,,1.820598722,2.806252956
19111,1.2880795,,
19112,1.288323283,1.820680499,2.806478262
19113,1.288572788,1.820715427,2.806554556
19114,1.288807154,1.820752978,2.806632042
19115,1.289046764,1.82079494,2.806717634
19116,,1.820849776,2.806803703
19117,1.289428711,,
19118,,1.820997119,2.806984425
19120,1.289970398,,
19121,,1.821259737,2.807241201
19122,1.290132642,,
19123,,1.821451306,2.807430744
19126,1.28954041,,
19127,,1.821642518,2.807766914
19132,1.288908482,,
19133,1.288816094,1.822147965,2.808167458
19134,1.288774252,1.822257161,2.808211565
19135,1.288702369,1.822381616,2.808279753
19136,1.288664818,1.822498322,2.808347702
19137,1.288656592,1.822628856,2.808409214
19138,,1.822746158,2.808466196
19140,1.288759112,,
19141,,1.823094487,2.806867123
19142,1.288964868,,
19143,,1.823351026,2.803961754
19145,1.289349318,,
19146,,1.823762417,2.80063653
19150,1.289788485,,
19151,1.289901853,1.824369192,2.796947002
19152,,1.824454665,2.796444178
19154,1.290217757,,
19155,,1.82385838,2.795267344
19157,1.290415764,,
19158,1.290533781,1.823149085,2.794487476
19159,1.290678144,1.822978258,2.794299364
19160,,1.822837114,2.794148922
19161,1.291027188,,
19162,1.291213155,1.822648287,2.793915749
19163,,1.822604537,2.793830156
19164,1.291464567,,
19165,,1.822488189,2.793700933
19166,1.291772366,,
19167,,1.822378874,2.793641567
19169,1.292315722,,
19170,,1.822340131,2.793633938
19171,1.29266274,,
19172,,1.8223598,2.793660164
19173,1.293063641,,
19174,1.293276429,1.822443366,2.793697596
19175,1.293314815,1.822508931,2.793728352
19176,,1.822583556,2.793757915
19178,1.29372251,,
19179,,1.822844267,2.793886185
19182,1.294238687,,
19183,1.294398904,1.823195696,2.794095039
19184,,1.823283076,2.794155121
19188,1.295196772,,
19189,,1.823652148,2.794564486
19190,1.295597434,,
19191,1.295802951,1.823797107,2.794781923
19192,,1.823842883,2.794889688
19195,1.295871377,,
19196,1.295801282,1.824095607,2.795296431
19197,,1.824159503,2.79539609
19198,1.295766711,,
19199,,1.824297786,2.795593023
19202,1.296074867,,
19203,1.29612112,1.824496746,2.795994282
19204,,1.82454443,2.796092033
19206,1.296165586,,
19207,1.2961905,1.824762225,2.796363115
19208,,1.82484901,2.796437979
19212,1.293723345,,
19213,1.293398499,1.82542181,2.796842813
19214,1.293140411,1.825544477,2.7969172
19215,1.29293263,1.825665355,2.796993494
19216,,1.825801134,2.797063351
19222,1.292059422,,
19223,,1.826587796,2.797548294
19226,1.291660309,,
19227,1.291552424,1.826953173,2.797836542
19228,1.291438341,1.827026963,2.797917128
19229,,1.827109218,2.797996283
19234,1.291213393,,
19235,1.291240454,1.827708125,2.798500299
19236,,1.827804089,2.79859066
19237,1.291275024,,
19238,,1.827997327,2.7987113
19240,1.291476369,,
19241,,1.828297496,2.798820972
19243,1.291754365,,
19244,,1.828584075,2.798979044
19246,1.292028904,,
19247,,1.828772068,2.799094439
19248,1.292145014,,
19249,,1.828899384,2.79914856
19250,1.29219377,,
19251,,1.829042792,2.799212217
19252,1.292312741,,
19253,1.292404056,1.829187155,2.799278498
19254,,1.829263091,2.799191713
19264,1.292788863,,
19265,,1.829624891,2.798895836
19266,1.292849064,,
19267,1.29291904,1.82822752,2.798856735
19268,,1.827645063,2.798833847
19271,1.291621566,,
19272,,1.825880289,2.798849583
19273,1.291246295,,
19274,1.291095614,1.825240493,2.798880816
19275,,1.824982047,2.798901558
19276,1.290932178,,
19277,,1.824554682,2.798953056
19281,1.290710926,,
19282,,1.823952198,2.799116373
19283,1.290453553,,
19284,,1.823866487,2.799184084
19286,1.290148735,,
19287,1.290079474,1.823893309,2.799335957
19288,,1.823924422,2.799418211
19296,1.289415002,,
19297,1.289394855,1.824429154,2.799998999
19298,1.289352655,1.824506521,2.800062895
19299,1.289036036,1.824598432,2.800115824
19300,1.288776159,1.824701071,2.800181627
19301,1.288588643,1.824818134,2.800244093
19302,1.288412809,1.824928522,2.800310373
19303,1.288280725,1.825035214,2.800378323
19304,,1.825133681,2.800449848
19307,1.288019896,,
19308,,1.824960709,2.800683975
19312,1.28792727,,
19313,1.287959218,1.824996233,2.801016808
19314,,1.825029492,2.801086187
19315,1.288012505,,
19316,,1.825126529,2.801218033
19317,1.288076162,,
19318,1.288175225,1.825258493,2.801347017
19319,1.288284779,1.825323939,2.801410437
19320,,1.825394273,2.801478386
19321,1.288426995,,
19322,,1.82554543,2.801625729
19323,1.288600326,,
19324,,1.825721622,2.80175662
19325,1.288850665,,
19326,1.289006114,1.825903296,2.801895857
19327,1.289185047,1.825990438,2.801968575
19328,,1.826067924,2.802046061
19330,1.289512396,,
19331,,1.826303601,2.802270889
19338,1.290577412,,
19339,1.290778279,1.826915145,2.801653624
19340,1.290999413,1.826998591,2.80151701
19341,,1.827084899,2.801408768
19342,1.290932655,,
19343,,1.827048421,2.801253796
19347,1.289528966,,
19348,,1.82669127,2.801116943
19351,1.288650751,,
19352,1.288472652,1.826639295,2.801209688
19353,,1.82667768,2.801258326
19357,1.287884116,,
19358,1.287822604,1.826996803,2.801572084
19359,,1.826947212,2.801644325
19360,1.287804961,,
19361,,1.826758742,2.801791668
19362,1.287435412,,
19363,1.287248731,1.82662797,2.80192399
19364,1.287101507,1.826584935,2.801990509
19365,1.28698957,1.826557517,2.80104208
19366,,1.826553583,2.800209999
19367,1.286875367,,
19368,,1.826547742,2.798812628
19369,1.286903977,,
19370,,1.826507092,2.797709942
19379,1.287700534,,
19380,1.287822604,1.826657176,2.79500103
19381,,1.826758385,2.794849873
19387,1.288992524,,
19388,,1.827419519,2.794417143
19390,1.289487123,,
19391,1.289694309,1.827692151,2.794406891
19392,,1.827795625,2.794409275
19395,1.290480137,,
19396,,1.828151822,2.794291973
19398,1.290503621,,
19399,,1.828466892,2.794026613
19400,1.289974689,,
19401,1.289781451,1.828392625,2.79394412
19402,,1.82837224,2.793928146
19403,1.289542079,,
19404,,1.828361392,2.793959856
19405,1.289398193,,
19406,,1.828300238,2.794001579
19408,1.289230347,,
19409,,1.828268051,2.79409337
19410,1.289162397,,
19411,,1.828325272,2.794157982
19412,1.289202094,,
19413,,1.82844913,2.794213533
19415,1.289569616,,
19416,,1.828649759,2.794320822
19419,1.290260315,,
19420,1.290467262,1.828962922,2.794481754
19421,,1.829021335,2.794530153
19423,1.290982246,,
19424,,1.829226613,2.794679642
19425,1.291084886,,
19426,1.291164398,1.829404593,2.794811249
19427,,1.829509139,2.794878244
19432,1.290585518,,
19433,,1.829944253,2.795288563
19435,1.290225148,,
19436,,1.830145717,2.795541525
19439,1.288567424,,
19440,,1.830280185,2.795893669
19443,1.287642837,,
19444,,1.830253839,2.796210527
19445,1.287400842,,
19446,,1.830325723,2.796368361
19450,1.287432313,,
19451,,1.830674887,2.79675746
19457,1.287387013,,
19458,1.287507892,1.830647111,2.797300339
19459,,1.830633998,2.797390461
19460,1.287814021,,
19461,,1.830557704,2.797569036
19462,1.288216591,,
19463,1.288430214,1.830471992,2.797763824
19464,,1.830458522,2.797862768
19467,1.289162278,,
19468,,1.829890013,2.798263788
19469,1.289589405,,
19470,1.289809346,1.829640746,2.798449516
19471,,1.829523206,2.798538685
19472,1.290249586,,
19473,,1.829340696,2.798710108
19475,1.290830851,,
19476,,1.829241037,2.799003363
19477,1.29110682,,
19478,1.29127264,1.827711701,2.799212694
19479,,1.827063322,2.799311876
19481,1.29164362,,
19482,1.291782141,1.825582147,2.799526215
19483,1.29193151,1.825172424,2.799564123
19484,1.292090535,1.824814916,2.799603939
19485,,1.824516416,2.799647093
19491,1.293548822,,
19492,1.293805599,1.823373079,2.799972296
19493,,1.823311806,2.800040245
19494,1.29436779,,
19495,,1.823227167,2.800175667
19498,1.295593977,,
19499,1.295896649,1.823296547,2.800410986
19500,1.296195388,1.823341131,2.800475359
19501,,1.823392749,2.800547123
19502,1.296808124,,
19503,1.297079086,1.823538661,2.800467014
19504,1.297314763,1.823629022,2.80043745
19505,1.297569036,1.82371676,2.800422907
19506,1.29779613,1.823801637,2.800415993
19507,1.298007131,1.823893428,2.800421715
19508,1.298178911,1.823999524,2.800437927
19509,1.298374772,1.824116111,2.800471306
19510,,1.824239373,2.800510883
19515,1.299071789,,
19516,,1.824959159,2.800805092
19518,1.299359083,,
19519,,1.825355053,2.80082202
19523,1.299770474,,
19524,,1.826027393,2.800848007
19526,1.299632311,,
19527,,1.826424003,2.800438643
19528,1.298859954,,
19529,,1.826714873,2.800117731
19530,1.297998309,,
19531,,1.827004075,2.799788237
19532,1.297146678,,
19533,1.296821117,1.827277064,2.799476147
19534,,1.827412367,2.799360514
19536,1.296020985,,
19537,1.295825839,1.827818394,2.799113989
19538,1.295710206,1.82795918,2.799073458
19539,,1.82811439,2.799015999
19540,1.295367718,,
19541,1.295245886,1.828438759,2.798943758
19542,,1.828594685,2.798926115
19547,1.29505682,,
19548,1.295132637,1.829417586,2.799013853
19549,,1.829549074,2.799056053
19550,1.295332909,,
19551,,1.829804063,2.799156189
19558,1.2873981,,
19559,,1.830793619,2.799622536
19560,1.286162615,,
19561,1.285691619,1.831050158,2.79973793
19562,,1.831181169,2.799823284
19567,1.284123421,,
19568,1.284008741,1.831853271,2.80021596
19569,,1.831945896,2.800276518
19572,1.283824921,,
19573,1.283837795,1.832437038,2.800416946
19574,,1.832565308,2.800467253
19576,1.283982277,,
19577,1.284033179,1.831801653,2.800639629
19578,,1.831598997,2.800698996
19579,1.284188867,,
19580,,1.831274271,2.800844908
19583,1.284369826,,
19584,,1.831033111,2.801214695
19586,1.284002542,,
19587,1.28392911,1.830967784,2.801502466
19588,1.283598542,1.830912232,2.801595688
19589,,1.830881238,2.801694632
19591,1.282939553,,
19592,,1.830945611,2.80200243
19594,1.282666683,,
19595,,1.831134081,2.8022995
19596,1.282739639,,
19597,1.282821417,1.831282496,2.802504063
19598,,1.831367254,2.802616358
19600,1.283142209,,
19601,1.283240795,1.831549525,2.802919626
19602,,1.831614971,2.803003073
19607,1.283805609,,
19608,,1.831413388,2.803468943
19610,1.284254074,,
19611,,1.831453204,2.803672075
19614,1.284994364,,
19615,,1.831493139,2.803510189
19616,1.285245061,,
19617,,1.831593394,2.803307295
19620,1.285452366,,
19621,,1.831925273,2.803141117
19627,1.28548491,,
19628,,1.832259655,2.803313017
19631,1.284711361,,
19632,1.284622908,1.832509041,2.803592682
19633,1.284568429,1.832558274,2.803679466
19634,,1.8326056,2.803764582
19636,1.284556508,,
19637,,1.832630515,2.803977251
19644,1.284945011,,
19645,,1.832918167,2.804450989
19647,1.285266995,,
19648,,1.833125353,2.804641962
19650,1.28575778,,
19651,1.285901308,1.833313584,2.804820061
19652,1.286057234,1.8333987,2.804874897
19653,,1.833494067,2.804936171
19655,1.286629796,,
19656,,1.833728433,2.805098057
19657,1.286523104,,
19658,,1.833858967,2.805223465
19659,1.286520243,,
19660,1.286549926,1.834010124,2.805348158
19661,1.286610723,1.834088922,2.805424929
19662,,1.83416605,2.805502892
19663,1.286753654,,
19664,,1.834310293,2.805642605
19666,1.287052155,,
19667,1.287095904,1.83404541,2.805702686
19668,,1.833925962,2.80571723
19673,1.287268519,,
19674,1.287298918,1.833606243,2.805985928
19675,1.287353992,1.833611131,2.806053638
19676,1.287370563,1.833616853,2.806110859
19677,,1.83366704,2.806163311
19681,1.286688328,,
19682,,1.833770275,2.800756216
19684,1.286321759,,
19685,,1.833672523,2.7987535
19686,1.286232471,,
19687,,1.833646178,2.797789335
19688,1.286229014,,
19689,,1.833670259,2.796546221
19692,1.28568542,,
19693,1.285601974,1.833839536,2.794158936
19694,,1.833884358,2.793723583
19696,1.285482645,,
19697,,1.833994508,2.792681217
19698,1.28549397,,
19699,1.285481095,1.834004402,2.792092323
19700,,1.834029436,2.791848421
19701,1.285488248,,
19702,,1.834091425,2.791471481
19703,1.285592675,,
19704,,1.83421874,2.791211367
19705,1.285815597,,
19706,1.285982966,1.834322214,2.790946722
19707,,1.834388494,2.790819883
19708,1.286280394,,
19709,1.286428809,1.834550858,2.790623426
19710,1.286529183,1.834639072,2.790555716
19711,1.286647439,1.834733248,2.790489197
19712,,1.834830642,2.790443182
19713,1.286912918,,
19714,1.287092566,1.835017562,2.790374756
19715,,1.835108638,2.790349483
19716,1.287349105,,
19717,,1.834418416,2.790289879
19718,1.287557483,,
19719,1.287667751,1.833871365,2.790222883
19720,1.287660241,1.833648086,2.790209293
19721,,1.83346808,2.790210724
19726,1.286267996,,
19727,,1.833081841,2.788883209
19729,1.285977244,,
19730,1.285919905,1.833150744,2.785876036
19731,1.2858814,1.83317709,2.785076857
19732,,1.833210588,2.784367323
19734,1.285712719,,
19735,,1.833405137,2.782668352
19736,1.285705447,,
19737,,1.833524704,2.781842232
19738,1.28581214,,
19739,1.285915852,1.833605289,2.781235456
19740,,1.83366549,2.780986547
19742,1.286276937,,
19743,1.286444187,1.833891511,2.780400276
19744,1.286629558,1.833991289,2.780250072
19745,1.28644526,1.834098577,2.780121565
19746,,1.834215879,2.7800107
19747,1.286204696,,
19748,,1.834447861,2.779844284
19754,1.286001563,,
19755,,1.834928393,2.779678822
19756,1.286116958,,
19757,1.286175489,1.834802628,2.779688835
19758,1.286247015,1.83385241,2.779695034
19759,,1.833005667,2.779711962
19761,1.286481977,,
19762,,1.83078742,2.779800177
19763,1.286661029,,
19764,1.286788344,1.829433203,2.779879332
19765,,1.828849196,2.779932022
19767,1.287220716,,
19768,1.287410378,1.827254772,2.780117512
19769,,1.826763868,2.780183554
19770,1.287808299,,
19771,,1.82592833,2.780318975
19773,1.288382411,,
19774,1.288600922,1.825017214,2.780040503
19775,,1.824791908,2.779380798
19777,1.289216876,,
19778,1.289405107,1.824322224,2.777823687
19779,,1.824194908,2.777420521
19783,1.284321785,,
19784,1.283723116,1.823868752,2.776025534
19785,,1.823880911,2.77584219
19792,1.280929804,,
19793,,1.824285746,2.775059223
19797,1.280461073,,
19798,1.280418873,1.824679375,2.774951935
19799,1.28039825,1.824748755,2.774951696
19800,,1.824820399,2.774965048
19801,1.280454874,,
19802,1.280506492,1.824898958,2.774536371
19803,1.280594587,1.8248384,2.774371862
19804,,1.824806333,2.774227619
19805,1.280787587,,
19806,,1.824739814,2.773967028
19807,1.280982256,,
19808,1.281101227,1.824685097,2.773752213
19809,1.281232238,1.824631691,2.77366972
19810,,1.824603319,2.773608208
19813,1.281655431,,
19814,,1.824639082,2.773491859
19818,1.282408357,,
19819,1.282496929,1.824931979,2.773506641
19820,,1.825033426,2.773523092
19821,1.282638311,,
19822,,1.825269103,2.77356863
19825,1.282460213,,
19826,1.282324433,1.825729609,2.77359581
19827,,1.8258425,2.773534775
19830,1.282187819,,
19831,,1.826450825,2.773403883
19835,1.281823039,,
19836,,1.827238202,2.773487329
19837,1.281360865,,
19838,,1.827546716,2.773556232
19843,1.28059411,,
19844,,1.828481436,2.773760796
19846,1.280725121,,
19847,1.28081131,1.828951597,2.77390933
19848,1.28093338,1.829096556,2.773962259
19849,,1.829244494,2.77401042
19851,1.281420231,,
19852,,1.829697609,2.77417779
19861,1.283360243,,
19862,1.283566713,1.831042767,2.77488184
19863,1.283781052,1.831181288,2.774958372
19864,1.283996105,1.831335068,2.775033236
19865,1.284203529,1.831492305,2.775110245
19866,,1.831658721,2.775188446
19869,1.284828186,,
19870,1.284952044,1.832326174,2.775494337
19871,,1.832491875,2.77557373
19872,1.285221457,,
19873,,1.832855821,2.775733948
19882,1.287011981,,
19883,,1.834392548,2.776503325
19884,1.287277341,,
19885,,1.834673405,2.776699781
19887,1.287556887,,
19888,1.287700415,1.835065246,2.776968002
19889,,1.835197926,2.777057648
19890,1.287815928,,
19891,1.287846446,1.835474372,2.777230501
19892,1.28791225,1.835616589,2.777311802
19893,1.287977576,1.835760593,2.777392149
19894,,1.835910559,2.77746439
19895,1.288176656,,
19896,1.288295865,1.836188912,2.777610779
19897,1.288410425,1.836320877,2.777697802
19898,,1.836452484,2.777776718
19899,1.288688064,,
19900,,1.836728215,2.777936935
19901,1.289006591,,
19902,,1.837001443,2.77808094
19904,1.289545059,,
19905,1.289747238,1.837400794,2.778292179
19906,,1.837526202,2.778360367
19907,1.290197015,,
19908,,1.837853074,2.778504133
19909,1.290669799,,
19910,,1.838170767,2.778650284
19912,1.290949464,,
19913,,1.83870101,2.778871775
19914,1.29123807,,
19915,1.291392446,1.839023948,2.779020548
19916,1.291518092,1.839177251,2.779095173
19917,,1.839340448,2.779174328
19918,1.291727304,,
19919,1.291879177,1.839632869,2.77935195
19920,1.292049766,1.839776278,2.779435396
19921,,1.839905143,2.779533863
19923,1.292532325,,
19924,,1.840262771,2.779798746
19925,1.292797923,,
19926,1.292894959,1.840487957,2.7799716
19927,1.293000221,1.84059763,2.780056
19928,1.293095589,1.84069705,2.780148506
19929,1.293190598,1.840772271,2.780235291
19930,1.293296218,1.840853095,2.780321836
19931,,1.840919375,2.78040266
19932,1.293468952,,
19933,,1.841074347,2.78057909
19935,1.293755412,,
19936,,1.841229558,2.780827284
19937,1.294008255,,
19938,,1.841361165,2.780989647
19939,1.294232726,,
19940,,1.841548562,2.781162739
19942,1.294530511,,
19943,,1.841943026,2.781429768
19945,1.294383645,,
19946,,1.840507507,2.781695127
19949,1.293635964,,
19950,,1.838417053,2.782042265
19952,1.29310739,,
19953,1.29284215,1.837399602,2.782227039
19954,,1.837068677,2.782277107
19955,1.292297959,,
19956,,1.836539745,2.78240037
19958,1.284728646,,
19959,,1.836008787,2.782602787
19960,1.280946493,,
19961,,1.835777402,2.782767534
19962,1.277941704,,
19963,,1.83564353,2.782954693
19965,1.274543285,,
19966,,1.83541441,2.783251762
19969,1.271555901,,
19970,,1.835408568,2.783722162
19975,1.269289017,,
19976,1.269092679,1.835910678,2.783979177
19977,1.268931866,1.836025357,2.784028292
19978,,1.836141109,2.784084558
19980,1.268623948,,
19981,,1.836438179,2.784268618
19983,1.268564463,,
19984,,1.836648583,2.784461498
19988,1.268734574,,
19989,,1.837098956,2.784823895
19996,1.268957615,,
19997,,1.837977767,2.785387993
19998,1.269050956,,
19999,,1.838246703,2.785482645
20001,1.269316912,,
20002,,1.838638544,2.785571337
20003,1.26953423,,
20004,1.269639611,1.838911176,2.785599709
20005,1.269709468,1.839040518,2.785618782
20006,1.269790649,1.839175701,2.785646439
20007,1.269858837,1.839300871,2.785675049
20008,,1.839423418,2.785701036
20009,1.269986153,,
20010,,1.839386106,2.785759449
20011,1.269952059,,
20012,1.269938588,1.839155912,2.785821199
20013,,1.839055896,2.785859108
20016,1.270049334,,
20017,,1.83899498,2.786046267
20024,1.270237327,,
20025,1.270245671,,
20026,1.270266414,1.83913815,2.786524534
20027,,1.839096308,2.786589622
20028,1.270351768,1.838663936,2.786659002
20029,1.270415306,,
20030,,1.837913513,2.786807775
20031,,1.837622166,2.786822557
20033,1.27075696,,
20035,1.27040267,1.836509943,2.786926985
20037,,1.835788012,2.786996841
20038,1.269862652,,
20040,,1.835038304,2.786826611
20041,1.269462466,,
20042,1.269348383,,
20043,,1.834501624,2.786612272
20044,,1.834338784,2.786563158
20048,1.268974185,,
20049,1.26896131,,
20050,,1.833920121,2.786524773
20051,1.269024849,1.833903074,2.786550283
20053,,1.833947301,2.786610842
20054,1.269325852,,
20055,1.269453287,,
20056,,1.834105253,2.786743879
20057,,1.83417213,2.786825657
20058,1.269775033,,
20060,,1.834482074,2.787045717
20062,1.270067573,,
20063,1.270004869,,
20064,1.269971967,1.834999442,2.787322283
20065,1.26995337,1.835134983,2.78740263
20066,,1.835268974,2.787486553
20067,,1.835414171,2.787563801
20069,1.270019412,,
20071,,1.836002827,2.787936449
20072,1.270222664,,
20074,,1.836273313,2.788193941
20076,1.270595312,,
20077,1.270655394,,
20078,,1.836619139,2.788380384
20079,,1.836714387,2.788426161
20081,1.271016002,,
20083,,1.837061048,2.7885952
20085,1.271514416,,
20086,1.271642447,,
20087,1.271771073,1.837441564,2.788881063
20088,,1.837579012,2.788924694
20089,,1.83771193,2.788977146
20092,1.272347569,,
20094,,1.838111639,2.789253712
20098,1.273159862,,
20099,1.273312092,,
20100,,1.838284135,2.789642572
20101,,1.83835125,2.789714098
20105,1.274179816,,
20107,1.274455547,1.838987589,2.790267229
20109,1.274684906,1.839218736,2.790460825
20110,1.274795175,,
20111,,1.839442849,2.790652514
20112,1.275019765,1.839565992,2.790765285
20113,1.275138259,,
20114,,1.839840889,2.790991068
20115,,1.839975476,2.791112185
20118,1.275549531,,
20120,1.275678515,1.840716243,2.79178977
20121,1.275738478,,
20122,1.275767446,1.841029406,2.792032242
20123,,1.84119153,2.792156219
20124,,1.841356635,2.792281389
20129,1.276319146,,
20131,1.276509523,1.842345476,2.793008089
20132,1.276616573,,
20133,,1.842580557,2.793171644
20134,,1.842698216,2.79325366
20135,1.276932478,,
20137,,1.843012452,2.793515205
20139,1.277180552,,
20141,1.277222633,1.843354821,2.793919802
20143,,1.843528628,2.79410696
20144,1.277385116,,
20145,1.277467728,,
20146,,1.843674302,2.794335604
20147,,1.84371078,2.794423103
20151,1.277537346,,
20153,1.277604818,1.843841553,2.794975996
20155,,1.843818069,2.795151711
20158,1.27792418,,
20159,1.278001308,,
20160,,1.843723416,2.795625925
20161,1.278157234,1.84375,2.795729399
20163,1.278358817,1.843834519,2.795922995
20165,,1.843922615,2.796113014
20167,1.278636813,,
20168,1.278712273,,
20169,,1.843141317,2.796510696
20170,1.278858185,1.842771649,2.796628475
20171,1.278937101,,
20172,1.279009461,1.842197418,2.79685998
20173,1.279106617,1.841961384,2.796985149
20174,,1.84141326,2.797109842
20175,1.279258847,1.840934157,2.797226191
20176,1.279335499,,
20177,,1.840199113,2.797464371
20178,1.279509425,1.839910269,2.797591448
20179,1.279607177,,
20180,1.279716253,1.838842988,2.797846079
20181,,1.838406205,2.797950506
20182,,1.837638974,2.798043251
20183,1.28008759,,
20185,,1.83536613,2.798309803
20186,1.28049767,,
20187,1.280634522,,
20188,,1.833711267,2.798614502
20189,,1.833296895,2.798713207
20190,1.280966878,,
20192,,1.831953764,2.798994303
20194,1.281409502,,
20196,1.281637549,1.830672383,2.799421072
20198,1.281881571,1.830257773,2.799594641
20200,1.281919599,1.82997334,2.799750566
20202,,1.829773784,2.799896955
20203,1.282033205,,
20204,1.282083392,,
20205,1.282150388,1.82962513,2.800148487
20206,,1.829590082,2.800230503
20207,1.282111287,1.829564333,2.800319672
20208,1.282129526,,
20209,,1.829552531,2.800487518
20210,,1.82956171,2.800581932
20211,1.282271624,,
20213,1.282367468,1.82960844,2.800868273
20215,,1.829689503,2.801039457
20216,1.282520533,,
20218,,1.8298949,2.801208973
20219,1.282628179,,
20221,,1.829908609,2.80133009
20227,1.283308625,,
20228,1.283378124,,
20229,1.283427238,1.830151677,2.801824093
20230,,1.830254793,2.801904202
20231,,1.830361724,2.801991701
20240,1.284757018,,
20242,,1.831295609,2.80303359
20244,1.285424709,,
20246,,1.831628442,2.803407907
20247,1.284848332,,
20248,1.284711957,,
20249,1.284588218,1.831991553,2.803772449
20250,,1.832119226,2.803845882
20251,1.284370661,1.832261086,2.803913593
20253,,1.832571864,2.804098845
20254,1.284227014,,
20255,1.284212112,,
20256,1.284218192,1.833086252,2.804381847
20257,1.284239888,1.833251953,2.80448246
20258,,1.833419442,2.804600477
20259,,1.833576798,2.804584026
20260,1.284432173,,
20261,1.284527779,,
20262,1.284638882,1.833994746,2.804562807
20263,,1.834130406,2.80456996
20264,1.284882545,1.834272385,2.804591656
20266,1.28511548,1.83457911,2.804657936
20268,,1.834859014,2.804739237
20270,1.285597444,,
20272,,1.835328221,2.804850578
20274,1.286100626,,
20276,,1.835501432,2.804862022
20282,1.286889911,,
20284,,1.835085154,2.804674149
20289,1.287816763,,
20291,,1.83484447,2.802639484
20304,1.290025711,,
20306,1.290347576,1.83602953,2.802071333
20307,1.290509105,,
20308,,1.836318612,2.802133083
20309,,1.836452603,2.802176952
20311,1.291072726,,
20313,,1.837055564,2.802258015
20315,1.291597128,,
20317,1.291689515,1.837582111,2.802202702
20318,1.291757107,,
20319,1.291837096,1.837861061,2.802260399
20320,,1.838004112,2.802299261
20321,,1.838136435,2.80234766
20324,1.292348981,,
20325,1.292508483,,
20326,,1.838822365,2.802707434
20327,,1.838950872,2.802787066
20328,1.292988539,,
20329,1.293169856,,
20330,,1.83898592,2.803031683
20331,1.293490529,1.83899653,2.803101778
20332,1.293655396,,
20333,,1.839040279,2.80327034
20334,,1.839080215,2.803353071
20335,1.293373466,,
20337,1.293062806,1.83930254,2.803607225
20339,1.292840362,1.839502931,2.803756952
20341,1.292705297,1.839656353,2.803914785
20343,,1.839771628,2.804071188
20344,1.292597413,,
20345,1.292575002,,
20346,,1.839930058,2.804299116
20347,1.292578936,1.839999199,2.804391623
20348,1.292619944,,
20349,1.292672873,1.84018898,2.804585695
20350,,1.840303183,2.804704428
20351,1.292789221,1.840417862,2.804816484
20353,,1.840698957,2.805028915
20354,1.29306972,,
20356,,1.841111898,2.805337191
20357,1.29335463,,
20359,,1.841542602,2.805676937
20360,1.293642759,,
20362,,1.841257572,2.806003809
20363,1.294014812,,
20365,,1.839773774,2.806277752
20368,1.294649601,,
20370,,1.837973714,2.806603909
20371,1.29510057,,
20372,1.29525733,,
20373,,1.837369204,2.806749344
20374,,1.837221384,2.806806087
20375,1.295721412,,
20376,1.295888543,,
20377,,1.836909413,2.807048798
20378,,1.83684659,2.807145119
20384,1.29692018,,
20386,,1.836835861,2.807935476
20387,1.297273159,,
20388,1.297288418,,
20389,,1.836745739,2.807905436
20390,,1.836693287,2.807873249
20391,1.29730773,,
20393,,1.836613297,2.807878017
20395,1.297366858,,
20397,1.297443748,1.83651197,2.807960272
20399,1.297420382,1.836543679,2.808037519
20401,,1.836521506,2.808203697
20403,1.297192097,,
20405,1.29710114,1.836501837,2.808493137
20406,1.297073722,,
20407,1.297031641,1.836617708,2.808660984
20408,1.29701364,1.836700916,2.808756828
20409,,1.836792588,2.808845282
20410,,1.83688426,2.808943987
20411,1.296963096,,
20413,,1.8372401,2.809231281
20414,1.296902061,,
20416,,1.837601304,2.80951333
20422,1.29686451,,
20424,,1.838758349,2.810154676
20426,1.297080874,,
20428,1.297149181,1.839392662,2.810440302
20429,1.297199845,,
20430,,1.839710593,2.810604811
20431,1.296169281,1.839880943,2.81067729
20432,1.29575336,,
20433,,1.840215564,2.810803413
20434,,1.840362191,2.81086421
20438,1.294217587,,
20439,1.294076562,,
20440,,1.841254473,2.811061382
20441,,1.841424704,2.811102629
20443,1.29357481,,
20444,1.293503642,,
20445,1.293444037,1.842158794,2.811224461
20446,,1.842333198,2.811208487
20447,,1.842510939,2.811214685
20450,1.293276548,,
20452,1.293243408,1.843386292,2.811313868
20453,1.293258667,,
20454,,1.843730569,2.811431408
20455,1.293316364,1.843803167,2.81149435
20456,1.29335773,,
20457,,1.843955517,2.811620712
20458,,1.844057083,2.811691284
20460,1.293604493,,
20462,1.293676853,1.844350457,2.81186676
20463,1.293732285,,
20464,,1.844521761,2.811995983
20465,1.293868184,1.844630361,2.812062263
20466,1.293943763,,
20467,1.294022799,1.84488523,2.812216043
20468,1.294112682,1.845027804,2.812284946
20469,,1.845161676,2.812352657
20470,1.294227481,1.845327973,2.812428951
20472,1.294255137,1.845675468,2.812614679
20474,,1.845921874,2.81278801
20476,1.294131875,,
20477,1.294024467,,
20478,,1.846451163,2.813168526
20479,,1.846590281,2.81324625
20480,1.293886542,,
20481,1.293851614,,
20482,1.293835163,1.847016811,2.813480139
20483,,1.84716773,2.813542843
20484,1.293858647,1.847324014,2.813625336
20486,1.293964744,1.847666264,2.813828945
20488,,1.847982287,2.814050436
20489,1.294194698,,
20490,1.294253588,,
20491,1.294330001,1.848460793,2.814373732
20492,,1.848627329,2.814457178
20493,1.29450953,1.848795295,2.814535141
20494,1.294638515,,
20495,,1.849136114,2.814722061
20496,1.294908643,1.849183679,2.814821482
20497,1.295064688,,
20498,1.295222163,1.849279761,2.815009117
20499,,1.849339724,2.815102816
20500,1.295574546,1.849413157,2.815105677
20502,,1.849573374,2.815129995
20503,1.295909166,,
20505,,1.849784017,2.815250158
20508,1.29652977,,
20509,1.29637742,,
20510,,1.849989533,2.815735102
20511,,1.850063086,2.815833807
20512,1.296143413,,
20513,1.296115875,,
20514,,1.850333571,2.815990925
20515,,1.850441337,2.815973997
20519,1.295992851,,
20521,,1.85101223,2.816025496
20524,1.295860887,,
20526,1.295578361,1.851096869,2.816254854
20528,1.295244217,1.850937247,2.816373825
20530,1.294987559,1.85047102,2.816502333
20532,1.294799805,1.849872589,2.816618443
20534,1.294691324,1.849465251,2.816746235
20536,,1.849161029,2.816870928
20538,1.294650316,,
20540,,1.848848104,2.817079782
20542,1.294890761,,
20543,1.29497385,,
20544,,1.84879005,2.817370892
20545,1.295105577,1.848740816,2.817451954
20547,1.295220256,1.848657966,2.81761384
20549,1.295337081,1.848609686,2.817760229
20551,,1.848624468,2.817928791
20552,1.295583606,,
20554,,1.84868145,2.818170547
20557,1.295908928,,
20558,1.295899034,,
20559,,1.848932862,2.818581343
20560,,1.849014282,2.818664551
20567,1.296438217,,
20568,1.296522617,,
20569,1.296567202,1.850278258,2.819091082
20570,,1.850420117,2.819164515
20571,1.296686888,1.850564003,2.819229841
20572,1.296726346,,
20573,1.296803236,1.850866556,2.819373608
20574,1.296741486,1.851038218,2.819438934
20575,,1.851230145,2.819500923
20576,,1.851409435,2.819552422
20580,1.296380043,,
20581,1.2962749,,
20582,,1.852542996,2.819965124
20583,,1.852710843,2.820037603
20585,1.296014905,,
20586,1.295951009,,
20587,,1.853233814,2.820361853
20588,1.295925379,1.853247046,2.820451021
20589,1.295934319,,
20590,,1.853323936,2.820644379
20591,,1.853380084,2.818110943
20592,1.295920253,,
20593,1.295921206,,
20594,,1.85339129,2.811982393
20595,1.295953035,1.853395224,2.810333729
20597,,1.853454113,2.807532072
20598,1.295951843,,
20599,1.295891762,,
20600,,1.853625059,2.803634167
20601,,1.853640079,2.802578449
20603,1.295742512,,
20605,1.295779347,1.853821039,2.799359083
20607,1.295874596,1.853742719,2.798271656
20608,1.295938969,,
20609,,1.853525996,2.797421694
20610,,1.853445411,2.797062397
20615,1.296322465,,
20616,1.296420932,,
20617,,1.852956653,2.795486689
20618,1.296616197,1.852960467,2.79537487
20620,,1.852987766,2.795205593
20621,1.296967149,,
20623,,1.850179434,2.795039415
20626,1.297701716,,
20627,1.297873735,,
20628,1.297988772,1.846477032,2.794926405
20629,,1.845935464,2.794756889
20630,,1.845458508,2.794612885
20634,1.298726678,,
20636,,1.843844771,2.794071674
20637,1.2991575,,
20639,,1.843524694,2.79392457
20641,1.299650073,,
20642,1.299732566,,
20643,,1.843491316,2.793849945
20644,,1.843496442,2.793844461
20650,1.300154805,,
20652,1.300266266,1.843892217,2.790900707
20654,,1.844075084,2.790465117
20658,1.300392509,,
20660,1.300421238,1.844748616,2.789748669
20662,1.300497651,1.844993711,2.789589167
20664,1.300598621,1.845252395,2.789474249
20665,1.300669074,,
20666,1.300766945,1.845456362,2.789408684
20667,1.300882459,1.845569015,2.789390087
20668,1.301002145,1.845679522,2.789373636
20669,,1.84579432,2.789362669
20670,,1.845905423,2.789355278
20675,1.302057147,,
20677,1.302093744,1.843657613,2.785822868
20678,1.302063823,,
20679,1.302062392,1.842969298,2.785265207
20680,,1.842713118,2.785042524
20681,,1.842493534,2.784847021
20682,1.302231789,,
20683,1.302327991,,
20684,1.302425623,1.842049241,2.784224033
20685,1.302538753,1.841963887,2.784054995
20686,1.302659154,1.841895223,2.783913612
20687,1.302803159,1.841843605,2.783795834
20688,1.302961469,1.841808319,2.783700228
20689,1.303134561,1.841810584,2.783625841
20690,,1.841837883,2.783563137
20691,,1.841875672,2.783513546
20693,1.303674936,,
20695,1.303884149,1.84141469,2.783438683
20697,,1.841218948,2.783470154
20698,1.304234982,,
20700,,1.840855002,2.783599854
20702,1.30469954,,
20703,1.304796815,,
20704,,1.840318561,2.783821106
20705,1.304929972,1.840251207,2.78387332
20706,1.304977655,,
20707,,1.840084434,2.783983946
20708,1.305131316,1.839984179,2.784035683
20709,1.304972053,,
20710,,1.839864492,2.784137487
20711,1.304746389,1.839832306,2.784185648
20713,1.304664612,1.839843035,2.784282207
20714,1.304681182,,
20715,,1.839951873,2.784385443
20716,,1.840029001,2.784446955
20717,1.304656625,,
20719,,1.840298891,2.784628868
20721,1.304633141,,
20722,1.304466128,,
20723,1.304324269,1.840542078,2.784916639
20724,,1.84056282,2.784995556
20725,1.304123878,1.840607524,2.785079479
20727,,1.840693235,2.785234928
20728,1.303936243,,
20729,1.303854585,,
20730,,1.840862393,2.785441875
20731,,1.840923548,2.785505295
20732,1.303655624,,
20733,1.30356586,,
20734,1.303501606,1.84119761,2.785716772
20735,1.303439379,1.841301084,2.785784721
20736,,1.841383934,2.785851479
20737,1.302693605,1.84149158,2.78591156
20738,1.302394271,,
20739,,1.841733575,2.785939455
20740,,1.841858864,2.785966158
20742,1.30154407,,
20744,,1.842417836,2.78611064
20749,1.301087737,,
20751,,1.843337059,2.786522388
20754,1.300910711,,
20756,,1.843941092,2.786838531
20757,1.300534248,,
20759,,1.844074845,2.786983252
20762,1.299987078,,
20763,1.299979568,,
20764,1.299987197,1.844696164,2.786903143
20765,1.30001533,1.844840288,2.786818504
20766,,1.844981432,2.786743879
20767,1.300112605,1.845131397,2.786670208
20768,1.300177813,,
20769,1.300235271,1.845470309,2.786588669
20770,1.300311923,1.845638752,2.786572695
20771,1.300398111,1.845810413,2.786567211
20772,1.300487876,1.845971465,2.786579132
20773,,1.846116662,2.786592484
20774,,1.846254349,2.786604643
20778,1.301013708,,
20780,,1.847187161,2.78673172
20781,1.301233649,,
20782,1.301319242,,
20783,1.301392317,1.847573161,2.786730051
20784,1.301478624,1.847683668,2.786737204
20785,1.301576614,1.847794294,2.786743164
20786,1.301679611,1.847909212,2.786751509
20787,1.301779151,1.847787619,2.786759615
20788,,1.847693086,2.786772013
20789,,1.847622156,2.786791563
20795,1.302527666,,
20797,,1.847627044,2.786956549
20798,1.302717566,,
20800,,1.847712755,2.787020206
20801,1.302904129,,
20803,,1.84789753,2.787122488
20804,1.303114653,,
20806,1.303085446,1.848028302,2.787252665
20808,,1.847610831,2.787350655
20809,1.303138375,,
20810,1.303199887,,
20811,,1.847255826,2.787541389
20812,,1.847192764,2.787624121
20817,1.30322361,,
20818,1.303229332,,
20819,1.303061485,1.847245455,2.788114071
20820,1.302907944,1.847316027,2.788141489
20821,1.302769661,1.84740603,2.788171768
20822,1.302634597,1.847490788,2.788217783
20823,,1.847595096,2.788266659
20824,1.302359104,1.847710133,2.788334608
20825,1.302280307,,
20826,1.302224755,1.847924471,2.788486719
20827,1.30218029,1.84805429,2.788557291
20828,1.302171946,1.848178864,2.788625956
20829,1.302134752,1.84826839,2.788693666
20830,,1.848336816,2.788763285
20831,,1.848402143,2.788451433
20832,1.30213201,,
20834,,1.848653913,2.787715197
20837,1.302581549,,
20838,1.302712202,,
20839,,1.849198937,2.787033558
20840,1.302966952,1.849289775,2.786963224
20841,1.30311358,,
20842,,1.849448562,2.786830187
20843,1.303324103,1.849533558,2.786755323
20845,,1.849731445,2.786640406
20848,1.302294612,,
20850,1.301977634,1.847214222,2.78651309
20852,1.301756263,1.845719576,2.786531448
20853,1.301688433,,
20854,1.301653743,1.844465017,2.786595583
20855,,1.843961358,2.78663516
20856,1.301607728,1.84350419,2.786677599
20857,1.301617503,,
20858,1.30164659,1.842775345,2.786782026
20859,1.301676989,1.84250617,2.786847353
20860,,1.842265368,2.786906481
20861,1.301835179,1.842074037,2.786977768
20863,,1.841790199,2.787120581
20864,1.302142739,,
20866,1.302237988,1.84100163,2.787285805
20867,1.30229485,,
20868,1.302351356,1.840452433,2.787392378
20869,,1.840247273,2.787439346
20870,1.302497864,1.840085745,2.787495613
20872,,1.839865208,2.787606716
20874,1.302670956,,
20876,1.302774191,1.839294672,2.787878036
20878,1.302569509,1.839160085,2.788030386
20880,,1.839143038,2.788146257
20882,1.301793456,,
20884,1.300411105,1.83929646,2.788229465
20885,1.299766183,,
20886,,1.839348435,2.788309813
20887,1.298699617,1.839404225,2.788357735
20889,1.297850847,1.839542627,2.788448572
20891,1.297163248,1.839738607,2.788534164
20893,,1.83999455,2.788620949
20897,1.295882463,,
20899,1.295689702,1.84085834,2.788900852
20900,1.29564476,,
20901,1.295623422,1.841155052,2.788999557
20902,,1.841296911,2.78904891
20903,,1.841431141,2.7891078
20904,1.295697212,,
20906,,1.841839671,2.789304733
20910,1.295707107,,
20911,1.295724869,,
20912,1.295761824,1.842605352,2.789766788
20913,,1.84273994,2.789842606
20914,,1.842869997,2.789911032
20919,1.295352578,,
20920,1.295272589,,
20921,1.295227289,1.844008684,2.790335655
20922,1.29519403,1.844197035,2.788835287
20923,,1.844268799,2.787481308
20924,1.295124531,1.844333649,2.786264181
20925,1.29511714,,
20926,1.295137048,1.844485879,2.78414607
20927,,1.844583035,2.783228159
20928,1.2952075,1.844688177,2.782411098
20930,,1.844922662,2.78104353
20933,1.295585632,,
20934,1.295720935,,
20935,,1.845477343,2.778753281
20936,,1.845582485,2.778449297
20938,1.296309233,,
20940,1.2963413,1.846087337,2.777560472
20942,,1.846358538,2.77726388
20943,1.296474099,,
20944,1.296530366,,
20945,1.296596289,1.846667528,2.776957273
20946,,1.846567035,2.776885748
20947,1.296759725,1.846051097,2.776829481
20948,1.296864629,,
20949,1.296967387,1.845193863,2.776752949
20950,1.297082424,1.844846129,2.77674222
20951,1.297195792,1.84457159,2.776734829
20952,,1.84436202,2.776737928
20953,1.297376513,1.844181418,2.776744366
20954,1.297462225,,
20955,,1.843880296,2.776759624
20956,,1.843783021,2.776776791
20959,1.297993064,,
20960,1.298130274,,
20961,1.298040986,1.843594432,2.776871681
20962,,1.843533635,2.776898861
20963,1.297963977,1.843508124,2.776926279
20965,,1.843082547,2.776990891
20966,1.297977686,,
20968,,1.841933608,2.777120352
20974,1.298776984,,
20976,1.298952937,1.839719176,2.77752471
20977,1.299034238,,
20978,1.299103975,1.839469552,2.777643442
20979,,1.839380026,2.777700901
20980,1.299144983,1.839255452,2.777763128
20982,1.299155474,1.839074254,2.777882338
20984,,1.839002013,2.778001785
20986,1.299430966,,
20987,1.299529433,,
20988,,1.838989496,2.778243303
20989,1.299750447,1.839035869,2.7783041
20990,1.299891949,,
20991,1.300029993,1.839198828,2.778442383
20992,1.300188422,1.839280844,2.778514862
20993,,1.83938694,2.778588533
20994,,1.839299083,2.778658867
20997,1.301062465,,
20999,,1.839005947,2.779002905
21002,1.302184582,,
21004,,1.834267855,2.779330492
21008,1.303189874,,
21010,1.303309202,1.831291437,2.779713392
21012,,1.830740929,2.779822826
21013,1.303468943,,
21015,,1.830247879,2.780020475
21018,1.303762674,,
21020,,1.82971251,2.780362129
21021,1.304116249,,
21022,1.304261684,,
21023,,1.8295573,2.780584335
21024,,1.829539776,2.780658007
21030,1.304524899,,
21031,1.304548979,,
21032,1.304591775,1.829777241,2.78117919
21033,,1.829819798,2.781258106
21034,1.304690957,1.829871178,2.781330109
21035,1.304765701,,
21036,,1.829983711,2.781481981
21037,,1.830077887,2.781554699
21039,1.304632306,,
21041,1.304466844,1.830296636,2.781884909
21042,1.304407597,,
21043,,1.830126762,2.782047272
21044,,1.830092669,2.782126904
21045,1.304304719,,
21047,1.304328322,1.830049992,2.782350302
21049,,1.830078959,2.782502651
21052,1.304303646,,
21054,1.304367304,1.830218911,2.782942057
21056,,1.83024323,2.783086777
21058,1.304478645,,
21060,,1.830330849,2.783399582
21062,1.304701924,,
21064,,1.830279231,2.78368926
21066,1.30482471,,
21068,,1.830433607,2.78389287
21073,1.305046797,,
21074,1.305067182,,
21075,1.305104375,1.827508807,2.784265757
21076,1.30518496,1.827129483,2.784316778
21077,,1.826824188,2.784374952
21078,1.305215955,1.826588988,2.784436703
21080,1.304676414,1.826240778,2.784554958
21081,1.304388285,,
21082,1.304138303,1.82600081,2.784636497
21083,,1.825911522,2.784682512
21084,,1.825841069,2.784735441
21086,1.303517461,,
21088,,1.82575953,2.784915209
21090,1.303260684,,
21091,1.303260207,,
21092,1.303270221,1.825991273,2.78515625
21093,1.303316355,1.826049566,2.785233498
21094,,1.826102614,2.785304785
21095,,1.826186776,2.785274029
21096,1.303430796,,
21098,1.303520918,1.826433778,2.785235405
21100,1.303689599,1.826626897,2.785247803
21101,1.30372262,,
21102,,1.826829791,2.785319567
21103,1.303822398,1.826823235,2.785376072
21104,1.303843141,,
21105,,1.82687676,2.785496473
21106,1.303120732,1.826938152,2.785553694
21108,,1.827046394,2.785685062
21109,1.302458882,,
21110,1.302317262,,
21111,1.302213669,1.827235937,2.785863876
21112,,1.827309251,2.785927773
21113,,1.82739079,2.785998583
21114,1.301750541,,
21115,1.30163157,,
21116,,1.82751143,2.786225319
21117,,1.82757318,2.786297798
21118,1.301440358,,
21120,,1.827886701,2.786531687
21121,1.301473618,,
21123,1.301632881,1.828326821,2.786722183
21124,1.301732421,,
21125,,1.828615546,2.786852598
21126,1.301925898,1.828754544,2.786914825
21128,,1.829027414,2.787060022
21132,1.301985264,,
21134,,1.829810381,2.787495375
21140,1.302411556,,
21142,1.302687168,1.83099556,2.788177729
21144,,1.831332326,2.788301468
21151,1.303790331,,
21153,,1.83290565,2.788868666
21158,1.304626346,,
21159,1.304693699,,
21160,1.304751515,1.834030747,2.789014339
21161,,1.834172368,2.788976669
21162,,1.834223032,2.788901329
21165,1.303267479,,
21166,1.302892923,,
21167,,1.834483385,2.788725615
21168,1.302207828,1.834542155,2.788707733
21170,1.301693916,1.834605336,2.788689375
21171,1.301478505,,
21172,1.3012743,1.834380507,2.788681746
21173,,1.834168553,2.788678885
21174,,1.834015131,2.788680792
21177,1.300839186,,
21178,1.300806403,,
21179,,1.833484173,2.78875041
21180,1.300824523,1.833307981,2.788772106
21181,1.300884485,,
21182,1.300983429,1.83303833,2.788849115
21183,,1.832949519,2.788890362
21184,1.301181674,1.832865834,2.788938761
21185,1.301253796,,
21186,1.301309943,1.832764149,2.789063454
21187,1.301368833,1.832738757,2.78913784
21188,,1.832752705,2.789204836
21189,,1.832775712,2.789268017
21192,1.30145669,,
21194,,1.833174348,2.789573669
21197,1.301760554,,
21198,1.301805735,,
21199,1.301857591,1.833801627,2.789903641
21200,,1.833924174,2.789983034
21201,,1.834034085,2.790060043
21204,1.301312447,,
21206,1.300834417,1.834786892,2.7904284
21208,,1.834962726,2.790585041
21209,1.300411701,,
21211,1.300342917,1.8350842,2.790835142
21212,1.300345063,,
21213,,1.835214615,2.790970564
21214,,1.835310936,2.79103756
21215,1.300461888,,
21216,1.300552249,,
21217,1.300632954,1.835639238,2.791252136
21218,,1.835762858,2.791326761
21219,,1.835887313,2.79140377
21220,1.30092752,,
21222,1.300960183,1.836331725,2.791640043
21224,,1.836654544,2.791793108
21225,1.301183701,,
21226,1.301270723,,
21227,,1.837115407,2.792041302
21228,1.301439881,1.837263227,2.792136669
21230,1.301609397,1.837574244,2.792322636
21232,,1.837857485,2.792490244
21237,1.302143574,,
21238,1.302230835,,
21239,,1.83865571,2.792963743
21240,,1.838735819,2.79294014
21241,1.302497864,,
21243,1.302686214,1.838974833,2.792938232
21244,1.302798033,,
21245,,1.839174747,2.792974949
21246,1.302939177,1.839293003,2.792997122
21248,1.303170562,1.839534879,2.793051481
21250,,1.839774966,2.793049097
21252,1.303744078,,
21254,,1.840385079,2.793117762
21256,1.303690076,,
21258,,1.840915918,2.793276548
21259,1.303378224,,
21261,1.303372025,1.841390967,2.793451071
21263,1.303439617,1.841687202,2.793574572
21265,1.303542972,1.842012525,2.793698788
21266,1.303611517,,
21267,,1.842324138,2.793836594
21268,,1.842514753,2.793888092
21269,1.303878784,,
21271,,1.842874527,2.794049263
21272,1.304127932,,
21274,1.304215431,1.842943549,2.794236422
21276,,1.843007326,2.794385433
21277,1.303974271,,
21279,1.303855062,1.840180755,2.794574976
21280,1.303813577,,
21281,,1.838799,2.794686794
21282,,1.838229299,2.794745445
21283,1.303765774,,
21285,,1.836940408,2.79493022
21287,1.302917361,,
21288,1.302621007,,
21289,,1.834540725,2.794944286
21290,1.30223465,1.833821654,2.794903755
21291,1.302127242,,
21292,,1.832629442,2.794854641
21293,,1.832134962,2.794845104
21294,1.30187273,,
21295,1.301827669,,
21296,1.301802039,1.830979705,2.794837952
21297,1.301811337,1.830709696,2.794849396
21298,,1.830476403,2.794865131
21299,,1.830283165,2.794885397
21301,1.30158329,,
21303,1.301605463,1.829935789,2.794986248
21304,1.301642895,,
21305,1.301691651,1.829940319,2.79506278
21306,,1.829867959,2.79509902
21307,1.301822305,1.829805493,2.795142174
21309,,1.829741836,2.795230627
21310,1.302093029,,
21312,,1.829789162,2.795373917
21313,1.3021878,,
21315,,1.829958081,2.795533895
21317,1.301626921,,
21318,1.301554799,,
21319,,1.830204606,2.795740843
21320,,1.830266833,2.795809507
21321,1.301473141,,
21322,1.30148375,,
21323,,1.830541611,2.79599309
21324,,1.830562353,2.796054125
21329,1.29995513,,
21331,1.299563289,1.831080079,2.796417952
21333,,1.831351042,2.79652977
21335,1.298840046,,
21336,1.298767328,,
21337,1.298710585,1.831744909,2.79679966
21338,,1.831705689,2.796881676
21339,1.298716307,1.8316921,2.796967268
21341,1.29881978,1.831765771,2.797126293
21342,1.298884273,,
21343,,1.831800461,2.797278643
21344,,1.831817627,2.797347784
21346,1.299183488,,
21348,1.299288988,1.832095146,2.797613144
21350,,1.832304239,2.797765017
21351,1.299389839,,
21352,1.299486041,,
21353,,1.83264792,2.798016548
21354,,1.832765698,2.798080683
21356,1.29967308,,
21358,,1.833387256,2.798357487
21359,1.299772263,,
21361,,1.833837271,2.798569679
21362,1.299800634,,
21364,1.299859524,1.834216118,2.798761606
21365,1.299838066,,
21366,,1.834531665,2.798909664
21367,,1.834698319,2.798974752
21370,1.299710751,,
21371,1.299735427,,
21372,,1.835565925,2.799328804
21373,1.299858212,1.835723042,2.799387932
21375,1.300011158,1.835949421,2.799539089
21377,,1.836203694,2.799652815
21379,1.300326347,,
21380,1.300385118,,
21381,,1.836290956,2.799911976
21382,,1.836284518,2.799973011
21385,1.301003456,,
21386,1.301138997,,
21387,,1.833274484,2.800337076
21388,1.301413059,1.831995368,2.800281763
21390,,1.829824686,2.800201178
21391,1.301854014,,
21392,1.301990151,,
21393,,1.827403903,2.800156116
21394,,1.826786518,2.800152779
21396,1.302559972,,
21398,1.30286181,1.824840188,2.80020833
21400,,1.82418716,2.800289869
21404,1.303743005,,
21406,,1.822807431,2.800562143
21412,1.303409338,,
21413,1.303351402,,
21414,,1.820669174,2.800837278
21415,,1.820540309,2.800880194
21418,1.303034544,,
21420,1.303050399,1.819909453,2.801167011
21422,1.303134918,1.81972909,2.801300287
21423,1.303191543,,
21424,1.303269625,1.819651604,2.801419735
21425,1.303352714,1.819643736,2.801481485
21426,,1.819638014,2.801539898
21427,,1.819638371,2.80160284
21430,1.30397439,,
21432,,1.819779515,2.801940441
21433,1.304488182,,
21434,1.304691672,,
21435,,1.819923162,2.802130699
21436,1.305085421,1.819988847,2.802187204
21438,1.305505037,1.820015073,2.802290916
21440,,1.820140243,2.802402735
21447,1.302542567,,
21449,1.302211881,1.820660472,2.803188801
21451,1.301914096,1.820848346,2.803318024
21452,1.301794648,,
21453,1.301441312,1.821034789,2.803453922
21454,1.301126003,1.821124554,2.803519726
21455,1.30088675,1.821219802,2.803582668
21456,,1.821322322,2.80365324
21457,1.300521016,1.821428657,2.803719759
21458,1.300394177,,
21459,,1.821686864,2.803843975
21460,1.300182104,1.821847677,2.803912163
21462,,1.822217226,2.804074049
21463,1.299880505,,
21465,1.299780846,1.822776556,2.804345608
21466,1.299739122,,
21467,1.299729466,1.823133469,2.804519415
21468,1.299732327,1.823329568,2.804618835
21469,1.29976356,1.823519111,2.80471611
21470,,1.823697805,2.804820538
21471,,1.823880076,2.804923534
21473,1.300177455,,
21475,1.300459862,1.824630499,2.805322409
21476,1.300623775,,
21477,1.300696015,1.825002909,2.805512905
21478,1.300771713,1.825151682,2.805596352
21479,,1.825297356,2.805678368
21480,1.300627232,1.825445175,2.805761814
21481,1.30044961,,
21482,,1.825769901,2.805925131
21483,,1.825963736,2.805999279
21484,1.300178885,,
21485,1.300147533,,
21486,,1.825931549,2.806150675
21487,,1.825945973,2.806168556
21489,1.299911737,,
21491,,1.826097131,2.806255817
21492,1.299970627,,
21494,,1.826327801,2.806391954
21496,1.300395131,,
21498,,1.826644897,2.806649923
21506,1.300416946,,
21508,1.300526977,1.827180862,2.807347298
21510,1.300703645,1.827167034,2.807480812
21511,1.300829053,,
21512,1.300784707,1.827225924,2.807632446
21513,1.300764441,1.827269673,2.807717085
21514,1.300771475,1.827322006,2.807793379
21515,,1.8273772,2.807863235
21516,,1.827356577,2.807930231
21518,1.300677061,,
21520,1.300581217,1.823623419,2.808217049
21522,,1.822287321,2.808382988
21524,1.300668716,,
21525,1.300747752,,
21526,,1.820528746,2.808704376
21527,,1.82021451,2.808785915
21528,1.300538182,,
21529,1.300546288,,
21530,,1.819508791,2.809061527
21531,,1.819339871,2.809062481
21533,1.300917625,,
21535,,1.818928957,2.809114218
21537,1.301551461,,
21539,1.301887751,1.818945527,2.809236765
21541,1.302212715,1.818920612,2.809311628
21543,,1.818992496,2.809402943
21545,1.302668691,,
21547,,1.818568468,2.809691668
21550,1.303239226,,
21552,1.303370833,1.816886783,2.809939861
21553,1.303386092,,
21554,1.303418875,1.816418767,2.810046196
21555,,1.816231966,2.810112476
21556,,1.816084981,2.810174942
21557,1.303699136,,
21559,,1.815807343,2.810371161
21560,1.304131746,,
21562,,1.815663695,2.810576677
21563,1.304627538,,
21564,1.304757118,,
21565,,1.815736651,2.810761929
21566,1.305045962,1.815813303,2.810819387
21567,1.305208206,,
21568,,1.815946102,2.810513496
21569,,1.816013336,2.80998373
21576,1.306748986,,
21577,1.306967854,,
21578,,1.816816688,2.806954861
21579,1.307380795,1.816893935,2.806628227
21581,,1.817081094,2.806078196
21582,1.307542443,,
21584,,1.81736052,2.805510759
21586,1.307187438,,
21588,,1.81774354,2.804570198
21590,1.306731462,,
21592,1.306757808,1.817921758,2.803792238
21593,1.306822896,,
21594,1.306899071,1.818041682,2.803581476
21595,,1.81790626,2.803515434
21596,,1.817804217,2.803351164
21597,1.307271838,,
21598,1.30738306,,
21599,,1.817639589,2.802980185
21600,,1.817042351,2.802891731
21604,1.307276607,,
21605,1.305584908,,
21606,,1.813469648,2.802583218
21607,1.30269146,1.813035131,2.802549839
21608,1.301466107,,
21609,1.300379753,1.812328577,2.802515745
21610,1.299360275,1.812040329,2.802509308
21611,,1.81179595,2.802528381
21612,,1.811602712,2.802551508
21616,1.295168042,,
21617,1.294639826,,
21618,,1.811021924,2.802701712
21619,1.293462038,1.811022401,2.80273366
21621,,1.811099768,2.80279994
21632,1.290632844,,
21633,1.290624022,,
21634,,1.81226933,2.803556919
21635,1.290648937,1.812380195,2.803631544
21636,1.290690184,,
21637,,1.812539339,2.803807735
21638,1.290753245,1.812653303,2.803887367
21639,1.290740132,,
21640,1.290768147,1.812874556,2.804044962
21641,,1.813000441,2.804125071
21642,,1.813123941,2.804208755
21644,1.291052818,,
21645,1.291131735,,
21646,1.29122901,1.813677549,2.804536343
21647,,1.813835502,2.804636478
21648,1.291362047,1.813989401,2.804730654
21650,,1.814329863,2.804921865
21651,1.291452765,,
21653,1.291577339,1.814804554,2.805148602
21654,1.291674614,,
21655,,1.815062523,2.805238008
21656,,1.815185189,2.80528307
21657,1.292003989,,
21659,1.292138457,1.815605521,2.805459023
21661,,1.815916657,2.805599213
21662,1.292243361,,
21664,1.292210221,1.816424251,2.805822372
21666,1.292146921,1.816759229,2.805977345
21668,,1.81709969,2.806132555
21669,1.292109013,,
21671,1.292158127,1.817604542,2.806340456
21672,1.292218447,,
21673,,1.817878127,2.80647397
21674,,1.817986846,2.806538343
21677,1.292781115,,
21678,1.292902112,,
21679,1.29303813,1.818569899,2.806892395
21680,,1.818683743,2.806960344
21681,,1.818806171,2.807036638
21682,1.29348278,,
21684,1.293787479,1.819211721,2.807277441
21686,,1.819526076,2.807428837
21689,1.294312119,,
21691,,1.82033658,2.807866812
21693,1.29472971,,
21695,1.294968843,1.82099998,2.808189869
21696,1.295099974,,
21697,1.295238495,1.821351767,2.808329821
21698,1.295297623,1.821483612,2.80839324
21699,,1.821580887,2.808456898
21700,1.295483708,1.821693063,2.808522701
21702,,1.821921229,2.808657646
21708,1.296192408,,
21709,1.295845747,,
21710,,1.822919011,2.809157848
21711,,1.823080063,2.809219599
21712,1.295011044,,
21714,1.294543743,1.823532462,2.809411526
21715,1.294368625,,
21716,1.294256091,1.823819757,2.809518337
21717,,1.823972225,2.809576273
21718,1.294158697,1.824119687,2.809634686
21719,1.294139147,,
21720,1.294129372,1.824423432,2.809617281
21721,,1.824573755,2.809540272
21722,,1.82472086,2.809436798
21724,1.294013143,,
21726,,1.825404048,2.809208393
21727,1.294035316,,
21728,1.294075847,,
21729,,1.825927973,2.809215307
21730,1.294100046,1.826099634,2.80923748
21732,,1.826468468,2.809288263
21740,1.294355035,,
21741,1.294368505,,
21742,,1.828087568,2.809815168
21743,,1.828215122,2.809890985
21744,1.294543624,,
21746,,1.828495622,2.81011939
21747,1.294745088,,
21748,1.294830084,,
21749,,1.828783631,2.810343742
21750,,1.828819752,2.810425282
21751,1.295205474,,
21753,,1.829064846,2.810680866
21754,1.295673728,,
21755,1.295829058,,
21756,,1.828562498,2.810919762
21757,1.296115398,1.828458667,2.810992002
21759,1.296380877,1.827533722,2.811159611
21761,,1.826784968,2.811359882
21762,1.296493173,,
21763,1.296550393,,
21764,,1.825933218,2.811637878
21765,1.296537042,1.825758457,2.811732292
21767,1.296478987,1.825555682,2.81193471
21768,1.296427608,,
21769,,1.825444102,2.812106848
21770,1.296348929,1.82540822,2.812189579
21772,,1.824706435,2.812338114
21775,1.296262145,,
21776,1.2962358,,
21777,,1.823702097,2.81259203
21778,,1.823606968,2.812656164
21781,1.295972943,,
21782,1.295930743,,
21783,1.295900583,1.823451996,2.812992811
21784,,1.823509097,2.813056469
21785,1.295881867,1.823579907,2.813118696
21786,1.295888782,,
21787,1.295919418,1.823740959,2.812213421
21788,,1.823804379,2.811840296
21789,,1.823884726,2.811515808
21790,1.295990467,,
21792,1.296110153,1.824103355,2.810734272
21794,,1.824217439,2.810317755
21797,1.295938015,,
21799,1.295890212,1.824730992,2.809758902
21800,1.295888305,,
21801,1.295897722,1.825030088,2.809684038
21802,1.295893312,1.82516098,2.809674025
21803,1.295888186,1.825286627,2.80966568
21804,1.29590714,1.825438619,2.809661627
21805,,1.825587988,2.80966115
21806,1.295279741,1.825743794,2.809661388
21807,1.295013309,,
21808,1.294803619,1.826005816,2.809682369
21809,1.294644952,1.826159716,2.809705257
21810,1.294516444,1.826321125,2.80974412
21811,1.294341564,1.826481342,2.809779644
21812,1.294219375,1.82663095,2.80984664
21813,,1.826797128,2.809913874
21814,,1.826973438,2.809985876
21815,1.293829918,,
21817,1.293550968,1.827578425,2.810242653
21818,1.293360233,,
21819,,1.828005791,2.810448408
21820,,1.828229666,2.810550451
21821,1.293003201,,
21823,,1.828904271,2.810876608
21824,1.292780995,,
21826,,1.8295331,2.811257601
21827,1.292480588,,
21828,1.292196631,,
21829,,1.83010602,2.811666965
21830,,1.830278635,2.811803818
21831,1.291764617,,
21833,,1.830889344,2.812169313
21834,1.291520953,,
21836,,1.831521988,2.812466145
21837,1.291455984,,
21839,1.291534662,1.831350803,2.812721968
21840,1.291592717,,
21841,1.291670442,1.831349254,2.812871218
21842,1.291615605,1.831379414,2.812939882
21843,1.291587114,1.831421733,2.813006163
21844,,1.831429124,2.813071251
21845,1.291351914,1.831453204,2.813130617
21846,1.291201115,,
21847,,1.830521107,2.813206911
21848,1.291011572,1.830159426,2.813248158
21850,1.290948868,1.829617023,2.813349485
21852,,1.829233646,2.813488007
21854,1.291110992,,
21855,1.291179895,,
21856,,1.828820825,2.813804388
21857,,1.828721881,2.813896894
21859,1.291108489,,
21861,,1.828519225,2.814257383
21868,1.290913463,,
21870,1.29099679,1.828962088,2.814636707
21871,1.291024446,,
21872,,1.829150558,2.814739943
21873,,1.829251647,2.814768791
21876,1.291326642,,
21878,,1.82986021,2.814395428
21879,1.291409254,,
21880,1.291479468,,
21881,1.291568518,1.830242515,2.814310312
21882,1.291695595,1.830377579,2.814298391
21883,1.291796803,1.830524802,2.814109325
21884,1.291924596,1.830677748,2.813942194
21885,1.292045116,1.83083725,2.813801289
21886,,1.83101368,2.813676596
21887,1.292368054,1.831172228,2.813577414
21889,1.292687654,1.831505418,2.813403368
21891,,1.83185935,2.813310385
21894,1.293744564,,
21896,1.294218063,1.832675815,2.81342721
21898,1.294657826,1.832996964,2.813518047
21899,1.294893622,,
21900,1.295115948,1.833307743,2.813611269
21901,1.29532671,1.833467245,2.813657761
21902,,1.833629727,2.813714027
21903,1.295755148,1.833800673,2.813765526
21904,1.295974135,,
21905,1.296186328,1.834122658,2.813876867
21906,,1.834270358,2.813937187
21907,1.296608686,1.834415197,2.813991785
21908,1.29682529,,
21909,,1.83471179,2.814134836
21910,,1.834863782,2.814224482
21914,1.295817256,,
21915,1.295687675,,
21916,1.295578957,1.83591342,2.814779997
21917,,1.836096168,2.814889669
21918,,1.836282849,2.815005302
21922,1.295597792,,
21924,1.295828342,1.837346911,2.815619469
21926,,1.837744594,2.815797329
21927,1.296211362,,
21928,1.296374798,,
21929,,1.838398695,2.81526804
21930,,1.838650942,2.815136671
21931,1.296958685,,
21933,,1.839389443,2.814564466
21936,1.297914386,,
21938,1.298204303,1.840477824,2.813874722
21939,1.298320174,,
21940,,1.840631604,2.813723803
21941,1.298577428,1.84072876,2.813662052
21943,1.298873186,1.840930462,2.813600063
21945,1.299080014,1.841120362,2.813567877
21946,1.299163342,,
21947,1.299265742,1.841339111,2.813570738
21948,,1.841405869,2.813585758
21949,,1.841478705,2.813603163
21950,1.299706101,,
21952,,1.841687202,2.813690186
21954,1.300524354,,
21955,1.300803304,,
21956,,1.841993809,2.813857555
21957,,1.842114806,2.813902855
21958,1.301630855,,
21959,1.30189836,,
21960,,1.842538118,2.814020872
21961,,1.84267509,2.814063787
21962,1.302631617,,
21963,1.302856445,,
21964,,1.843141556,2.814196348
21965,,1.84329927,2.814245462
21967,1.303779125,,
21969,,1.843682647,2.814420462
21970,1.304416776,,
21972,,1.844054818,2.814567327
21974,1.304754734,,
21976,,1.844671249,2.813134909
21977,1.305005789,,
21979,,1.845067859,2.812490702
21988,1.300556421,,
21990,,1.846261621,2.811832666
21993,1.299331188,,
21995,1.2989887,1.846579432,2.811956406
21996,1.298786402,,
21997,,1.846772313,2.812078714
21998,,1.846858978,2.812148809
21999,1.298539042,,
22001,,1.84710896,2.812433243
22003,1.298545003,,
22004,1.29858458,,
22005,1.298625588,1.847366452,2.812770367
22006,1.298691154,1.847433686,2.812851667
22007,1.298764229,1.84744668,2.81292963
22008,,1.847469687,2.813008547
22009,1.298990965,1.847509146,2.813092947
22010,1.299157858,,
22011,,1.84750855,2.813268423
22012,1.299176097,1.847468972,2.813347101
22013,1.299231648,,
22014,1.299300432,1.846904755,2.813498259
22015,1.299384236,1.846679091,2.813571453
22016,1.299492836,1.84650588,2.81364274
22017,,1.846384764,2.813710213
22018,,1.846265912,2.813789606
22021,1.29986608,,
22023,1.299994707,1.845933318,2.814022064
22025,1.299951077,1.845949888,2.814176083
22027,,1.845997214,2.814261675
22028,1.298916936,,
22030,1.29721868,1.846127629,2.814545155
22031,1.296487331,,
22032,,1.846273661,2.814731121
22033,1.295312643,1.846372247,2.814821482
22035,,1.846595526,2.814983368
22036,1.294066906,,
22037,1.29376173,,
22038,,1.846954107,2.815234423
22039,,1.847074389,2.81528306
22046,1.292580843,,
22047,1.292588472,,
22048,1.292615771,1.848673344,2.815775394
22049,1.292661309,1.848879099,2.815851688
22050,,1.849099874,2.815921068
22051,,1.84932375,2.815984726
22052,1.292848945,,
22053,1.292943001,,
22054,1.293055892,1.849934936,2.816144705
22055,,1.850098491,2.816195726
22056,1.293313503,1.850258112,2.816227674
22057,1.293444276,,
22058,1.293609858,1.85057056,2.816302776
22059,,1.850726008,2.816343307
22060,,1.85088253,2.816379786
22061,1.294077277,,
22063,,1.851429105,2.816506386
22065,1.294798017,,
22067,1.295194745,1.8520509,2.81672287
22069,,1.852128267,2.816875219
22073,1.296267748,,
22074,1.296456337,,
22075,,1.852498055,2.817408562
22076,1.296883345,1.852550864,2.817457676
22077,1.297134757,,
22078,1.297345161,1.852522492,2.817569733
22079,,1.852503657,2.81764102
22080,,1.852497578,2.817706347
22086,1.29869318,,
22087,1.298845649,,
22088,1.29899323,1.853103995,2.818234444
22089,,1.853230476,2.818297148
22090,,1.853350163,2.818363667
22091,1.299375534,,
22092,1.299465299,,
22093,1.299579263,1.853676081,2.818485975
22094,,1.853789568,2.818520546
22095,,1.85394311,2.818544865
22101,1.29800725,,
22103,,1.855212331,2.817332268
22106,1.297201633,,
22107,1.297102213,,
22108,1.297022581,1.855743051,2.814002991
22109,1.296972275,1.855844855,2.813260555
22110,,1.855976224,2.812598228
22111,,1.856033564,2.812012672
22122,1.297148943,,
22124,,1.837604046,2.807770729
22125,1.297164798,,
22127,1.297046423,1.83409524,2.807536125
22129,,1.832348347,2.807447672
22130,1.296988726,,
22132,1.29695642,1.830382228,2.807396173
22134,1.297032595,1.829394579,2.807424068
22135,1.297077417,,
22136,1.297123551,1.828642368,2.807500839
22137,1.297205806,1.828338146,2.807556868
22138,,1.828070879,2.80763793
22139,,1.827846289,2.807708979
22140,1.297293186,,
22142,,1.827345133,2.807903051
22144,1.297587514,,
22145,1.297674894,,
22146,,1.826934934,2.808228016
22147,,1.82685864,2.808310509
22149,1.298088431,,
22151,,1.826745033,2.808555841
22156,1.298792362,,
22158,,1.826673508,2.809151411
22161,1.299088717,,
22163,1.299348116,1.826794863,2.809731245
22165,,1.826913118,2.809980392
22166,1.299794555,,
22168,,1.827158213,2.81033349
22169,1.300311685,,
22170,1.30050087,,
22171,,1.827396631,2.810647011
22172,1.300738573,1.827489138,2.810742378
22174,1.301035762,1.827674389,2.810949087
22176,,1.827862501,2.81115818
22180,1.302174807,,
22181,1.302372336,,
22182,,1.828414917,2.811706543
22183,1.302649736,1.8285079,2.811803102
22184,1.302727461,,
22185,1.302836537,1.828701019,2.811605215
22186,1.302954435,1.828770995,2.811383247
22187,1.303079367,1.828828931,2.811192513
22188,1.303114533,1.828890324,2.811036587
22189,1.303169012,1.828949571,2.810833931
22190,,1.82900846,2.810655117
22191,,1.828802228,2.810516596
22192,1.303337455,,
22194,,1.828343511,2.810226679
22198,1.303837538,,
22200,1.304077148,1.828071117,2.810031652
22201,1.304143548,,
22202,1.30420506,1.828133345,2.810063839
22203,,1.828169584,2.81009531
22204,,1.828209043,2.810130119
22215,1.305585861,,
22216,1.30565238,,
22217,,1.829110742,2.811070442
22218,,1.829096794,2.811171293
22220,1.305638075,,
22222,1.305300236,1.829139709,2.811595201
22224,,1.829218984,2.811811686
22225,1.30500555,,
22227,,1.829275608,2.812137842
22229,1.304898858,,
22230,1.30491972,,
22231,,1.82941246,2.812641621
22232,,1.829478741,2.812794209
22238,1.303433895,,
22240,,1.829947829,2.813597202
22242,1.302922845,,
22244,,1.830138683,2.813815832
22247,1.30229485,,
22249,1.302163601,1.830469728,2.814101458
22251,,1.830620766,2.814256191
22252,1.302216649,,
22253,1.302276969,,
22254,,1.830838919,2.814528942
22255,,1.830912352,2.814615726
22256,1.302561164,,
22257,1.302694798,,
22258,,1.831159711,2.814858198
22259,1.303062677,1.831228256,2.814929008
22261,,1.831362605,2.815055847
22265,1.304361939,,
22267,,1.831924319,2.815518618
22269,1.305015922,,
22270,1.30518949,,
22271,1.305364251,1.832240105,2.815867186
22272,1.305541754,1.832316637,2.815954924
22273,,1.832386613,2.816040277
22274,,1.832463145,2.816136122
22277,1.306361079,,
22279,1.306655049,1.832880378,2.816611767
22280,1.306790352,,
22281,1.306860089,1.833071947,2.816836834
22282,,1.833161831,2.816953182
22283,1.306993842,1.833257675,2.817076445
22284,1.307074308,,
22285,1.307178378,1.833438516,2.817349911
22286,,1.833517313,2.817490339
22287,,1.833593011,2.817623615
22291,1.307725906,,
22292,1.307214379,,
22293,,1.834022284,2.818297863
22294,,1.834092975,2.81840539
22295,1.30596745,,
22297,,1.834341288,2.818713188
22298,1.305211782,,
22299,1.305007458,,
22300,1.304894447,1.834594131,2.81902051
22301,,1.834658861,2.819113016
22302,1.304768562,1.834731579,2.819211006
22304,1.30475831,1.834848285,2.819408894
22306,,1.83496058,2.819614649
22307,1.304978251,,
22309,1.30511272,1.835220098,2.819907904
22311,,1.835358262,2.820093393
22315,1.305343509,,
22317,,1.835935593,2.820683479
22318,1.305337548,,
22319,1.305188894,,
22320,,1.836217046,2.820202351
22321,,1.836298943,2.820098639
22322,1.304573059,,
22324,,1.836547136,2.819951057
22325,1.3039397,,
22327,,1.836832404,2.81994009
22330,1.302927971,,
22332,1.302693725,1.837297082,2.819864035
22333,1.302529812,,
22334,,1.837310433,2.819882393
22335,,1.837322831,2.819902897
22336,1.302024603,,
22337,1.301923752,,
22338,1.301858544,1.837400198,2.820027351
22339,,1.837417722,2.820094347
22340,1.301835299,1.837444544,2.820143938
22342,1.3019135,1.837536454,2.820252419
22343,1.301961064,,
22344,,1.837208152,2.820364714
22345,,1.837003827,2.820384502
22346,1.302056074,,
22347,1.302098632,,
22348,,1.836032033,2.820503235
22349,,1.835718632,2.820565701
22352,1.302622318,,
22354,,1.834758759,2.820967674
22355,1.303016067,,
22357,,1.833522916,2.821224451
22358,1.30347991,,
22360,1.303793192,1.832645416,2.821499586
22362,,1.831556797,2.821544409
22363,1.303763628,,
22365,1.303724885,1.830370545,2.821703196
22367,,1.829821229,2.821879625
22368,1.30381608,,
22369,1.303912878,,
22370,,1.829162359,2.821728945
22371,1.304052711,1.828774214,2.821698904
22372,1.304141879,,
22373,1.304219246,1.828159094,2.821680307
22374,,1.827919841,2.821690798
22375,,1.827708006,2.821701527
22377,1.304784298,,
22379,,1.827127218,2.821552753
22380,1.305088997,,
22381,1.305225015,,
22382,,1.826974154,2.821055651
22383,,1.826940298,2.820956469
22384,1.305408359,,
22385,1.305356026,,
22386,,1.826969147,2.820765495
22387,1.305354238,1.826999664,2.820725679
22389,,1.827111721,2.820678473
22392,1.305508971,,
22393,1.305573583,,
22394,,1.827544212,2.820781469
22395,1.305773616,1.827651858,2.820821524
22396,1.305088997,,
22397,,1.827734113,2.820909023
22398,,1.827703953,2.820965767
22400,1.303034544,,
22402,1.302340746,1.827689886,2.819741964
22404,,1.827740192,2.818674088
22405,1.301778078,,
22407,1.301557541,1.827143192,2.817498922
22409,,1.826888919,2.81443882
22410,1.301300526,,
22411,1.301254153,,
22412,,1.826666594,2.807740927
22413,1.301225185,1.826620817,2.805950165
22415,,1.826534152,2.802905321
22416,1.301282287,,
22418,,1.826478124,2.799442053
22419,1.301360488,,
22421,,1.826535821,2.796920776
22423,1.301460385,,
22425,,1.826778769,2.794572115
22427,1.300899029,,
22428,1.300774574,,
22429,1.300672054,1.82717061,2.793139696
22430,,1.827278733,2.792872667
22431,,1.827382088,2.792640448
22432,1.300583601,,
22434,1.300616026,1.827648759,2.79209733
22436,,1.82785058,2.791850805
22439,1.301160693,,
22441,1.301580071,1.828288436,2.791494131
22442,1.301803231,,
22443,,1.828486085,2.791417599
22444,,1.828577161,2.791389942
22445,1.30248487,,
22447,1.302889109,1.828867435,2.791395187
22448,1.303118587,,
22449,,1.828879595,2.791426897
22450,,1.828888059,2.791443586
22451,1.303841352,,
22453,,1.829018712,2.791517973
22454,1.30465138,,
22456,,1.829216838,2.791619539
22458,1.305415273,,
22460,,1.829491496,2.79177165
22461,1.305892825,,
22463,,1.829702973,2.791876793
22464,1.306146622,,
22465,1.306235313,,
22466,,1.829911947,2.791904449
22467,1.30645752,1.829999685,2.791939259
22468,1.306574702,,
22469,1.306712508,1.830189347,2.791971684
22470,1.30671227,1.830287933,2.791997671
22471,,1.830379963,2.792034864
22472,1.306729794,1.830464125,2.792091846
22473,1.306760311,,
22474,1.30677247,1.83062923,2.792212248
22475,1.306793571,1.830703974,2.792273998
22476,1.306827426,1.830793142,2.792335987
22477,1.306902051,1.830890059,2.792393208
22478,1.306999564,1.830982447,2.792439461
22479,,1.831090212,2.792490959
22480,1.307221293,1.831203699,2.792544127
22482,1.307252765,1.83141923,2.7926476
22484,,1.83162272,2.792761803
22485,1.307373524,,
22487,1.307551622,1.831636667,2.792952776
22488,1.307652831,,
22489,1.307784796,1.831261277,2.793069839
22490,1.307918429,1.831099868,2.793127298
22491,,1.830969214,2.793189764
22492,1.307918429,1.83085382,2.793254852
22494,,1.830063343,2.793417931
22495,1.307819247,,
22496,1.3078022,,
22497,,1.829234362,2.793637037
22498,1.307679534,1.829040527,2.793700933
22500,,1.828744769,2.793796778
22503,1.307168603,,
22505,,1.828344226,2.794001102
22506,1.307201505,,
22508,1.30728066,1.828317404,2.794098616
22510,,1.828322887,2.794199944
22512,1.30683744,,
22513,1.306742549,,
22514,,1.828358173,2.794439077
22515,,1.828395844,2.794499874
22516,1.306646109,,
22518,,1.828547597,2.794680119
22523,1.307213545,,
22524,1.307299614,,
22525,1.307338119,1.829143643,2.79510498
22526,,1.829243779,2.795171261
22527,1.30746913,1.829338193,2.795232058
22529,,1.829561353,2.795358658
22536,1.308970809,,
22538,1.309390068,1.829975724,2.795945168
22539,1.309604406,,
22540,,1.830069423,2.796077728
22541,1.310101151,1.830092192,2.796150446
22543,,1.830163836,2.796290398
22545,1.310932994,,
22546,1.311122298,,
22547,,1.830325007,2.796539545
22548,1.311530352,1.830376387,2.796597004
22549,1.311681867,,
22550,,1.830510616,2.796709299
22551,1.311984897,1.830576181,2.796763182
22553,,1.830757499,2.796880484
22558,1.310295701,,
22559,1.30970788,,
22560,,1.831490755,2.797290802
22561,,1.831619024,2.797352791
22564,1.307590842,,
22566,1.307132006,1.832251072,2.79769063
22567,1.306953788,,
22568,1.306811929,1.832550049,2.797858715
22569,1.306708932,1.832678914,2.797939062
22570,,1.832817197,2.798019409
22571,1.306591749,1.832962513,2.798094034
22572,1.306560278,,
22573,,1.833200574,2.798229456
22574,,1.833316326,2.798300982
22576,1.306295395,,
22577,1.306259871,,
22578,,1.833679914,2.798574448
22579,,1.83377564,2.798639297
22584,1.30614996,,
22586,1.306142092,1.834029555,2.799038887
22588,1.306073308,1.834020972,2.799150705
22589,1.306091428,,
22590,,1.833878994,2.799290895
22591,1.306110501,1.833621144,2.799357176
22593,,1.833213806,2.799479723
22594,1.306124449,,
22595,1.306118727,,
22596,,1.832817912,2.799693108
22597,,1.832725525,2.799777031
22602,1.306286216,,
22603,1.306350708,,
22604,,1.830728889,2.80033946
22605,1.305655718,1.830504537,2.800419569
22607,1.304855824,1.830140352,2.80057168
22609,,1.829896688,2.800709724
22610,1.303127408,,
22611,1.302628517,,
22612,,1.829714298,2.800891399
22613,,1.829691291,2.800957441
22618,1.300803304,,
22620,,1.829922915,2.801431417
22623,1.300235152,,
22624,1.300145507,,
22625,,1.830224991,2.801748037
22626,,1.83030355,2.80180335
22628,1.298848629,,
22630,1.298302412,1.830613732,2.802012444
22632,1.297935605,1.830752015,2.802123547
22634,1.297764659,1.830839634,2.802013636
22636,,1.8309412,2.801759958
22638,1.297412872,,
22640,1.297408104,1.831211567,2.801447392
22641,1.297446489,,
22642,1.297505617,1.831400275,2.801362276
22643,,1.831347585,2.801340342
22644,1.297663808,1.831313014,2.801325083
22646,1.297910213,1.831262589,2.801329613
22647,1.298081517,,
22648,,1.831196666,2.801364422
22649,1.298416257,1.831202984,2.801389217
22651,1.298840761,1.831147671,2.801431417
22653,,1.831111789,2.801491261
22654,1.299529672,,
22656,,1.831197143,2.801601887
22657,1.300293803,,
22658,1.300598025,,
22659,,1.831341386,2.80177331
22660,1.299946547,1.831428885,2.801846027
22662,1.298561335,1.831619859,2.801974297
22663,1.29803896,,
22664,,1.831849575,2.802100897
22665,,1.831959248,2.802181959
22666,1.29696238,,
22668,,1.832305431,2.802403688
22670,1.296362638,,
22672,,1.83283186,2.802647352
22673,1.296307325,,
22675,1.296238065,1.833270669,2.802779913
22677,1.29606235,1.833581328,2.802857876
22679,,1.833904982,2.802933216
22681,1.295903206,,
22683,1.295952797,1.83449018,2.803097486
22685,1.295796514,1.834793925,2.803197622
22687,,1.834986687,2.803283691
22688,1.295730114,,
22689,1.295757413,,
22690,,1.835206985,2.803455353
22691,1.295874357,1.835273147,2.803520679
22693,,1.835452199,2.803623199
22695,1.296365261,,
22696,1.296366334,,
22697,,1.835962892,2.803772449
22698,1.296417952,1.836087108,2.803817987
22700,,1.836339831,2.803946733
22701,1.296613336,,
22702,1.296645045,,
22703,,1.836689234,2.804236412
22704,1.2967484,1.836798072,2.804334402
22706,1.296895623,1.837052464,2.804534674
22708,1.297123909,1.837309241,2.804716587
22710,,1.837492108,2.804821014
22712,1.297699809,,
22713,1.297863007,,
22714,,1.837872148,2.805027962
22715,,1.837874174,2.805084229
22716,1.298282385,,
22718,1.298601985,1.837995648,2.805258751
22720,,1.838160157,2.805346966
22722,1.299403787,,
22723,1.299613833,,
22724,,1.838606,2.805518866
22725,1.299939513,1.838732958,2.805517197
22726,1.300117612,,
22727,1.30022943,1.8389709,2.805558681
22728,,1.839087486,2.805582762
22729,,1.839203358,2.80559659
22730,1.300604105,,
22732,,1.839555979,2.80567193
22738,1.301178455,,
22740,1.300810695,1.839779019,2.805887938
22742,1.300618052,1.839780569,2.805832148
22744,,1.839818478,2.805774927
22747,1.300648451,,
22749,,1.840130806,2.80572176
22750,1.300902605,,
22752,,1.839855075,2.805779696
22757,1.302117229,,
22758,1.302330136,,
22759,,1.839248538,2.805805206
22760,,1.839220405,2.805809736
22761,1.302967906,,
22762,1.30308938,,
22763,,1.839242816,2.805862665
22764,,1.839283705,2.805887699
22765,1.30268085,,
22767,1.301717281,1.83864975,2.805973291
22769,1.301027775,1.838009834,2.806081295
22770,1.300763726,,
22771,1.300526977,1.837506652,2.806206226
22772,1.300247312,1.837289333,2.806266069
22773,1.300017953,1.837106943,2.80632019
22774,,1.836969495,2.806341887
22775,,1.836732984,2.80636549
22780,1.299479008,,
22782,,1.835930347,2.806542158
22784,1.299524069,,
22786,1.299593449,1.83571732,2.806566
22788,1.299735665,1.83566761,2.806602001
22789,1.299843669,,
22790,,1.835679173,2.80665803
22791,1.300083995,1.83569622,2.806639194
22792,1.300129652,,
22793,,1.835752726,2.806623936
22794,,1.835784793,2.806623936
22800,1.301278472,,
22802,1.301421046,1.836091638,2.8065207
22804,,1.836212754,2.806468964
22805,1.301717639,,
22806,1.301811934,,
22807,,1.836421013,2.806494951
22808,1.302119374,1.836509466,2.806526423
22809,1.302280664,,
22810,,1.836735249,2.806527138
22811,,1.836876869,2.806553602
22813,1.302107811,,
22815,1.302146554,1.837335587,2.806321144
22817,,1.836942911,2.806116104
22819,1.302462935,,
22821,1.302736521,1.836538672,2.805889368
22822,1.302893043,,
22823,1.303055882,1.836449623,2.805834293
22824,,1.836427212,2.805825472
22825,,1.836307645,2.805822849
22830,1.304262757,,
22832,,1.835420132,2.805957079
22833,1.304890513,,
22835,,1.835042834,2.806064606
22843,1.306608796,,
22844,1.306784868,,
22845,,1.83432889,2.806243896
22846,,1.834328413,2.806223631
22848,1.307620883,,
22850,,1.834412336,2.806198835
22857,1.309226513,,
22859,1.309492588,1.835258365,2.806351662
22861,1.309584141,1.835470676,2.806448698
22863,,1.83565557,2.806512117
22864,1.30982101,,
22866,,1.835946083,2.806582689
22867,1.310070872,,
22868,1.310138464,,
22869,,1.836226821,2.806713581
22870,,1.836337447,2.806764841
22871,1.310371161,,
22873,1.310627699,1.836668611,2.80694437
22874,1.310570717,,
22875,,1.836878657,2.807067156
22876,1.310483813,1.836908937,2.807125092
22878,1.310485482,1.836995482,2.807243109
22880,,1.837103724,2.807363033
22881,1.310648203,,
22882,1.310695052,,
22883,,1.836954117,2.807561636
22884,1.310817122,1.836941719,2.807629824
22885,1.310912967,,
22886,,1.83693707,2.807752848
22887,,1.83693552,2.807811975
22889,1.311178923,,
22890,1.311270237,,
22891,,1.837110162,2.807902813
22892,,1.837173581,2.807881832
22894,1.312038541,,
22895,1.312143922,,
22896,1.312250614,1.837459922,2.807876587
22897,1.31237042,1.837535501,2.807902575
22898,,1.837603569,2.807933092
22899,,1.837692261,2.807761669
22901,1.312926292,,
22903,1.313177824,1.837954283,2.807333946
22904,1.313322067,,
22905,,1.837734222,2.807183504
22906,1.313604474,1.837639332,2.807110786
22907,1.313762665,,
22908,,1.837502837,2.807014942
22909,,1.837476492,2.806983709
22911,1.314430952,,
22913,,1.837484002,2.806833267
22922,1.315796137,,
22923,1.315631747,,
22924,,1.837845802,2.807053566
22925,,1.837903857,2.807114124
22927,1.315264225,,
22929,,1.838243723,2.807404757
22930,1.315209627,,
22932,1.315131068,1.838501811,2.807638168
22934,,1.838669062,2.807761908
22936,1.315086961,,
22938,,1.83906877,2.807998657
22939,1.315215588,,
22941,,1.838996291,2.808144093
22942,1.315294743,,
22944,1.315449595,1.838957548,2.808274746
22946,1.315651059,1.838633418,2.808375359
22948,,1.838421464,2.808502436
22949,1.316053033,,
22951,,1.838305235,2.808690786
22956,1.316145658,,
22957,1.31618762,,
22958,,1.838515162,2.809230566
22959,,1.838573098,2.807787418
22960,1.316324353,,
22962,,1.838673592,2.804286957
22966,1.316703796,,
22968,1.316860557,1.83885479,2.799915075
22970,,1.838871956,2.799001932
22973,1.316960931,,
22974,1.316954136,,
22975,,1.839135289,2.797575474
22976,1.316880345,1.839191079,2.797373772
22977,1.316895723,,
22978,,1.839347959,2.797046661
22979,,1.83946979,2.796920538
22985,1.316128492,,
22986,1.316113472,,
22987,1.316130042,1.840271115,2.796417713
22988,1.316192389,1.840401649,2.796408415
22989,1.316278696,1.840527654,2.7964077
22990,,1.840645313,2.796417475
22991,,1.84077239,2.796446562
22994,1.316984415,,
22996,,1.841152191,2.796689034
22998,1.317675114,,
22999,1.317785144,,
23000,,1.840471864,2.79699707
23001,,1.840395689,2.797066212
23005,1.318641543,,
23007,,1.840086341,2.79752779
23009,1.319185972,,
23011,1.319510341,1.840088606,2.797903299
23013,1.31983304,1.840032697,2.798075438
23014,1.320002794,,
23015,,1.839893818,2.798250437
23016,,1.839834213,2.798339128
23017,1.320654869,,
23018,1.320913553,,
23019,1.321042895,1.839748859,2.798585892
23020,,1.839735627,2.798666716
23021,1.321361661,1.839751124,2.798746824
23022,1.321518183,,
23023,,1.839722037,2.798906326
23024,1.321851969,1.839678645,2.798986912
23026,,1.839642882,2.799135923
23028,1.322336078,,
23030,,1.839684963,2.799389124
23031,1.322837353,,
23033,,1.839832902,2.799673319
23037,1.323643327,,
23039,,1.840317726,2.800177574
23041,1.323283553,,
23043,,1.840784788,2.800438166
23047,1.32305789,,
23049,1.322926641,1.841698766,2.800573587
23051,1.322685361,1.84102726,2.80064559
23053,,1.840479016,2.800741911
23055,1.322568655,,
23056,1.322612405,,
23057,,1.839725018,2.80094099
23058,1.322795987,1.839573264,2.800995588
23060,,1.83828342,2.801110029
23061,1.323132992,,
23062,1.323240876,,
23063,1.323331356,1.835517049,2.801273584
23064,,1.834814429,2.80132556
23065,1.323424816,1.834191203,2.80138135
23067,,1.833110571,2.801506996
23070,1.323655009,,
23072,1.323668242,1.831381202,2.801852942
23074,,1.830998302,2.802014112
23075,1.323762178,,
23077,1.323542833,1.830685377,2.80223012
23078,1.323424459,,
23079,1.32337749,1.830609202,2.802362919
23080,,1.830619931,2.802420616
23081,,1.830631375,2.802485466
23084,1.323055863,,
23086,1.322880626,1.830892682,2.802772045
23088,,1.830698371,2.80291152
23092,1.321538925,,
23093,1.321241975,,
23094,,1.830254078,2.803216457
23095,,1.830121398,2.803263903
23100,1.319996953,,
23102,1.319859147,1.830058098,2.80359149
23103,1.319741011,,
23104,1.319380045,1.830245733,2.803677559
23105,,1.830345988,2.803714752
23106,,1.830450058,2.803679228
23109,1.317370296,,
23110,1.317134261,,
23111,1.316956997,1.83104074,2.803618431
23112,,1.83117485,2.803619862
23113,,1.830998421,2.803619385
23115,1.316706419,,
23116,1.316720366,,
23117,,1.830561519,2.803666353
23118,1.316660762,1.830507636,2.803680897
23120,1.316444039,1.830294132,2.803622007
23122,,1.830148697,2.803178787
23126,1.316123605,,
23127,1.316121578,,
23128,,1.829973698,2.80226469
23129,,1.829965472,2.802165985
23131,1.316484332,,
23132,1.316609383,,
23133,1.316763401,1.829776645,2.8015697
23134,,1.829737902,2.801438093
23135,,1.829711437,2.80132556
23136,1.317226887,,
23138,,1.829717755,2.801084518
23139,1.317284465,,
23141,1.317209482,1.829430103,2.800942898
23142,1.317223549,,
23143,1.317231655,1.829227328,2.800825119
23144,,1.829163313,2.800782919
23145,1.317330241,1.829106331,2.800749779
23146,1.317346215,,
23147,,1.829062462,2.800718546
23148,1.317112565,1.829056501,2.800718069
23150,1.316674471,1.828975201,2.800752878
23152,,1.828901172,2.800803661
23153,1.315890312,,
23154,1.315451384,,
23155,1.315120578,1.828979135,2.800890684
23156,,1.829032183,2.800939083
23157,,1.829008102,2.800994873
23160,1.313795328,,
23161,1.313636541,,
23162,,1.828895688,2.801312447
23163,,1.828891635,2.801382065
23164,1.313479781,,
23165,1.313463688,,
23166,,1.82894218,2.801562309
23167,,1.829006076,2.801620245
23168,1.313174367,,
23169,1.313102484,,
23170,,1.829220295,2.80179143
23171,,1.829298735,2.801848412
23175,1.313119054,,
23177,1.313276768,1.829836845,2.802211285
23179,,1.830033064,2.802330256
23183,1.312149763,,
23185,1.311574221,1.82975316,2.802654743
23186,1.311376214,,
23187,1.311208367,1.829635262,2.802766085
23188,,1.829599142,2.802823305
23189,,1.829596162,2.802863598
23190,1.310805798,,
23192,,1.829681277,2.802989006
23195,1.310100675,,
23196,1.310053945,,
23197,1.308340907,1.83000195,2.803263664
23198,,1.830089569,2.803334475
23199,,1.830178976,2.80340147
23200,1.304329872,,
23201,1.303313613,,
23202,,1.830483317,2.803612232
23203,,1.83058238,2.803676844
23205,1.300370097,,
23206,1.299843788,,
23207,,1.830929399,2.803944349
23208,,1.831039786,2.804017782
23209,1.298688769,,
23210,1.298414111,,
23211,,1.831357479,2.804264784
23212,,1.831472278,2.804345608
23214,1.297787428,,
23216,1.297650576,1.831914306,2.804670811
23217,1.297593236,,
23218,,1.832197428,2.804828167
23219,,1.832343102,2.80491662
23221,1.297638297,,
23223,,1.832597136,2.805251122
23225,1.297807574,,
23227,1.29801631,1.83278954,2.805246592
23229,1.298267484,1.832932711,2.80511713
23231,1.298513532,1.833077192,2.805056334
23233,,1.833292842,2.805057287
23241,1.300272465,,
23242,1.300388694,,
23243,,1.834477425,2.805440664
23244,,1.834602475,2.805495739
23245,1.300750017,,
23247,,1.835023522,2.805675745
23249,1.301351547,,
23250,1.301505923,,
23251,1.301674962,1.835010052,2.805901051
23252,1.301838517,1.834007144,2.805954695
23253,,1.833123326,2.806010962
23254,,1.832343459,2.806067944
23260,1.303423166,,
23262,,1.826650977,2.806194305
23263,1.304243207,,
23265,,1.824514031,2.806362867
23267,1.305078983,,
23269,,1.822717667,2.806603909
23270,1.305474877,,
23271,1.305607677,,
23272,,1.821885109,2.806473494
23273,,1.821686506,2.806192636
23278,1.305741072,,
23280,1.305803537,1.82103467,2.80506444
23281,1.305855274,,
23282,,1.820951104,2.804927349
23283,,1.820927382,2.804880619
23284,1.306073785,,
23286,1.306131005,1.820945501,2.804786682
23288,,1.820994377,2.804786205
23289,1.306263447,,
23290,1.306313157,,
23291,,1.820299506,2.804855824
23292,1.306425214,1.820139647,2.804890633
23294,,1.819794416,2.804974318
23299,1.306125283,,
23301,1.306087375,1.819347024,2.80487299
23303,1.306057811,1.81931746,2.804860592
23305,1.306033134,1.819282055,2.804871321
23307,,1.819297194,2.804741621
23308,1.306179523,,
23310,,1.819409132,2.804656744
23312,1.306469202,,
23313,1.306559324,,
23314,1.306692243,1.819739342,2.804709911
23315,1.306848049,1.819842935,2.804713249
23316,,1.819829583,2.804718494
23317,1.307147384,1.819795609,2.804725409
23318,1.307291031,,
23319,,1.819779634,2.804756165
23320,,1.81979537,2.804783821
23324,1.307712078,,
23325,1.30777967,,
23326,1.30784452,1.819908142,2.805063009
23327,,1.81993103,2.805142164
23328,1.307987571,1.819951773,2.805225372
23330,,1.820004821,2.80539608
23331,1.307755113,,
23332,1.307675123,,
23333,,1.820192814,2.805635929
23334,,1.820268393,2.805711031
23336,1.307381392,,
23337,1.307365894,,
23338,,1.820583463,2.806038141
23339,,1.820681095,2.806127787
23343,1.307530284,,
23345,,1.820884705,2.806648254
23346,1.307642579,,
23348,1.30785799,1.82102108,2.806930065
23350,,1.821154356,2.807103157
23353,1.307510853,,
23354,1.306649327,,
23355,,1.821168661,2.80762434
23356,1.305216312,1.821205497,2.807725191
23358,1.304130316,1.821243286,2.807944536
23360,,1.821264267,2.808175802
23361,1.30304265,,
23363,,1.821383715,2.808539629
23364,1.301971316,,
23366,,1.821593404,2.808871031
23371,1.298832178,,
23373,1.298362613,1.821892977,2.809513807
23375,1.297832012,1.821347594,2.809691429
23377,,1.820957065,2.809826136
23381,1.29720664,,
23383,,1.820417762,2.810284376
23387,1.297073007,,
23388,1.29709363,,
23389,1.297173381,1.820443153,2.810702801
23390,,1.820488095,2.810750246
23391,,1.820528865,2.810799122
23394,1.29764986,,
23396,1.297852278,1.820915222,2.810497761
23397,1.297967434,,
23398,,1.821102023,2.810330153
23399,1.298287034,1.821216941,2.810269833
23401,,1.821511626,2.810140371
23405,1.299433231,,
23407,,1.82242465,2.810156107
23409,1.300211191,,
23411,,1.822862506,2.810316086
23412,1.300757885,,
23414,,1.823151231,2.810421467
23415,1.301407576,,
23417,,1.8232373,2.810544968
23419,1.302264333,,
23421,1.302570224,1.822919369,2.810737133
23422,1.30269146,,
23423,1.30281496,1.822898149,2.810722589
23424,,1.822867393,2.810731649
23425,,1.822840452,2.810743093
23429,1.303363323,,
23431,1.303472638,1.822999716,2.810372353
23433,1.303658843,1.823114276,2.810364008
23434,1.30373311,,
23435,,1.823228002,2.810403347
23436,,1.823292613,2.810435772
23437,1.304043531,,
23439,1.303833365,1.823523641,2.810549021
23440,1.303777695,,
23441,1.303737402,1.823714852,2.810664177
23442,1.303715944,1.823831916,2.810727119
23443,,1.823952913,2.810789108
23444,1.303678274,1.824064374,2.810828209
23446,,1.824287772,2.810916185
23447,1.303802133,,
23449,,1.824625134,2.811077595
23450,1.304131389,,
23451,1.304199696,,
23452,,1.824941754,2.811309814
23453,1.304380774,1.825006366,2.811392307
23454,1.304505825,,
23455,1.304628372,1.825239897,2.811543226
23456,1.304752946,1.825377584,2.811616182
23457,,1.825523257,2.81169343
23458,,1.825632453,2.811770678
23460,1.304120064,,
23461,1.303881049,,
23462,1.303686142,1.826072335,2.812077999
23463,,1.826195121,2.812173843
23464,1.303447843,1.826315165,2.812273502
23465,1.303407311,,
23466,1.303377628,1.826505661,2.812459707
23467,,1.826571345,2.81255579
23468,,1.826672673,2.812645674
23471,1.303274989,,
23473,1.303196907,1.826986909,2.81307745
23474,1.30321753,,
23475,1.303256869,1.827031136,2.813246012
23476,1.303254604,1.827071905,2.813320875
23477,1.303273916,1.827137232,2.813392639
23478,1.303282022,1.827208042,2.81346488
23479,,1.827287912,2.813537359
23480,1.303460717,1.827388287,2.813604355
23482,1.30372262,1.827445149,2.813743114
23483,1.303847313,,
23484,,1.82745111,2.813910484
23485,,1.827485681,2.813995361
23490,1.3050493,,
23492,,1.827975631,2.814537287
23493,1.305536389,,
23494,1.305717468,,
23495,1.305909157,1.828266501,2.8148036
23496,,1.828375459,2.814888
23497,,1.828485727,2.814974785
23498,1.306476235,,
23500,,1.828867316,2.81519413
23501,1.306792974,,
23503,1.307148218,1.82933712,2.815397978
23505,,1.829673529,2.815525293
23507,1.307716966,,
23508,1.307781816,,
23509,,1.830298543,2.81543684
23510,,1.830438495,2.815406561
23511,1.307894826,,
23513,1.307574749,1.830945969,2.815385342
23515,,1.831286073,2.815420628
23516,1.307314992,,
23518,1.307272196,1.83176446,2.81554389
23520,,1.832088709,2.815659046
23522,1.307330012,,
23524,1.307170391,1.832649469,2.815911531
23526,1.307119727,1.832898259,2.816031694
23527,1.307135105,,
23528,,1.833202124,2.816141367
23529,,1.833363771,2.816197634
23530,1.307362318,,
23531,1.307402492,,
23532,,1.833874822,2.816367865
23533,,1.83403039,2.816426754
23534,1.307382822,,
23536,,1.834438682,2.816602468
23541,1.307749748,,
23542,1.307867289,,
23543,,1.83544898,2.816337347
23544,1.307861328,1.835632324,2.816227913
23545,1.307901502,,
23546,1.30772841,1.835999608,2.815914392
23547,,1.836171985,2.815716982
23548,,1.836360335,2.81556201
23549,1.30743134,,
23551,,1.836935997,2.815295935
23553,1.307494998,,
23555,1.307690859,1.837675929,2.815230608
23556,1.307826996,,
23557,1.307962775,1.837879777,2.815251112
23558,,1.837983847,2.815272331
23559,,1.838005066,2.815291643
23560,1.3080585,,
23562,,1.838143229,2.815406561
23566,1.307315826,,
23567,1.307036519,,
23568,,1.838584423,2.815756559
23569,1.306621075,1.838673353,2.815835238
23571,,1.838867068,2.81600976
23574,1.306284308,,
23575,1.30632329,,
23576,,1.839340687,2.816390514
23577,1.306425691,1.839429736,2.816457748
23579,,1.839575052,2.81658411
23589,1.308495283,,
23591,1.308677554,1.840121627,2.817394733
23592,1.308671355,,
23593,1.308687091,1.840309381,2.817466259
23594,,1.8404181,2.817495584
23595,1.308776021,1.840503812,2.817530632
23597,,1.840695381,2.81761837
23598,1.308986664,,
23600,,1.841026068,2.817713261
23601,1.309217691,,
23603,1.309484243,1.841300964,2.817827463
23604,1.309638619,,
23605,1.309740782,1.841513515,2.817916393
23606,,1.841511011,2.817972183
23607,,1.841518044,2.818042755
23608,1.31008172,,
23609,1.310216665,,
23610,,1.841620207,2.818259954
23611,,1.841677666,2.818336248
23612,1.310680747,,
23614,1.310968399,1.841957331,2.818204641
23616,,1.842146993,2.818088055
23618,1.311457634,,
23620,,1.842568398,2.818108797
23624,1.31245172,,
23626,,1.843117714,2.818383694
23629,1.312870622,,
23630,1.312838435,,
23631,,1.842669368,2.818577528
23632,,1.842420101,2.818624735
23635,1.3113451,,
23637,1.309568644,1.841305733,2.81888485
23639,,1.840769291,2.819000721
23644,1.30489707,,
23646,1.304025054,1.837741733,2.819482565
23648,,1.836976051,2.819637537
23652,1.302560091,,
23654,1.302434921,1.835582137,2.819801331
23656,1.302477121,1.835320592,2.819787025
23658,,1.835169315,2.81979084
23659,1.302679539,,
23660,1.302745223,,
23661,1.302835226,1.834978342,2.819543362
23662,,1.834946036,2.819431305
23663,1.302176714,1.834932566,2.819346666
23665,,1.834912777,2.819238663
23672,1.300089121,,
23674,,1.832206726,2.818424702
23675,1.299786687,,
23677,1.299676538,1.831377745,2.817519188
23678,1.29962647,,
23679,,1.830974936,2.817072868
23680,,1.830801129,2.816899538
23681,1.299618125,,
23683,,1.83053863,2.816513777
23685,1.298590422,,
23687,,1.830421329,2.816240072
23688,1.297907114,,
23690,,1.830384493,2.816132069
23691,1.297451735,,
23692,1.297345757,,
23693,1.297277808,1.830458522,2.816151619
23694,1.297210574,1.830519676,2.816180468
23695,,1.83059597,2.816212177
23696,1.297149062,1.830690861,2.816250801
23697,1.297146559,,
23698,,1.830868721,2.816364765
23699,,1.830953479,2.816433668
23702,1.297272325,,
23704,,1.831567287,2.816769361
23707,1.297746181,,
23709,1.298152328,1.832326174,2.817078352
23711,,1.832651377,2.817234516
23713,1.298732519,,
23715,,1.833321571,2.817585707
23716,1.2991817,,
23717,1.299328923,,
23718,,1.833831787,2.817891598
23719,1.299732566,1.833996654,2.817995787
23721,,1.834314942,2.818200588
23723,1.300719738,,
23725,1.301218271,1.834876895,2.81858325
23727,,1.835151434,2.818775177
23729,1.30217278,,
23731,1.302612782,1.835801482,2.819178104
23732,1.30279541,,
23733,,1.836124778,2.819340944
23734,1.303203225,1.836282611,2.819426298
23735,1.303417206,,
23736,,1.836605906,2.819606304
23737,,1.836794615,2.819699526
23738,1.304093242,,
23740,1.304487586,1.837185502,2.819937944
23741,1.304674625,,
23742,,1.837389708,2.820115089
23743,,1.837494731,2.820198774
23745,1.305469871,,
23746,1.305686474,,
23747,,1.837973952,2.820500135
23748,,1.838076234,2.820581675
23749,1.305046082,,
23751,,1.838373303,2.82084918
23752,1.303636909,,
23754,1.303117514,1.838796973,2.821128845
23756,,1.839071274,2.821340322
23758,1.302608132,,
23760,,1.83944273,2.821764231
23763,1.302584767,,
23764,1.302627802,,
23765,,1.839985371,2.817767143
23766,,1.840103388,2.817211151
23767,1.302759409,,
23769,,1.840485692,2.815886497
23778,1.304122806,,
23779,1.304261684,,
23780,,1.841815352,2.813699961
23781,,1.841819644,2.813643932
23787,1.305647969,,
23789,,1.842258215,2.813676596
23793,1.306104064,,
23795,1.30634439,1.843001962,2.814049006
23797,1.306252718,1.843319535,2.814158678
23799,,1.843647122,2.814288616
23800,1.305710554,,
23802,,1.84409523,2.814494371
23804,1.305252552,,
23805,1.305244207,,
23806,1.305236936,1.844690681,2.81474328
23807,,1.844856381,2.814811945
23808,,1.845018864,2.814887524
23812,1.305535793,,
23814,1.305717707,1.846032619,2.815339088
23815,1.305813432,,
23816,,1.846256733,2.815521717
23817,1.306046844,1.846359253,2.815615654
23819,1.306351066,1.846557736,2.815497398
23820,1.306380749,,
23821,1.306429029,1.846755505,2.815206051
23822,,1.846845627,2.81510663
23823,1.306501031,1.846828461,2.81502533
23824,1.306527853,,
23825,,1.84627831,2.814918041
23826,,1.846075416,2.814890385
23827,1.306701899,,
23829,,1.845706224,2.814845324
23830,1.307010412,,
23831,1.307118058,,
23832,,1.845521212,2.814851284
23833,,1.845483661,2.81486845
23835,1.30761838,,
23837,,1.845397115,2.815037489
23842,1.308395505,,
23843,1.30846262,,
23844,1.308556557,1.845627785,2.814814329
23845,1.308636665,1.845672011,2.814688444
23846,1.308719039,1.845727921,2.814574242
23847,,1.845782876,2.814491034
23848,,1.845857263,2.8144238
23849,1.30620563,,
23850,1.305076838,,
23851,,1.846114278,2.814351082
23852,,1.846215248,2.814359188
23854,1.301744461,,
23856,,1.846706629,2.814410686
23859,1.299332261,,
23861,,1.847477794,2.814775229
23864,1.298279762,,
23865,1.298211575,,
23866,1.298194051,1.848222136,2.815262079
23867,,1.848368764,2.815365791
23868,1.298229575,1.848513842,2.815466642
23870,,1.848810554,2.815668344
23872,1.298417211,,
23873,1.298497319,,
23874,,1.849486947,2.816128254
23875,,1.849671364,2.816266775
23882,1.298771739,,
23884,,1.851269126,2.81744504
23887,1.299095511,,
23888,1.299177408,,
23889,1.299280167,1.851869583,2.818102598
23890,1.299399018,1.85195291,2.818239689
23891,1.299542189,1.851740479,2.818370819
23892,1.299690008,1.851566076,2.818493605
23893,,1.851423621,2.818608522
23894,1.300059557,1.851321101,2.818711996
23896,1.300475597,1.851205707,2.818935871
23898,1.300687194,1.850381494,2.819149494
23899,1.300811529,,
23900,1.300960779,1.849505663,2.819372654
23901,,1.84915626,2.819488049
23902,1.301255107,1.848880649,2.81959939
23903,1.301398993,,
23904,,1.848300219,2.819819927
23905,1.301702857,1.847860932,2.819923162
23907,1.301878452,1.847135186,2.820053339
23909,,1.846524358,2.820117474
23912,1.301912904,,
23913,1.301933408,,
23914,,1.845629811,2.820334435
23915,1.302076578,1.845528126,2.820375204
23916,1.302180052,,
23917,1.302297115,1.845417142,2.820456505
23918,1.302433252,1.845387101,2.820501089
23919,,1.845367074,2.820433855
23920,,1.845362782,2.820382357
23921,1.302880764,,
23922,1.303012013,,
23923,,1.845426798,2.82028079
23924,,1.845484257,2.820274591
23925,1.303443074,,
23927,,1.84569943,2.820291758
23928,1.303961873,,
23930,,1.846019506,2.819996834
23932,1.304565668,,
23933,1.30464685,,
23934,,1.846495032,2.818974495
23935,,1.846614718,2.818814278
23937,1.304851532,,
23939,,1.847177148,2.818439007
23942,1.304587245,,
23943,1.304585218,,
23944,1.304608583,1.847992659,2.818329334
23945,,1.848132014,2.818328381
23946,,1.848282099,2.81832695
23947,1.304682136,,
23948,1.304747462,,
23949,1.304822803,1.848736405,2.818315744
23950,1.304903984,1.848913431,2.818328857
23951,,1.849077702,2.81834507
23952,,1.849230051,2.818387508
23953,1.305227518,,
23955,,1.849685669,2.818555593
23958,1.306091785,,
23959,1.306273699,,
23960,,1.849977493,2.818867445
23961,,1.850040913,2.818945885
23962,1.306191921,,
23964,,1.850074053,2.81916523
23966,1.304785609,,
23968,,1.850274801,2.819457769
23969,1.304135084,,
23970,1.304013729,,
23971,1.303913832,1.850491285,2.819713354
23972,,1.850580931,2.81675458
23973,1.303774953,1.850663066,2.814094305
23974,1.303749084,,
23975,1.303525448,1.850829959,2.809552193
23976,,1.850914598,2.807619095
23977,,1.85095942,2.805879831
23978,1.303040385,,
23980,,1.851168156,2.801646948
23987,1.302946925,,
23989,,1.848207355,2.794481993
23991,1.303332806,,
23993,,1.843620777,2.792952299
23997,1.304113507,,
23999,1.304433942,1.839651465,2.791670561
24000,1.304586887,,
24001,,1.838847399,2.791419506
24002,,1.838137388,2.791318178
24005,1.305548072,,
24007,1.305902481,1.835734248,2.790976524
24008,1.306104779,,
24009,1.306058168,1.835127354,2.79090786
24010,,1.834897041,2.790882826
24011,1.306008458,1.834708571,2.790868521
24013,,1.834441543,2.790823221
24014,1.305982113,,
24016,,1.834109068,2.790790796
24020,1.305964112,,
24022,1.305868626,1.833176494,2.790833235
24023,1.30584681,,
24024,,1.832907081,2.790858984
24025,,1.832783222,2.790874004
24028,1.30604434,,
24030,,1.832190633,2.790875196
24031,1.306286812,,
24032,1.306242108,,
24033,,1.831836581,2.790866137
24034,,1.831751823,2.79086709
24035,1.306241751,,
24037,,1.831659555,2.790895462
24041,1.306702852,,
24043,,1.831960678,2.790988207
24047,1.30569303,,
24048,1.304469943,,
24049,,1.832481623,2.791145563
24050,,1.832577348,2.79117465
24051,1.301592708,,
24052,1.300883532,,
24053,,1.83280766,2.791278362
24054,,1.832846522,2.791321278
24055,1.299305797,,
24057,1.298538566,1.832952499,2.791436434
24059,,1.832989931,2.791514635
24062,1.294980049,,
24064,,1.833105445,2.791694403
24065,1.293642759,,
24067,1.293029189,1.833293557,2.791803122
24069,1.292613149,1.833431959,2.791878223
24071,1.292374134,1.833564043,2.79194355
24073,,1.833769679,2.79200387
24076,1.292278767,,
24078,,1.833634138,2.792172909
24082,1.29264915,,
24083,1.292796373,,
24084,,1.834039688,2.792360783
24085,,1.83414793,2.792380333
24086,1.293293834,,
24087,1.293408036,,
24088,,1.834521174,2.792452812
24089,,1.834653378,2.792478085
24094,1.29442668,,
24096,,1.833855271,2.79270792
24098,1.295289159,,
24100,,1.833146095,2.792843342
24101,1.295981288,,
24103,,1.832889795,2.792957306
24105,1.296741247,,
24107,,1.832854986,2.793084145
24112,1.298006415,,
24114,,1.833153129,2.793179274
24116,1.298877835,,
24118,1.29938674,1.833595634,2.793247461
24120,1.299738646,1.833831906,2.793283939
24122,,1.834104061,2.793321609
24123,1.300374508,,
24124,1.300586581,,
24125,,1.83449924,2.793390274
24126,,1.834641933,2.793415546
24134,1.302581072,,
24136,1.302970648,1.836328149,2.793740511
24138,,1.836646795,2.793810606
24139,1.303515196,,
24140,1.303706646,,
24141,1.303920627,1.837053418,2.793909073
24142,,1.837181926,2.793942213
24143,,1.837331653,2.79397583
24144,1.304505944,,
24146,,1.837729812,2.794092655
24149,1.305587649,,
24150,1.305812359,,
24151,1.306024075,1.838357806,2.79427743
24152,1.306237459,1.838456631,2.794312
24153,1.306419969,1.838550329,2.794353247
24154,,1.838648558,2.794394255
24155,,1.838764548,2.794433117
24156,1.30710721,,
24158,,1.839126825,2.794546127
24159,1.307635784,,
24160,1.307798982,,
24161,1.307967305,1.839465737,2.794660807
24162,1.308145881,1.839542389,2.794700384
24163,,1.839630723,2.7947402
24164,1.308478236,1.839733958,2.794779301
24165,1.308623195,,
24166,1.308780432,1.839923859,2.794853926
24167,1.308950543,1.840004444,2.794888973
24168,,1.840100527,2.794922113
24169,,1.84019649,2.794955015
24170,1.309444666,,
24171,1.309633136,,
24172,,1.84056592,2.795047045
24173,1.310025334,1.8407166,2.795077801
24175,,1.841041923,2.795025826
24176,1.310645938,,
24178,,1.841567516,2.794863462
24179,1.311170459,,
24181,,1.842119336,2.794761419
24184,1.31210947,,
24185,1.312303782,,
24186,1.312501431,1.842937112,2.794661283
24187,,1.843104601,2.794660568
24188,,1.843279123,2.794671774
24192,1.313523412,,
24193,1.313189745,,
24194,1.312947154,1.844095945,2.794772863
24195,1.312752366,1.844200253,2.794788837
24196,,1.844270349,2.794806719
24197,,1.844339132,2.794826031
24201,1.31222868,,
24202,1.312247038,,
24203,1.312282085,1.844651222,2.795009613
24204,,1.844620943,2.795036793
24205,1.311816931,1.844592214,2.795062542
24206,1.311495662,,
24207,,1.844595075,2.79509449
24208,,1.844633579,2.795103073
24212,1.309310079,,
24214,,1.840253472,2.795184135
24220,1.307269573,,
24222,1.307068229,1.836890578,2.795294285
24223,1.306979895,,
24224,1.306881428,1.836594701,2.795334816
24225,,1.836331964,2.795354128
24226,1.306765556,1.836090207,2.795378685
24228,,1.835708022,2.79542613
24229,1.306776047,,
24230,1.306802034,,
24231,1.306793332,1.835306764,2.795496702
24232,,1.834801674,2.79552269
24233,1.306693196,1.834354639,2.795548201
24234,1.306595564,,
24235,1.306506634,1.833646059,2.795605421
24236,,1.833358169,2.795643568
24237,,1.833122015,2.795681953
24238,1.306401849,,
24240,,1.832588434,2.795764685
24241,1.306571722,,
24243,,1.832219243,2.795879364
24245,1.30691576,,
24247,1.307167292,1.832043171,2.796026945
24249,1.307492614,1.831972599,2.796107292
24250,1.307689667,,
24251,1.307851434,1.83197999,2.79612875
24252,,1.832012653,2.79614687
24253,,1.832054615,2.796163797
24255,1.308438301,,
24257,1.30873704,1.832376838,2.796243429
24259,1.309030652,1.832560658,2.796306133
24260,1.309196115,,
24261,1.309259415,1.83258605,2.796319246
24262,,1.832554698,2.79630518
24263,,1.832543731,2.796292067
24268,1.309921861,,
24270,,1.832656264,2.796249151
24276,1.309701204,,
24278,1.309602618,1.832235456,2.796390295
24280,,1.832184672,2.796470404
24281,1.309794068,,
24283,1.309967995,1.832177401,2.796559095
24285,1.310224891,1.832260609,2.796621561
24286,1.310293436,,
24287,,1.832391858,2.796680689
24288,1.310507536,1.832435846,2.796708107
24289,1.310650945,,
24290,1.310805917,1.832601905,2.796780348
24291,1.31098187,1.832748294,2.796822071
24292,1.311150789,1.832912087,2.796851873
24293,,1.833081126,2.796885014
24294,1.311540127,1.833257556,2.796915531
24296,,1.833616614,2.79697299
24300,1.312679172,,
24302,1.313011885,1.834624648,2.797156572
24303,1.313048244,,
24304,,1.834928513,2.797216177
24305,,1.83509922,2.797249556
24306,1.313282371,,
24308,,1.835630536,2.797366619
24309,1.31357193,,
24310,1.313674927,,
24311,,1.836240292,2.797499657
24312,1.313851357,1.836442232,2.797546864
24313,1.313930511,,
24314,1.314018488,1.836834908,2.797630787
24315,1.314145923,1.837035298,2.797668457
24316,,1.83722043,2.797704697
24317,,1.837402821,2.797739029
24321,1.314924717,,
24322,1.31510818,,
24323,1.315120935,1.838438511,2.797898769
24324,,1.838618279,2.797901869
24325,1.315203667,1.838791132,2.797905445
24327,,1.839084148,2.797916889
24328,1.315387368,,
24329,1.315439582,,
24330,,1.839490533,2.797952652
24331,,1.839647651,2.797976255
24332,1.315796137,,
24334,,1.840064645,2.798056126
24336,1.316119552,,
24338,1.316327691,1.840295911,2.797819614
24340,1.316524863,1.840336442,2.797628641
24342,,1.840422511,2.797412395
24343,1.316978335,,
24345,1.317248225,1.84051168,2.797198057
24347,,1.840611219,2.797095299
24351,1.317904472,,
24353,,1.841106057,2.796926022
24355,1.318116188,,
24356,1.31816411,,
24357,,1.841481924,2.79694581
24358,,1.841584086,2.796962976
24361,1.317895651,,
24363,,1.842167616,2.796883821
24368,1.317655563,,
24370,,1.842730761,2.796872616
24374,1.318022251,,
24375,1.318135858,,
24376,,1.843058586,2.796911955
24377,1.318368196,1.843114853,2.796862364
24379,,1.843090653,2.796773672
24381,1.318510532,,
24383,,1.84280622,2.796674252
24384,1.318685889,,
24385,1.318796396,,
24386,1.318800211,1.842563868,2.796641588
24387,,1.842363834,2.796637774
24388,1.31887722,1.84220314,2.796635628
24389,1.31885159,,
24390,,1.841936588,2.796627045
24391,,1.841859937,2.796620846
24395,1.317352414,,
24396,1.31664288,,
24397,1.31602335,1.841838598,2.796673298
24398,,1.84186089,2.796696901
24399,,1.841894627,2.79672122
24402,1.313955665,,
24403,1.313731313,,
24404,1.313481688,1.842205286,2.796857357
24405,,1.84228754,2.796887875
24406,1.313063979,1.84239471,2.796919823
24408,1.312791467,1.842616796,2.796984196
24410,,1.842817545,2.797017574
24413,1.312166333,,
24414,1.312032938,,
24415,,1.843471169,2.797196388
24416,,1.843632817,2.797236204
24419,1.311647534,,
24420,1.311623216,,
24421,1.311645508,1.844529271,2.797434807
24422,,1.844706893,2.7974751
24423,,1.844894528,2.797522306
24427,1.309571743,,
24429,,1.84562397,2.797787666
24430,1.308985114,,
24431,1.308862209,,
24432,1.308787107,1.845966816,2.797923565
24433,1.308687925,1.846090674,2.797979116
24434,1.308588624,1.84620595,2.798041821
24435,,1.84634006,2.798103094
24436,1.308403134,1.846456885,2.798161745
24438,1.30820334,1.846524954,2.798273802
24439,1.308150411,,
24440,,1.846654534,2.798373938
24441,1.307974339,1.846764088,2.798420191
24443,,1.847010255,2.798512697
24446,1.307648659,,
24448,1.307605267,1.847446084,2.798723459
24450,,1.847573519,2.798802614
24454,1.307026625,,
24456,,1.846533895,2.799032927
24460,1.306728363,,
24461,1.306705117,,
24462,1.306694984,1.845362067,2.799296618
24463,1.306721807,1.845300078,2.799346924
24464,,1.845265508,2.799397469
24465,,1.845256209,2.79944396
24466,1.30640018,,
24468,,1.845306277,2.79957056
24469,1.304973364,,
24471,1.303650022,1.845417619,2.799676657
24472,1.303114295,,
24473,,1.845528126,2.799717188
24474,1.302271962,1.845576286,2.799731255
24475,1.301944375,,
24476,,1.845679164,2.799728632
24477,,1.845778227,2.79971981
24478,1.301202774,,
24480,,1.846148252,2.799710989
24485,1.299471974,,
24486,1.299160123,,
24487,,1.847040892,2.79987216
24488,,1.847185969,2.799901009
24489,1.298489571,,
24491,,1.847690463,2.799984694
24493,1.297918797,,
24495,,1.848344088,2.800063372
24496,1.297870874,,
24498,,1.848748922,2.800134182
24503,1.297437191,,
24505,1.297498345,1.849671006,2.800356865
24506,1.297551513,,
24507,,1.849690795,2.800438643
24508,,1.849736571,2.800478697
24510,1.297952652,,
24511,1.298054576,,
24512,1.298135161,1.849311113,2.80064249
24513,,1.849207163,2.800689459
24514,1.298284888,1.849078894,2.800737381
24515,1.298395395,,
24516,1.298510909,1.848939896,2.800831079
24517,,1.848912835,2.800879002
24518,1.298831105,1.848890305,2.800922394
24519,1.299010754,,
24520,,1.848877192,2.80100131
24521,,1.848876476,2.801044226
24524,1.299918294,,
24525,1.30005765,,
24526,,1.848624587,2.801274538
24527,1.300380588,1.848437786,2.801319599
24529,,1.848156571,2.801408529
24531,1.30086267,,
24532,1.300907612,,
24533,1.300982118,1.847802043,2.801567554
24534,,1.847813845,2.801512241
24535,1.301148176,1.847839117,2.801476955
24536,1.301270962,,
24537,,1.847904205,2.801434278
24538,,1.84795177,2.801427126
24541,1.302020311,,
24543,1.302358031,1.848365664,2.801450014
24544,1.302568793,,
24545,1.302800059,1.848559737,2.801486969
24546,1.303061366,1.848653316,2.801514387
24547,1.303363204,1.848751187,2.801543951
24548,1.303662419,1.848861456,2.801577806
24549,,1.848982692,2.801608086
24550,1.304163694,1.849118352,2.801642656
24552,,1.849293828,2.801712751
24554,1.305104852,,
24555,1.305329919,,
24556,,1.849646807,2.801854849
24557,,1.848446846,2.80189538
24558,1.305623651,,
24559,1.305629134,,
24560,1.304952145,1.844684601,2.802037716
24561,,1.843728542,2.802090883
24562,,1.842406988,2.802145958
24569,1.301434875,,
24570,1.301044464,,
24571,1.300702214,1.831288815,2.802589178
24572,,1.830531716,2.802640438
24573,1.300143838,1.829879165,2.802689314
24575,,1.828819513,2.802785158
24582,1.29956162,,
24584,,1.825826168,2.803270578
24587,1.299404383,,
24588,1.299047947,,
24589,1.298695445,1.824955463,2.803528547
24590,1.29843092,1.824824691,2.803582668
24591,,1.824675441,2.803631306
24592,1.298050165,1.82455194,2.803679228
24594,,1.824398398,2.803781986
24595,1.297690153,,
24596,1.297624469,,
24597,1.297572136,1.824232697,2.803915739
24598,1.297550321,1.824232936,2.803958893
24599,,1.824230075,2.803999901
24600,,1.824243546,2.804036617
24606,1.297978878,,
24607,1.298100471,,
24608,,1.824601293,2.80432725
24609,,1.824672461,2.804373503
24610,1.298370719,,
24612,,1.824967861,2.804445267
24613,1.298764467,,
24615,,1.82521987,2.804393768
24617,1.299373984,,
24618,1.299528599,,
24619,1.299693584,1.825855374,2.804350376
24620,1.299841285,1.826040983,2.80435133
24621,,1.826225758,2.802288771
24622,,1.82641983,2.800438166
24623,1.300296545,,
24625,,1.826973438,2.7958951
24627,1.30057776,,
24628,1.30060029,,
24629,1.300656319,1.827713132,2.791601181
24630,1.300723433,1.827898145,2.790788651
24631,,1.82808578,2.79006052
24632,,1.82827127,2.789407015
24643,1.300468445,,
24645,1.299175143,1.826635957,2.784257412
24646,1.298665524,,
24647,,1.826323032,2.783923864
24648,1.297739863,1.826220632,2.783784628
24650,,1.826079011,2.783578634
24652,1.295000076,,
24653,1.294115901,,
24654,,1.82597816,2.78332448
24655,,1.825984836,2.78328228
24659,1.290656209,,
24661,,1.825625062,2.78315711
24663,1.289432406,,
24665,,1.825356841,2.783170462
24666,1.288972259,,
24668,,1.825334907,2.783205271
24669,1.288826823,,
24671,,1.825501561,2.783258438
24673,1.288216233,,
24675,1.287843704,1.825865149,2.783364773
24676,1.287696838,,
24677,1.287599564,1.826075315,2.783436537
24678,1.287522316,1.826169252,2.783478498
24679,1.287498355,1.826260448,2.783517361
24680,,1.826369286,2.783553839
24681,1.287518978,1.82650435,2.783586502
24682,1.287571788,,
24683,,1.826779485,2.783658981
24684,1.286969423,1.826906443,2.783692598
24685,1.28674221,,
24686,,1.827116251,2.783759117
24687,,1.827233672,2.783789158
24689,1.285994291,,
24691,1.285718679,1.827744246,2.783918858
24693,,1.827789903,2.783977747
24696,1.285722733,,
24698,1.285882235,1.827659249,2.784097195
24699,1.285978556,,
24700,1.286084294,1.827741623,2.784156561
24701,1.286176562,1.827783585,2.784187078
24702,,1.827831984,2.784220457
24703,,1.827891111,2.784250259
24704,1.286482096,,
24705,1.28661859,,
24706,1.286770582,1.82814908,2.784333229
24707,1.286904216,1.828225136,2.784363747
24708,1.287084579,1.828300595,2.784393072
24709,,1.828388333,2.784420967
24710,,1.828469038,2.784460783
24711,1.287680864,,
24713,,1.828745604,2.784575701
24714,1.288235068,,
24716,,1.829002619,2.784685612
24720,1.289276361,,
24721,1.289484739,,
24722,,1.829488039,2.784930706
24723,,1.829532981,2.784970284
24729,1.290591717,,
24731,,1.82990396,2.785271406
24734,1.29136169,,
24736,1.291630507,1.830399036,2.785477638
24737,1.291767955,,
24738,,1.830612421,2.784660339
24739,,1.830765128,2.784320354
24740,1.292239666,,
24741,1.292301059,,
24742,,1.831201434,2.782117605
24743,1.292528868,1.831343651,2.781534195
24744,1.292683601,,
24745,,1.83164525,2.780555725
24746,,1.831828952,2.780141115
24748,1.293387651,,
24750,1.293791294,1.832596421,2.778886557
24751,1.293885231,,
24752,,1.832966208,2.778444767
24753,,1.833150744,2.778260708
24755,1.294322252,,
24757,1.294596195,1.833808064,2.777730942
24759,,1.834152579,2.777551889
24765,1.295799136,,
24767,,1.83521986,2.777239323
24769,1.295811176,,
24771,,1.835521579,2.777216196
24777,1.296095133,,
24779,,1.835662723,2.775704622
24783,1.296878934,,
24785,1.297243357,1.836007714,2.773782015
24786,1.297439218,,
24787,,1.835904241,2.773384333
24788,1.297822714,1.83588171,2.773219109
24789,1.297911525,,
24790,,1.835895777,2.772952318
24791,,1.835945129,2.772844791
24793,1.297855377,,
24795,1.297828555,1.836285233,2.772539377
24796,1.297808886,,
24797,,1.836558223,2.772452116
24798,,1.836673856,2.772423983
24799,1.297117352,,
24801,,1.83708775,2.772393227
24802,1.296522498,,
24804,,1.837604165,2.772404194
24809,1.295949459,,
24811,,1.838318348,2.772496462
24812,1.295990467,,
24813,1.296049476,,
24814,1.296099305,1.838643789,2.772571087
24815,,1.838766932,2.772600651
24816,,1.838890433,2.772629976
24817,1.296082377,,
24819,,1.839311957,2.772725105
24820,1.295865417,,
24822,1.295756221,1.839514732,2.772832394
24824,,1.83947289,2.772909641
24826,1.295656681,,
24828,,1.839242458,2.773053885
24830,1.295823336,,
24831,1.295883775,,
24832,1.295473456,1.83884418,2.773188353
24833,1.295125127,1.838520765,2.773222923
24834,1.294832826,1.838258982,2.77325654
24835,,1.837709546,2.773294449
24836,,1.837223291,2.773339748
24843,1.294116139,,
24844,1.294112086,,
24845,1.294129848,1.834697008,2.773737192
24846,,1.834572673,2.773777723
24847,,1.834473252,2.773816586
24850,1.294388771,,
24852,1.29459703,1.834330797,2.774022102
24854,1.29486227,1.834444523,2.774087191
24856,,1.834551454,2.774112463
24861,1.296013474,,
24863,1.296485305,1.834991693,2.774222612
24864,1.296725869,,
24865,,1.835098982,2.774294376
24866,1.296976209,1.835159183,2.774331808
24868,1.297170043,1.835328698,2.774409533
24870,,1.835502505,2.774482727
24872,1.297185302,,
24874,,1.83589077,2.774613142
24877,1.297584295,,
24879,,1.836422086,2.774793386
24888,1.298532963,,
24889,1.298672318,,
24890,1.298812628,1.83531332,2.775228739
24891,,1.835066915,2.775268793
24892,1.29910624,1.834868193,2.775310755
24893,1.299272895,,
24894,,1.834599972,2.775393009
24895,1.299620748,1.8345294,2.775429249
24896,1.299808502,,
24897,,1.834445834,2.775497675
24898,1.300122738,1.834427714,2.775524378
24900,,1.834423423,2.775581837
24903,1.300806999,,
24904,1.300943136,,
24905,1.301040411,1.834334373,2.775768042
24906,,1.83434689,2.775809288
24907,,1.834367394,2.775849819
24908,1.301385522,,
24910,,1.834154606,2.775952578
24911,1.301221967,,
24913,1.301306844,1.834137678,2.776044369
24915,,1.834264159,2.776103258
24916,1.30145216,,
24918,,1.834322214,2.776181221
24919,1.30114758,,
24921,,1.834360242,2.776270151
24924,1.299758315,,
24925,1.299612761,,
24926,1.299519897,1.83421886,2.776411057
24927,1.29946208,1.834223628,2.776438236
24928,,1.834266901,2.776465178
24929,,1.834311843,2.776491642
24931,1.299538851,,
24932,1.299610138,,
24933,1.299647689,1.834627986,2.776607752
24934,1.299704313,1.834748626,2.776639223
24935,,1.834780931,2.776669264
24936,1.299902797,1.834810615,2.776700735
24937,1.300014138,,
24938,,1.834927201,2.776760578
24939,,1.834863305,2.776792049
24941,1.300274014,,
24943,1.300342202,1.834797144,2.776922464
24945,,1.834843755,2.776988983
24946,1.299882889,,
24947,1.299723983,,
24948,,1.835004687,2.777079821
24949,1.299574018,1.835058093,2.777108908
24951,,1.835217595,2.777164698
24954,1.299256563,,
24955,1.298836112,,
24956,1.298463106,1.835900187,2.777329206
24957,1.298121452,1.836087465,2.777352333
24958,,1.836258054,2.777374983
24959,1.29764998,1.83644855,2.777395964
24960,1.297500849,,
24961,,1.836798191,2.777444124
24962,1.29723382,1.836984396,2.777471304
24963,1.29715693,,
24964,1.297104001,1.837387681,2.777547598
24965,,1.837589741,2.777582645
24966,1.297045588,1.837791443,2.777619839
24968,1.297011852,1.838184357,2.777686119
24970,1.297137737,1.838572741,2.777749538
24971,1.297126174,,
24972,,1.838963628,2.777810335
24973,,1.83916223,2.777841568
24974,1.297201395,,
24975,1.297203064,,
24976,,1.839633942,2.777943373
24977,,1.83977139,2.777981043
24979,1.297418833,,
24981,,1.840423703,2.778155088
24982,1.297745347,,
24984,1.297978282,1.840962648,2.778300047
24985,1.298073769,,
24986,,1.841310382,2.778388262
24987,,1.841498733,2.778429508
24989,1.298585176,,
24991,,1.84226644,2.778576851
24993,1.299367666,,
24995,,1.842875123,2.778712034
24998,1.300129294,,
25000,,1.843765974,2.778901815
25001,1.300583959,,
25003,,1.844270825,2.779021025
25006,1.301403999,,
25008,,1.845176697,2.77922368
25011,1.302396417,,
25013,1.30275321,1.846012115,2.779383659
25015,,1.845905542,2.779442072
25017,1.303195238,,
25019,,1.843225479,2.779556513
25021,1.303883791,,
25023,,1.839512229,2.779676437
25026,1.3047539,,
25028,,1.836258888,2.779849529
25032,1.305663347,,
25034,1.306074619,1.830792069,2.779948235
25035,1.306225538,,
25036,1.305947185,1.828475714,2.779959679
25037,1.305761576,1.827518821,2.779963493
25038,,1.826663852,2.779971361
25039,,1.825897813,2.779989719
25040,1.30543673,,
25042,,1.824088097,2.780061007
25044,1.304495335,,
25045,1.304374099,,
25046,,1.822600842,2.780197859
25047,,1.822352052,2.780231714
25049,1.304105639,,
25051,,1.821750879,2.780337095
25052,1.303640127,,
25053,1.303533673,,
25054,,1.821540594,2.780378103
25055,1.303442359,1.821521163,2.780395269
25057,,1.821534038,2.780436754
25058,1.303433776,,
25059,1.303392291,,
25060,,1.821689487,2.780504942
25061,1.303415537,1.821774125,2.780529976
25062,1.303486824,,
25063,,1.821977019,2.780578613
25064,,1.822098494,2.780607939
25067,1.303886771,,
25069,1.303959012,1.82297194,2.780769587
25070,1.304018855,,
25071,,1.823322177,2.780836344
25072,1.304149389,1.823490381,2.78088212
25074,,1.823811889,2.780974627
25075,1.304543495,,
25077,,1.824186802,2.781137943
25078,1.304891348,,
25080,1.304881096,1.824461102,2.78130126
25081,1.304944038,,
25082,,1.824659467,2.781401634
25083,,1.824773312,2.781454563
25088,1.306109309,,
25090,1.306530595,1.824990153,2.781776428
25092,1.306825876,1.825030684,2.78180337
25094,,1.825066209,2.781835794
25095,1.307261586,,
25096,1.307399869,,
25097,,1.825181484,2.78190732
25098,1.307717681,1.825278401,2.781934977
25100,,1.825506568,2.78199172
25101,1.308233738,,
25103,,1.825902581,2.782085657
25105,1.308173895,,
25107,1.308280945,1.826426387,2.78221941
25109,,1.826701283,2.782289505
25110,1.308590174,,
25111,1.30869627,,
25112,,1.827096224,2.782400608
25113,,1.826875329,2.782438517
25114,1.309013128,,
25116,,1.819414854,2.782546759
25118,1.309515238,,
25120,,1.812515974,2.782677889
25121,1.309916615,,
25123,1.310259223,1.809048653,2.782800674
25125,,1.807294846,2.782889605
25127,1.3108778,,
25129,,1.804791689,2.782995224
25132,1.311591506,,
25134,,1.802989006,2.783187389
25136,1.311986804,,
25138,,1.802284956,2.78333807
25141,1.312574983,,
25143,,1.801999807,2.783513546
25144,1.313061357,,
25146,1.313370347,1.801993489,2.78361702
25147,1.313513994,,
25148,1.313657284,1.802032113,2.783698082
25149,,1.802065253,2.783737421
25150,,1.802102566,2.783784628
25153,1.313970923,,
25155,1.313831329,1.802381516,2.784006834
25156,1.313801408,,
25157,1.313646317,1.802503705,2.784101248
25158,,1.802559495,2.784145832
25159,1.313450933,1.802615643,2.784187078
25161,1.313238859,1.802738667,2.784258604
25163,1.312939882,1.802861452,2.784333229
25165,,1.802999854,2.784400702
25169,1.312797546,,
25171,1.312825441,1.803552628,2.78461504
25173,1.312738299,1.803769946,2.78469348
25175,,1.803974152,2.784794092
25178,1.312791824,,
25179,1.312822938,,
25180,,1.804445148,2.785040855
25181,,1.804533243,2.7850945
25182,1.312821865,,
25183,1.312876225,,
25184,1.312969685,1.804765582,2.784949541
25185,,1.804827332,2.784869909
25186,1.313201547,1.804896593,2.784799099
25188,,1.805040359,2.784689665
25190,1.313574076,,
25191,1.313442349,,
25192,1.31334269,1.805392861,2.784043312
25193,,1.805435061,2.783929586
25194,,1.805489659,2.783814907
25195,1.313118696,,
25196,1.313135505,,
25197,1.313175321,1.805652857,2.783549547
25198,,1.805706263,2.78348875
25199,1.313308597,1.805778623,2.78343606
25201,1.313556314,1.805934906,2.783357382
25202,1.313721299,,
25203,1.313872576,1.806110859,2.783317327
25204,1.313957453,1.806206822,2.783310175
25205,1.313973308,1.806322217,2.783307791
25206,,1.806432843,2.783312798
25207,1.31401825,1.806538582,2.78331852
25208,1.314076781,,
25209,1.314117432,1.806721568,2.783343077
25210,1.314170003,1.806801796,2.783355713
25211,,1.806887031,2.783370972
25212,,1.806985855,2.783394814
25217,1.315011621,,
25218,1.315163016,,
25219,,1.807617307,2.783458948
25220,,1.807707906,2.783461809
25224,1.316069603,,
25225,1.316268086,,
25226,,1.808209181,2.783531189
25227,,1.808298111,2.783550739
25228,1.316958189,,
25230,,1.808576465,2.783595562
25231,1.317528367,,
25233,,1.808844686,2.783658028
25234,1.317910552,,
25235,1.318012834,,
25236,,1.809140682,2.783738136
25237,1.318261027,1.809237599,2.783762932
25239,1.318531871,1.809419274,2.78382349
25241,1.318852901,1.809604287,2.783890486
25243,,1.809783697,2.783967018
25247,1.318873286,,
25249,1.318680644,1.81039083,2.784168959
25251,1.318633914,1.810565829,2.784241199
25252,1.318629026,,
25253,,1.810734034,2.784316063
25254,1.318682671,1.810810924,2.784352779
25255,1.318640828,,
25256,,1.810978532,2.784438372
25257,1.318562508,1.811060905,2.784479618
25258,1.31856513,,
25259,1.318587303,1.811209559,2.784564495
25260,1.318588734,1.811278462,2.784619331
25261,1.318641663,1.811337829,2.784679651
25262,,1.811413884,2.784737825
25263,1.318690777,1.811489463,2.784798861
25265,1.318072081,1.811655521,2.784926176
25267,1.317656755,1.811805367,2.785060167
25269,1.317418218,1.811955452,2.785172462
25271,,1.812130451,2.785277367
25275,1.317377329,,
25277,,1.812712431,2.785600424
25278,1.31738174,,
25279,1.317284465,,
25280,,1.81301415,2.785750389
25281,,1.813113093,2.785793543
25283,1.317224383,,
25285,1.317315102,1.813470244,2.785970211
25287,,1.813662648,2.786069155
25288,1.317471504,,
25290,,1.813950777,2.786220074
25291,1.317865968,,
25292,1.318020582,,
25293,,1.814267159,2.786373615
25294,1.318223357,1.81437242,2.786420584
25295,1.318325281,,
25296,1.318438053,1.814568639,2.786537886
25297,1.318584919,1.814674497,2.786596537
25298,,1.814777613,2.786648035
25299,1.318917394,1.814881206,2.786696672
25300,1.318997025,,
25301,,1.815108299,2.786791801
25302,1.319101691,1.815226197,2.786836863
25303,1.319160104,,
25304,1.319226265,1.8154459,2.786928415
25305,1.319284916,1.815547943,2.786977291
25306,1.319370627,1.815660477,2.787023067
25307,,1.815784335,2.787070036
25308,,1.815896988,2.787116289
25311,1.317646623,,
25312,1.317076802,,
25313,,1.816179514,2.787353277
25314,1.316131949,1.816163659,2.787397146
25315,1.315740228,,
25316,1.31539619,1.816195965,2.787475348
25317,1.315087914,1.81622076,2.787515163
25318,1.314824581,1.81625998,2.787558556
25319,,1.816305399,2.787602663
25320,1.314121962,1.816355705,2.787651777
25322,,1.816476464,2.787762165
25323,1.312743068,,
25324,1.312409878,,
25325,,1.816700935,2.787922382
25326,,1.816784143,2.787975073
25328,1.311430097,,
25330,,1.817136526,2.788157701
25331,1.311017036,,
25332,1.310857058,,
25333,,1.817412734,2.788278341
25334,1.310597301,1.817500353,2.788324118
25336,,1.817696929,2.788406849
25337,1.31000483,,
25339,,1.818014503,2.788525105
25341,1.309440255,,
25343,1.308932185,1.818466783,2.788709402
25344,1.308680177,,
25345,,1.818708062,2.788803577
25346,1.308254957,1.818829656,2.788851738
25348,,1.819065571,2.788946629
25360,1.307276726,,
25362,,1.820459962,2.788886309
25363,1.307702661,,
25364,1.307900786,,
25365,,1.820712686,2.78895545
25366,,1.8208009,2.788982868
25367,1.308516622,,
25369,,1.821070194,2.789061785
25370,1.309119344,,
25371,1.309332252,,
25372,,1.821407318,2.789149046
25373,,1.821522236,2.789176464
25375,1.308617353,,
25376,1.308358073,,
25377,,1.821965337,2.78929615
25378,,1.82206893,2.789326191
25381,1.307585359,,
25383,,1.822719693,2.789552689
25389,1.307149768,,
25391,1.307219744,1.82369864,2.790005207
25393,,1.823912859,2.790125132
25395,1.307175159,,
25397,,1.824370623,2.790381908
25398,1.30694437,,
25399,1.306900144,,
25400,,1.824662089,2.790442705
25401,,1.824728131,2.790458441
25402,1.306946397,,
25404,,1.824959874,2.790529728
25405,1.307290316,,
25407,1.307512641,1.82521081,2.79061532
25408,1.307634592,,
25409,,1.825371385,2.790673256
25410,1.307881832,1.825453281,2.79070282
25411,1.308033228,,
25412,1.307980299,1.825585246,2.790780306
25413,1.308014512,1.825479746,2.790828705
25414,,1.825406432,2.790872812
25415,,1.825355411,2.790913343
25416,1.308138728,,
25417,1.308112264,,
25418,1.308134913,1.82512629,2.791034222
25419,1.30821228,1.824988842,2.791083097
25420,,1.824876666,2.791136265
25421,,1.824777842,2.791189432
25422,1.30783689,,
25423,1.307691693,,
25424,,1.824560881,2.791344881
25425,1.307538986,1.824510217,2.791405439
25427,1.307507157,1.824191213,2.791517973
25429,,1.82371974,2.791634321
25433,1.302554011,,
25435,1.300825477,1.822479486,2.791786194
25437,1.299429178,1.822039485,2.791804075
25438,1.298867702,,
25439,,1.821675539,2.791826725
25440,,1.821543694,2.791839361
25442,1.297424674,,
25444,1.297051311,1.821265697,2.791936636
25446,,1.821232557,2.791988611
25447,1.296742678,,
25449,1.296680927,1.821282625,2.792075157
25451,1.296683908,1.821346641,2.792136192
25453,1.296743751,1.821402073,2.79220438
25454,1.296806335,,
25455,,1.821493268,2.792270899
25456,,1.821563125,2.792312622
25457,1.297071576,,
25459,,1.821798801,2.792440414
25460,1.297270656,,
25461,1.297351956,,
25462,,1.822063565,2.7925632
25463,1.297572255,1.822161436,2.792607307
25464,1.297700763,,
25465,,1.822341442,2.792690754
25466,,1.822434068,2.792730331
25467,1.297952294,,
25468,1.298046947,,
25469,,1.822734237,2.792827368
25470,,1.822847605,2.792856455
25474,1.298747659,,
25476,1.298934579,1.823592424,2.793108702
25477,1.299077868,,
25478,1.29922843,1.823866725,2.793190479
25479,,1.823996186,2.793225765
25480,1.299411416,1.82412076,2.793260336
25482,,1.824342847,2.793335676
25484,1.299789071,,
25485,1.299893141,,
25486,,1.824754238,2.793480158
25487,,1.82486701,2.79352212
25488,1.300164104,,
25489,1.300281286,,
25490,,1.825178742,2.793663979
25491,,1.825277209,2.793710232
25502,1.302226186,,
25503,1.302140951,,
25504,,1.826267362,2.794508219
25505,,1.826144099,2.794574738
25510,1.302199602,,
25512,1.302263618,1.825604081,2.794937849
25514,,1.82555604,2.795013189
25515,1.302356482,,
25516,1.302425981,,
25517,1.302502036,1.8255651,2.795114756
25518,1.302603722,1.825592279,2.795149326
25519,1.302695632,1.825624228,2.795184612
25520,1.302819848,1.825671196,2.795226574
25521,,1.825717211,2.795267344
25522,,1.825765848,2.795311213
25527,1.304280162,,
25529,,1.826181293,2.795670748
25537,1.305584192,,
25539,,1.827110291,2.796141386
25541,1.306151152,,
25543,,1.827551842,2.796307564
25545,1.306680679,,
25547,,1.827770948,2.796388626
25548,1.307144642,,
25550,1.30754149,1.826707959,2.796409845
25551,1.307744265,,
25552,,1.82597816,2.796441555
25553,,1.825561881,2.796458721
25558,1.309153318,,
25560,1.309653401,1.823160529,2.796646118
25561,1.309921265,,
25562,,1.822502851,2.796725273
25563,,1.822246671,2.796757936
25564,1.310763717,,
25565,1.311038971,,
25566,,1.821717381,2.796896696
25567,,1.82161665,2.796902418
25574,1.312956452,,
25576,1.313497901,1.821263671,2.797114134
25577,1.313757062,,
25578,,1.821365833,2.797180891
25579,,1.82142818,2.797211647
25580,1.314456701,,
25582,,1.8216362,2.797325373
25583,1.315048456,,
25585,,1.821858525,2.797421932
25586,1.315481901,,
25588,,1.822128654,2.797462702
25590,1.3162148,,
25592,,1.822500587,2.79748559
25594,1.316491365,,
25595,1.316237092,,
25596,1.316041112,1.822941899,2.797632933
25597,,1.823071122,2.797670841
25598,,1.823205709,2.797710657
25599,1.315666199,,
25600,1.315611839,,
25601,,1.823598385,2.797828913
25602,,1.823708296,2.797868967
25603,1.315610051,,
25605,1.315751433,1.824018478,2.797993898
25607,,1.824240088,2.798091173
25612,1.316176891,,
25613,1.316281199,,
25614,1.316373587,1.825072408,2.798380613
25615,,1.825180292,2.798420668
25616,,1.825293541,2.798458815
25617,1.316755772,,
25619,1.317113996,1.825670004,2.798568964
25620,1.317293525,,
25621,,1.825936079,2.79865098
25622,1.315688729,1.826078415,2.798686028
25623,1.315003753,,
25624,,1.826303482,2.798750639
25625,,1.82640934,2.798782349
25628,1.312949657,,
25630,,1.827002883,2.799001694
25631,1.312520862,,
25633,1.312406421,1.827342987,2.799121141
25635,1.312207937,1.827556014,2.799191952
25637,1.312010407,1.827730894,2.799271345
25638,1.312003613,,
25639,1.311996102,1.827931762,2.799342394
25640,,1.828023553,2.799379826
25641,,1.828114033,2.799416065
25642,1.312230945,,
25643,1.312331438,,
25644,1.312463403,1.828352094,2.799432516
25645,,1.82842958,2.799412251
25646,,1.828508019,2.799399376
25647,1.312968016,,
25649,,1.828728318,2.79938817
25650,1.313694358,,
25651,1.313898325,,
25652,1.314123392,1.828984857,2.799408913
25653,1.314349413,1.829088688,2.799418926
25654,1.313496113,1.829200506,2.798129082
25655,,1.82932055,2.796970129
25656,,1.829436183,2.795933247
25659,1.310120583,,
25661,,1.829934001,2.792150021
25662,1.309004664,,
25663,1.308733582,,
25664,,1.830013394,2.789946556
25665,,1.8299402,2.788870096
25668,1.308073163,,
25670,1.308001399,1.82992363,2.784924269
25672,,1.83002162,2.78386116
25678,1.306403399,,
25679,1.306240678,,
25680,,1.830495954,2.78132987
25681,1.306037188,1.830568552,2.781153917
25683,1.305962324,1.830745578,2.780867577
25685,1.305968165,1.830852032,2.780650854
25687,,1.830915689,2.780482292
25688,1.306218147,,
25690,,1.831120968,2.780274153
25693,1.307036638,,
25694,1.307204366,,
25695,1.30738461,1.831614733,2.780152559
25696,,1.831743121,2.78015089
25697,,1.831890702,2.780162573
25698,1.30800736,,
25700,1.308451414,1.832227826,2.780234575
25702,,1.832448125,2.780304432
25703,1.309123278,,
25705,1.309568524,1.832105398,2.780450583
25706,1.309799194,,
25707,,1.831893921,2.780549765
25708,,1.831816077,2.780602694
25709,1.31013298,,
25711,,1.831567168,2.78076005
25716,1.310665131,,
25718,,1.830592036,2.781122208
25719,1.310979247,,
25721,1.311102271,1.830085397,2.781290293
25723,,1.829861403,2.781418562
25730,1.311706185,,
25732,1.310691833,1.829645038,2.782003641
25733,1.310282588,,
25734,1.309960723,1.82970643,2.782115221
25735,1.30968523,1.829755664,2.78216815
25736,,1.829804063,2.782220364
25737,,1.829869628,2.782271385
25739,1.30894649,,
25741,,1.830252767,2.782458544
25743,1.308778882,,
25744,1.308759451,,
25745,,1.830703855,2.782644749
25746,,1.830821633,2.782691002
25747,1.308601737,,
25748,1.308557153,,
25749,1.308542848,1.831133604,2.782826424
25750,,1.831235051,2.782871485
25751,1.308522463,1.83122015,2.782923937
25753,,1.831197023,2.783028603
25754,1.308648705,,
25756,,1.831285954,2.783179998
25757,1.308844686,,
25759,,1.831485629,2.783332348
25774,1.310552716,,
25776,1.310748816,1.83310926,2.784183741
25777,1.310845494,,
25778,,1.833284378,2.784268856
25779,1.311084032,1.833372355,2.784317493
25781,1.311410427,1.833549976,2.784428596
25782,1.311591744,,
25783,,1.833721519,2.784534931
25784,,1.83379221,2.784586668
25788,1.312884569,,
25789,1.313057661,,
25790,,1.834195971,2.784941912
25791,1.313413501,1.834255695,2.785007715
25792,1.313617229,,
25793,1.313855529,1.83439219,2.785131693
25794,,1.834473014,2.785190105
25795,,1.834551692,2.78524518
25797,1.31466651,,
25798,1.31474936,,
25799,1.314790964,1.83491385,2.785468102
25800,1.314837337,1.835013628,2.785525799
25801,,1.835119009,2.785587788
25802,,1.835195303,2.785647154
25803,1.315038443,,
25805,,1.835438251,2.785809755
25807,1.314561725,,
25809,,1.835831165,2.785974026
25816,1.313622832,,
25817,1.313514352,,
25818,1.313429356,1.836766005,2.786274672
25819,,1.836869001,2.786291599
25820,,1.83696413,2.786314249
25821,1.313341856,,
25823,1.313314915,1.837267518,2.786408424
25825,,1.837467432,2.786478281
25836,1.312371969,,
25838,,1.838878274,2.786690235
25840,1.311872363,,
25841,1.311852932,,
25842,1.311839581,1.839403033,2.786641598
25843,1.311851501,1.839522958,2.786624432
25844,,1.83963418,2.78661108
25845,,1.839617252,2.78660202
25846,1.311416626,,
25848,,1.839616179,2.786602974
25854,1.310788274,,
25856,,1.84008193,2.786832571
25857,1.311023116,,
25859,1.311244011,1.840379238,2.787003279
25861,1.311481953,1.840549231,2.787144899
25863,,1.840710998,2.787292242
25865,1.311914921,,
25866,1.312021494,,
25867,,1.840913057,2.787532568
25868,1.31229794,1.840964437,2.787575245
25870,1.312520385,1.841081858,2.787665606
25872,1.312795997,1.841228485,2.787755013
25873,1.312948704,,
25874,1.313108921,1.841403246,2.787829638
25875,,1.841493964,2.787865639
25876,,1.841577768,2.787904739
25877,1.313626409,,
25878,1.313810229,,
25879,1.314005733,1.84188652,2.788039446
25880,1.314200878,1.8418082,2.788089991
25881,1.314366102,1.841775298,2.788135529
25882,,1.841762424,2.788177252
25883,,1.841754198,2.788216829
25884,1.314957738,,
25886,,1.841827631,2.788322687
25890,1.313948035,,
25891,1.31247282,,
25892,1.311153889,1.842082977,2.788633585
25893,,1.842149258,2.788691521
25894,1.308930039,1.842220426,2.788747787
25895,1.307982683,,
25896,1.306885839,1.842397451,2.788855076
25897,1.305853963,1.842488885,2.788847208
25898,1.30496335,1.842574477,2.788846731
25899,1.303496242,1.842658043,2.788850069
25900,1.302199125,1.84262073,2.788857937
25901,1.30100739,1.84247303,2.78886652
25902,1.299940586,1.84213078,2.788877726
25903,,1.841815829,2.788891792
25904,1.298230648,1.841541052,2.788727522
25906,1.296916127,1.838604331,2.788457632
25907,1.296319723,,
25908,,1.836243868,2.78822279
25909,1.295174956,1.835266948,2.788126945
25910,1.294678569,,
25911,1.294253469,1.833596349,2.787975311
25912,,1.832891941,2.787913561
25913,1.293618202,1.832272053,2.787863493
25915,,1.831267953,2.78780961
25917,1.292878389,,
25919,1.292695045,1.829915047,2.787772894
25921,1.292676926,1.829501033,2.787604094
25922,1.292725086,,
25923,1.292790174,1.829213142,2.787330389
25924,,1.829102516,2.787224293
25925,1.292934775,1.829019904,2.787143469
25927,,1.828872085,2.787022591
25930,1.293341398,,
25932,,1.82872963,2.786789179
25935,1.293722749,,
25936,1.293795943,,
25937,,1.828926086,2.786720037
25938,,1.828978777,2.786730289
25941,1.294131875,,
25943,,1.829262018,2.786840677
25944,1.29427588,,
25946,,1.82934773,2.786954403
25948,1.29396379,,
25950,,1.829495192,2.787139654
25952,1.293561339,,
25953,1.293550491,,
25954,,1.82970643,2.78729105
25955,,1.829776525,2.787327051
25956,1.2936306,,
25958,,1.829981565,2.787414789
25960,1.2938869,,
25962,,1.83040607,2.787577152
25967,1.294519544,,
25969,,1.831031442,2.786430836
25970,1.294698358,,
25972,1.294946313,1.826682091,2.786103964
25974,,1.824490547,2.785961628
25976,1.295618415,,
25978,,1.821403623,2.785505056
25980,1.295909405,,
25981,1.295952559,,
25982,1.29602313,1.819453597,2.785042763
25983,,1.81912148,2.784965277
25984,,1.818792939,2.784893751
25985,1.296280503,,
25987,,1.817900181,2.784743786
25991,1.297125697,,
25992,1.297204971,,
25993,,1.816756964,2.784573555
25994,,1.816664577,2.784573555
25996,1.297662139,,
25997,1.297807932,,
25998,1.297791362,1.816436529,2.784553289
25999,1.297784328,1.816410065,2.784556389
26000,,1.816386223,2.784564257
26001,1.29786098,1.816380501,2.784576178
26002,1.297921181,,
26003,,1.816386461,2.784620523
26004,1.298087478,1.816401601,2.78464365
26005,1.298193097,,
26006,,1.816435933,2.784698009
26007,,1.816460967,2.784727335
26008,1.298624396,,
26010,1.298864365,1.81659317,2.78482008
26012,,1.816669822,2.78489542
26013,1.299242616,,
26015,,1.816678882,2.785032511
26016,1.299674749,,
26018,,1.816516519,2.785190582
26019,1.300187826,,
26021,1.300465584,1.816469908,2.785338879
26023,1.300720572,1.816475749,2.785420418
26025,,1.816503644,2.785520792
26027,1.301349282,,
26029,,1.816467166,2.785754204
26033,1.302102804,,
26035,,1.816448689,2.786073208
26036,1.302566409,,
26038,1.302626848,1.816562295,2.786264181
26040,,1.816678882,2.786373138
26042,1.302821517,,
26043,1.302886724,,
26044,,1.8170228,2.786651134
26045,1.302980661,1.817122102,2.786728859
26046,1.303074002,,
26047,,1.817323208,2.786885977
26048,,1.817422271,2.786973715
26049,1.303395271,,
26051,,1.817716599,2.787236452
26053,1.303838968,,
26055,,1.818132401,2.787556887
26063,1.305685759,,
26064,1.305831671,,
26065,,1.819181561,2.788133383
26066,1.306145072,1.819283009,2.788149834
26067,1.306296587,,
26068,,1.819473147,2.788234472
26069,,1.819583416,2.788284302
26073,1.307569861,,
26074,1.307787299,,
26075,1.308024049,1.820207477,2.788589239
26076,1.308283091,1.820307016,2.788641453
26077,,1.820406079,2.788695574
26078,1.307469368,1.820503116,2.788753271
26080,1.305977225,1.820703983,2.788863897
26082,,1.820917368,2.789000273
26083,1.303797364,,
26085,,1.820266962,2.789214849
26086,1.302210808,,
26087,1.30179894,,
26088,1.300966978,1.819895744,2.789416552
26089,1.300236821,1.819814324,2.7894907
26090,1.299592495,1.819751382,2.789563656
26091,,1.819700122,2.789633274
26092,,1.819680452,2.78966856
26096,1.296940088,,
26098,1.296551824,1.819782257,2.789924383
26100,1.29538846,1.819882393,2.790034056
26102,1.29374969,1.820014,2.790140152
26104,1.292490005,1.820148945,2.790233135
26106,1.291553855,1.820298314,2.790324211
26108,,1.820455313,2.79042387
26110,1.290071607,,
26111,1.289838076,,
26112,,1.820767522,2.790672779
26113,,1.820850611,2.79073596
26116,1.289218903,,
26118,,1.821306467,2.791055202
26119,1.289125681,,
26120,1.289075017,,
26121,,1.821587443,2.791228771
26122,1.289081812,1.821686506,2.791290522
26123,1.289089918,,
26124,,1.821856141,2.791409016
26125,1.289149404,1.821956038,2.791469097
26127,1.289267421,1.822059631,2.791585445
26129,1.289478779,1.822201729,2.79170537
26131,1.289756775,1.822405457,2.791764975
26133,,1.822608471,2.791778564
26134,1.290244102,,
26136,,1.822901487,2.791825533
26142,1.291113734,,
26143,1.291290879,,
26144,,1.823858738,2.792180777
26145,1.29145205,1.823966026,2.792238712
26147,1.291667223,1.824176669,2.792350054
26149,1.291938543,1.824400425,2.792458057
26150,1.2918576,,
26151,,1.824598551,2.792535067
26152,,1.824703097,2.792573452
26155,1.291400433,,
26156,1.291410208,,
26157,,1.825235248,2.792799711
26158,,1.825350404,2.79286027
26159,1.291497231,,
26161,,1.825729012,2.793047667
26162,1.291738033,,
26164,1.291966677,1.826067805,2.793192625
26166,,1.826246023,2.793256044
26167,1.292305708,,
26168,1.292462945,,
26169,,1.826506972,2.793314695
26170,1.292782903,1.826588154,2.793339491
26171,1.292945266,,
26172,1.29313314,1.826761246,2.793397188
26173,,1.826845765,2.793434858
26174,,1.82694304,2.79347229
26176,1.293883801,,
26178,1.29417634,1.827382565,2.793693781
26179,1.294290423,,
26180,1.294415593,1.827617407,2.793791771
26181,,1.827740312,2.793846846
26182,1.294717431,1.827865362,2.793912888
26184,1.295107841,1.827120423,2.794044495
26186,,1.826368451,2.794170141
26187,1.295810223,,
26189,,1.825541139,2.794374943
26191,1.296638966,,
26193,,1.824504852,2.794631243
26194,1.297046065,,
26196,,1.823752403,2.794797182
26197,1.297506809,,
26198,1.297687531,,
26199,1.29787755,1.82321322,2.794968843
26200,1.298118711,1.823066831,2.79503274
26201,,1.822955608,2.795096874
26202,,1.822866321,2.795168638
26203,1.298655272,,
26205,,1.822681069,2.795408726
26206,1.296988368,,
26208,,1.822665334,2.79564023
26215,1.295163512,,
26217,,1.82322669,2.796256542
26218,1.295197845,,
26220,,1.823497772,2.796495914
26221,1.295231104,,
26223,1.295222521,1.823795557,2.796732903
26225,1.295279503,1.823992252,2.79691267
26227,,1.824181914,2.79708147
26228,1.295515776,,
26229,1.295632601,,
26230,,1.824505687,2.797290087
26231,,1.824605703,2.797348738
26232,1.296018481,,
26234,1.296337843,1.824932218,2.797062635
26235,1.296514988,,
26236,1.296620965,1.825150132,2.796814203
26237,1.296687841,1.825262189,2.796720028
26238,1.2967484,1.825392842,2.796651125
26239,,1.825516939,2.796595335
26240,,1.825636983,2.796559334
26245,1.297733307,,
26247,,1.826422811,2.796562433
26248,1.298253417,,
26250,,1.82659781,2.796645164
26253,1.29896152,,
26255,1.299289465,1.826903224,2.796892405
26257,1.299707055,1.827070236,2.797013998
26259,1.300112128,1.827233195,2.797133684
26261,,1.827406049,2.797259092
26262,1.300773501,,
26264,,1.827603936,2.79741931
26266,1.301610947,,
26267,1.301802397,,
26268,,1.827811718,2.797128439
26269,,1.827854633,2.796713114
26270,1.302430272,,
26271,1.302622437,,
26272,,1.827971697,2.795723677
26273,,1.828028679,2.795460939
26275,1.303272724,,
26277,,1.828256369,2.794737577
26281,1.303968787,,
26283,1.304159164,1.828538656,2.794309855
26285,,1.828673244,2.794252634
26292,1.304980874,,
26294,,1.829467058,2.794184685
26295,1.305347919,,
26297,,1.829719067,2.79383111
26298,1.305664182,,
26299,1.305747628,,
26300,,1.829969645,2.793621302
26301,1.305833101,1.830058336,2.793572903
26303,1.305861473,1.830253005,2.793508291
26305,1.305968046,1.83043921,2.79347682
26306,1.306046605,,
26307,,1.830494642,2.79348135
26308,,1.830481648,2.793475389
26309,1.306405306,,
26311,1.306400299,1.830468655,2.793495417
26312,1.306400657,,
26313,,1.829809308,2.793530226
26314,,1.829201818,2.793557167
26317,1.30670774,,
26319,,1.827016473,2.793750525
26322,1.306955814,,
26324,1.307048798,1.825788617,2.794065952
26325,1.307050705,,
26326,,1.825412035,2.794187784
26327,,1.825285554,2.794250011
26332,1.307432294,,
26333,1.307550073,,
26334,,1.824710727,2.794860363
26335,,1.824727297,2.794933796
26337,1.307969809,,
26338,1.308109164,,
26339,1.308252454,1.824817896,2.79521203
26340,1.308411956,1.824871778,2.795281172
26341,1.308614612,1.824931622,2.795354366
26342,,1.824997306,2.795429468
26343,,1.825061798,2.795510769
26345,1.309359312,,
26347,,1.825351477,2.795844078
26350,1.308236837,,
26351,1.308099031,,
26352,,1.825907111,2.796312571
26353,,1.825998664,2.796404362
26354,1.307875037,,
26355,1.307852507,,
26356,,1.826061249,2.796666145
26357,1.307883978,1.826095581,2.796743393
26359,,1.826199651,2.796908617
26361,1.308105826,,
26363,,1.826476097,2.797116041
26365,1.308358431,,
26366,1.308461428,,
26367,,1.826838851,2.797253132
26368,1.308687091,1.82692945,2.7973001
26370,,1.827135682,2.797427654
26372,1.309245586,,
26374,,1.827534318,2.797746181
26378,1.310391665,,
26379,1.310579062,,
26380,1.310754418,1.828147531,2.79822278
26381,1.31093061,1.828255892,2.79830122
26382,1.311127305,1.828374743,2.798365116
26383,1.311306238,1.828499556,2.798422813
26384,1.31149888,1.828636527,2.798480511
26385,,1.828769684,2.798540831
26386,,1.828894138,2.798591137
26387,1.31197536,,
26389,,1.829097271,2.798743963
26390,1.312247872,,
26391,1.312332869,,
26392,,1.829354763,2.798911333
26393,,1.829439759,2.798974276
26395,1.312543392,,
26397,1.312634468,1.829835296,2.79921031
26399,,1.829978824,2.799325466
26402,1.312961102,,
26403,1.313061118,,
26404,,1.830270886,2.799632072
26405,,1.830344915,2.799682379
26409,1.313430071,,
26410,1.313323975,,
26411,,1.830250978,2.799954414
26412,,1.830253124,2.799957275
26415,1.312525034,,
26416,1.312420249,,
26417,,1.830420136,2.800052881
26418,,1.830460548,2.800078392
26419,1.312334061,,
26421,,1.830647945,2.800233364
26422,1.312521577,,
26424,,1.83088541,2.800401688
26426,1.313071251,,
26428,,1.831255436,2.800650597
26429,1.313536763,,
26431,1.313875794,1.831519127,2.800852299
26433,1.314228415,1.831690073,2.801001072
26434,1.314453959,,
26435,1.3147012,1.83186841,2.801150322
26436,,1.831956506,2.801225424
26437,1.315164208,1.832051873,2.801296234
26439,,1.832235813,2.801425934
26441,1.315932274,,
26443,,1.832501769,2.801645041
26455,1.317573667,,
26456,1.317585707,,
26457,,1.83058691,2.802479267
26458,,1.830543995,2.80255127
26459,1.317494154,,
26461,,1.830492377,2.802787304
26462,1.31758666,,
26464,,1.830523729,2.802980185
26468,1.318252802,,
26470,,1.830638409,2.803451061
26471,1.318778872,,
26473,,1.830610037,2.803673983
26474,1.319468975,,
26476,1.319918394,1.830690503,2.803845644
26477,1.320150852,,
26478,,1.830781341,2.803970575
26479,,1.830806255,2.804030895
26480,1.320688248,,
26482,,1.830929637,2.804203272
26483,1.320953965,,
26485,1.32119441,1.83111012,2.804339886
26486,1.321226358,,
26487,,1.831245065,2.804432392
26488,,1.83131671,2.804480314
26492,1.320101976,,
26494,1.319528341,1.83164227,2.804769754
26496,1.319057345,1.831786036,2.80487442
26498,,1.831836939,2.804999113
26499,1.318650007,,
26501,1.318530917,1.831819296,2.805208206
26503,,1.831882358,2.805364132
26504,1.318496227,,
26505,1.318518043,,
26506,,1.832027316,2.805460215
26507,1.318187475,1.832079172,2.805472374
26508,1.318097711,,
26509,1.31800127,1.832257628,2.805508375
26510,,1.832344651,2.805530787
26511,,1.832435369,2.80556035
26514,1.317822337,,
26516,,1.832961798,2.805419207
26518,1.317921519,,
26519,1.317975163,,
26520,1.318035841,1.833496809,2.805463552
26521,,1.833624482,2.805482864
26522,1.318070054,1.833771467,2.805502415
26523,1.318015337,,
26524,1.317994237,1.834074736,2.805565119
26525,1.318006277,1.834242463,2.805603027
26526,,1.834404945,2.805653572
26527,1.31811285,1.83456409,2.805703878
26529,,1.83481741,2.805811882
26531,1.318323016,,
26532,1.318411827,,
26533,,1.835173249,2.798606396
26534,,1.835216999,2.79723835
26540,1.319492221,,
26542,,1.835927725,2.790394306
26549,1.319843411,,
26550,1.319727182,,
26551,,1.836160898,2.787313461
26552,1.319473386,1.836144686,2.787111998
26554,,1.83614409,2.786783218
26555,1.319282651,,
26557,1.319283843,1.836215377,2.786442995
26558,1.319323063,,
26559,,1.836312532,2.786293507
26560,1.319519758,1.836378813,2.786230803
26561,1.319606304,,
26562,,1.836526275,2.786147833
26563,,1.836601853,2.786113977
26570,1.3204,,
26572,,1.837385058,2.78613615
26573,1.320739031,,
26574,1.320738077,,
26575,,1.83767426,2.786223888
26576,1.320758104,1.837762713,2.78624773
26578,,1.83798027,2.786309958
26589,1.320024967,,
26591,,1.839415073,2.786276102
26592,1.319910884,,
26594,,1.839683771,2.786186218
26600,1.310943484,,
26601,1.310161471,,
26602,,1.840239406,2.78629303
26603,,1.840321183,2.786322594
26609,1.306631923,,
26611,1.306260943,1.837209702,2.786673546
26612,1.306116581,,
26613,,1.836692691,2.786773443
26614,1.305991411,1.836488128,2.786819696
26615,1.305874109,,
26616,,1.836147666,2.786916971
26617,1.305695772,1.836019516,2.78696084
26619,,1.835504651,2.787054539
26620,1.305526614,,
26621,1.305472136,,
26622,,1.83502984,2.787187815
26623,,1.834916472,2.787233353
26624,1.305368066,,
26625,1.305375099,,
26626,,1.834763408,2.787336588
26627,,1.834760427,2.787374496
26630,1.305544853,,
26631,1.30561161,,
26632,1.305692434,1.834775209,2.787576199
26633,,1.834803343,2.787607908
26634,,1.834847927,2.787638664
26639,1.299162507,,
26641,1.297437906,1.834519029,2.787873507
26643,,1.834370494,2.787955999
26648,1.293976307,,
26649,1.293725491,,
26650,1.29350698,1.834341407,2.788240194
26651,,1.834382415,2.78828311
26652,1.293192148,1.834372878,2.788324594
26654,,1.834312916,2.788305759
26657,1.292920828,,
26658,1.292945504,,
26659,,1.83411932,2.788327932
26660,1.29303813,1.834076285,2.788338423
26662,,1.834020615,2.788368225
26664,1.293030024,,
26665,1.292996883,,
26666,1.292958379,1.834026575,2.788456202
26667,,1.834058404,2.788475037
26668,1.292927027,1.834106207,2.788502216
26670,1.292987466,1.834232688,2.788562536
26672,,1.834377885,2.78864646
26678,1.293433666,,
26680,,1.835094094,2.788943052
26684,1.294140816,,
26685,1.294286489,,
26686,,1.835443258,2.789150238
26687,1.294185877,1.835524797,2.78918314
26689,,1.835675716,2.789250374
26690,1.294246316,,
26691,1.294301271,,
26692,,1.835654736,2.78939271
26693,1.294352293,1.835659146,2.789448977
26694,1.294372678,,
26695,,1.835694909,2.789575338
26696,,1.835754156,2.789618492
26697,1.294492841,,
26698,1.294567943,,
26699,,1.835996151,2.789750814
26700,,1.835821867,2.789800882
26701,1.294876814,,
26703,1.295137525,1.835531473,2.789911747
26704,1.295306206,,
26705,1.295440197,1.83529067,2.790000439
26706,,1.8352108,2.790044785
26707,,1.83514452,2.790090322
26708,1.295738459,,
26709,1.295843244,,
26710,,1.834993839,2.790249586
26711,1.296103597,1.834920406,2.790306568
26713,,1.834812522,2.790423632
26717,1.296985626,,
26719,,1.83452785,2.790838718
26720,1.297412872,,
26722,1.297698975,1.833848834,2.791029453
26723,1.297852516,,
26724,1.298017502,1.833560228,2.791152716
26725,1.298171997,1.833461881,2.791209936
26726,,1.833346009,2.791269302
26727,,1.833247542,2.791325331
26730,1.298821568,,
26732,,1.83288002,2.791531086
26734,1.298972607,,
26735,1.299006701,,
26736,,1.832835436,2.791719913
26737,,1.83285892,2.791768551
26739,1.299245954,,
26740,1.299190283,,
26741,1.299166203,1.833077312,2.791970491
26742,,1.833127737,2.79202199
26743,1.299180269,1.833177805,2.792084932
26745,,1.833307385,2.792163372
26746,1.299299002,,
26748,1.299504519,1.833563805,2.792295456
26750,1.299151421,1.833756328,2.792390347
26752,,1.833984375,2.792499781
26753,1.298951745,,
26755,,1.83430481,2.792554379
26756,1.298866868,,
26757,1.298856974,,
26758,,1.834555268,2.79251194
26759,,1.834566236,2.792508364
26760,1.298950672,,
26762,,1.834622622,2.792384863
26764,1.299280763,,
26765,1.299203277,,
26766,,1.834800363,2.792272806
26767,1.299095869,1.834887505,2.792260885
26769,,1.835080862,2.792165041
26771,1.299145699,,
26773,,1.835521221,2.791930914
26774,1.299135685,,
26775,1.299173832,,
26776,1.299226999,1.835894465,2.791860819
26777,,1.836005092,2.791858435
26778,,1.83611989,2.791862249
26780,1.299046993,,
26782,,1.83654809,2.791856289
26784,1.298122048,,
26786,1.297739625,1.836936116,2.791876793
26788,,1.837153912,2.791902065
26789,1.297333837,,
26791,,1.837386608,2.791974545
26792,1.297124863,,
26794,,1.837666988,2.791983843
26797,1.297246456,,
26799,,1.837985158,2.791825056
26801,1.297589183,,
26803,,1.838168979,2.791801929
26805,1.298075557,,
26807,,1.838359475,2.791893959
26808,1.298499584,,
26810,1.298860073,1.838594198,2.792014837
26811,1.299044132,,
26812,1.299230337,1.838752151,2.792087317
26813,1.29943049,1.838812232,2.79212141
26814,1.299628973,1.838869691,2.79215765
26815,1.299830317,1.838931918,2.792191267
26816,,1.838998914,2.792228699
26817,1.300218463,1.839035392,2.792271852
26818,1.300410509,,
26819,,1.839113474,2.792372704
26820,1.30080843,1.839153171,2.79242301
26822,,1.839236498,2.792528868
26828,1.302226067,,
26830,,1.839289546,2.793030739
26833,1.303160429,,
26835,,1.838874936,2.793341398
26836,1.303756475,,
26838,,1.838896751,2.793559551
26839,1.304387569,,
26841,,1.839085102,2.793760777
26842,1.305048704,,
26843,1.305253863,,
26844,,1.838409901,2.793895721
26845,,1.838026524,2.793941021
26847,1.305778027,,
26849,,1.836677313,2.794161081
26850,1.306311965,,
26852,1.306645393,1.835491657,2.794327021
26853,1.306762338,,
26854,,1.834929466,2.794418573
26855,,1.834706068,2.794466496
26856,1.30698669,,
26858,1.307099819,1.834226131,2.794619083
26859,1.30714345,,
26860,1.307197809,1.834034204,2.794716358
26861,,1.833960891,2.794771194
26862,,1.83389616,2.794835806
26863,1.307427764,,
26865,,1.833849669,2.795022488
26866,1.307716012,,
26867,1.307834387,,
26868,1.307947874,1.833920836,2.795163631
26869,,1.833947897,2.795205593
26870,,1.83397162,2.795252085
26871,1.308276534,,
26873,,1.834135294,2.795415878
26880,1.309429526,,
26882,1.309729099,1.834914804,2.796016455
26883,1.309900045,,
26884,,1.835081458,2.796158791
26885,1.310240626,1.835206509,2.796228409
26887,,1.835424185,2.796365499
26888,1.310663462,,
26890,,1.835740447,2.796570539
26893,1.311235189,,
26895,1.311514497,1.836343646,2.796914339
26897,,1.83652854,2.797092438
26899,1.312244534,,
26900,1.312420368,,
26901,,1.835863709,2.797436714
26902,,1.835685611,2.797517538
26903,1.312988758,,
26905,,1.835318327,2.797769547
26907,1.313078165,,
26908,1.313121438,,
26909,1.31318152,1.835149884,2.798150778
26910,,1.835101843,2.798247099
26911,1.313362122,1.835080028,2.798340559
26913,1.313528299,1.835079312,2.798534155
26914,1.313621163,,
26915,,1.835136414,2.798715353
26916,1.313889265,1.835170984,2.798808336
26917,1.314023733,,
26918,,1.835289121,2.798941135
26919,1.314362288,1.835349917,2.799006462
26920,1.314531207,,
26921,,1.835475683,2.799126625
26922,1.314872742,1.835537195,2.799182892
26924,,1.835644245,2.799298525
26925,1.315418959,,
26926,1.315604329,,
26927,1.315790296,1.835702896,2.799492121
26928,1.316000342,1.8357234,2.799557686
26929,1.31613183,1.835759163,2.799626827
26930,,1.8358078,2.799696684
26931,,1.835860848,2.799772024
26934,1.316560507,,
26935,1.316674829,,
26936,,1.836238742,2.799940825
26937,,1.83633709,2.799950361
26938,1.317053437,,
26940,1.317066669,1.83632648,2.800032139
26942,1.317081451,1.835975766,2.800115585
26944,1.317067981,1.83575666,2.800224304
26945,1.31706202,,
26946,,1.835590959,2.800328255
26947,1.317107558,1.835529566,2.800379753
26948,1.317127705,,
26949,,1.835431457,2.80048418
26950,1.317222834,1.835359216,2.800539494
26952,1.3173666,1.835292816,2.800633192
26954,,1.835274816,2.800727844
26955,1.317705512,,
26957,,1.835271478,2.800907373
26958,1.318020344,,
26959,1.318131089,,
26960,1.318259954,1.835250735,2.801109076
26961,,1.835283279,2.801180363
26962,1.318574667,1.835337758,2.801248789
26964,1.318608999,1.835470915,2.80139637
26966,,1.835676789,2.801566124
26968,1.318347216,,
26970,,1.836066604,2.801913261
26974,1.31736362,,
26976,,1.836478233,2.802390099
26977,1.316905975,,
26978,1.316799283,,
26979,,1.83667171,2.802643538
26980,1.316652298,1.836744428,2.802733421
26982,1.31657815,1.836934209,2.802882433
26983,1.316553593,,
26984,1.316555262,1.83712697,2.803037643
26985,1.316577673,1.837229729,2.803123951
26986,1.316280723,1.837340474,2.803206444
26987,,1.837454319,2.803278923
26988,,1.837571025,2.803350925
26989,1.315200686,,
26991,,1.837903142,2.803586483
26997,1.3125211,,
26998,1.312405825,,
26999,1.312324524,1.838711619,2.804035902
27000,,1.838814259,2.804079771
27001,,1.838902354,2.804121733
27003,1.312110066,,
27005,1.312103629,1.839355111,2.804277897
27007,,1.839607835,2.804376602
27010,1.312332034,,
27012,1.312603474,1.840208054,2.804648876
27013,1.312749267,,
27014,,1.840456009,2.804747105
27015,1.312226653,1.840537906,2.804806471
27017,,1.840734363,2.804929018
27025,1.309634566,,
27027,1.309522271,1.841686368,2.804178238
27029,,1.841832519,2.803170919
27031,1.309504628,,
27032,1.309541702,,
27033,1.309602737,1.842139363,2.802059174
27034,1.309692025,1.842269659,2.801766634
27035,1.309795022,1.842394114,2.801509619
27036,,1.842512488,2.801279068
27037,,1.842628121,2.801085472
27038,1.309824824,,
27039,1.309830427,,
27040,1.30986011,1.842989564,2.800135374
27041,,1.843114972,2.799895048
27042,,1.843262196,2.79968667
27044,1.310130835,,
27045,1.310237646,,
27046,,1.843833685,2.799099207
27047,,1.8439821,2.799003839
27050,1.310780883,,
27051,1.310892582,,
27052,1.311020494,1.844610333,2.798702478
27053,,1.844712734,2.798668146
27054,1.31120491,1.844805002,2.798642635
27056,1.311468005,1.844974518,2.798629761
27058,,1.845201135,2.79867506
27060,1.312004566,,
27061,1.312160969,,
27062,,1.84567821,2.79883647
27063,,1.845781088,2.798881769
27068,1.312127948,,
27069,1.312111974,,
27070,,1.846504092,2.799376249
27071,,1.846582413,2.799464226
27073,1.312338829,,
27075,,1.846834779,2.799743891
27076,1.311996222,,
27078,1.311622858,1.847121954,2.799928427
27080,,1.84736383,2.800031662
27081,1.31120801,,
27082,1.311056018,,
27083,,1.847715616,2.80019474
27084,,1.847846389,2.800257206
27088,1.310353398,,
27090,,1.848636389,2.800574064
27091,1.31010282,,
27092,1.310070157,,
27093,1.310046196,1.848992109,2.800724983
27094,1.310024261,1.849100709,2.80077672
27095,,1.84921205,2.800832272
27096,,1.849342585,2.80089283
27099,1.308802485,,
27101,,1.850150108,2.801247597
27104,1.308093429,,
27106,,1.850669026,2.801612616
27108,1.307560444,,
27109,1.307460785,,
27110,1.307373762,1.850862145,2.801908255
27111,1.307327747,1.850923657,2.801992893
27112,1.307328224,1.850987196,2.802063227
27113,,1.851064324,2.802129507
27114,,1.851151109,2.80219841
27115,1.307505965,,
27116,1.307562351,,
27117,1.307656646,1.851366401,2.802427292
27118,,1.851433635,2.802498579
27119,1.307906985,1.851504922,2.802562952
27121,,1.85165143,2.802696466
27125,1.308763623,,
27127,,1.852131724,2.802754402
27133,1.310178161,,
27134,1.310383081,,
27135,1.31056869,1.852572322,2.802475691
27136,1.310751915,1.852656603,2.802481413
27137,1.310908079,1.852742672,2.802488804
27138,1.310992241,1.852832437,2.802505016
27139,,1.852928758,2.802504539
27140,,1.853021264,2.802511692
27142,1.311332941,,
27144,,1.853397727,2.802554607
27145,1.311699152,,
27146,1.311870933,,
27147,,1.853741765,2.802513599
27148,1.312176228,1.853855968,2.802512169
27150,,1.854076862,2.802536011
27152,1.312790036,,
27153,1.312973738,,
27154,,1.854512811,2.80264616
27155,,1.854578018,2.802675247
27156,1.313535452,,
27157,1.313712239,,
27158,,1.854892135,2.802770615
27159,1.314021349,1.854966283,2.802809238
27161,1.314398766,1.855064869,2.802920103
27162,1.314597964,,
27163,,1.855145931,2.80301404
27164,,1.855142951,2.803060532
27166,1.315389991,,
27167,1.315572739,,
27168,,1.84984386,2.803239346
27169,1.315972686,1.848322749,2.803289413
27170,1.316186428,,
27171,,1.84576261,2.803392649
27172,,1.844693184,2.803440571
27173,1.31676209,,
27175,1.317178369,1.838880658,2.8036201
27177,,1.835598946,2.803744316
27180,1.317671061,,
27181,1.317774534,,
27182,,1.829454422,2.804036856
27183,,1.828593254,2.804100275
27187,1.31856823,,
27188,1.318322778,,
27189,1.318092704,1.825127125,2.804451466
27190,,1.824753761,2.804496527
27191,,1.824431896,2.804559708
27197,1.316539645,,
27198,1.316432118,,
27199,,1.823171377,2.805057049
27200,,1.823127866,2.805109262
27201,1.316140294,,
27202,1.316097617,,
27203,,1.82305181,2.805276871
27204,1.316054463,1.823046565,2.805339336
27205,1.316049814,,
27206,,1.8231076,2.804180861
27207,,1.823149562,2.80369091
27211,1.316080928,,
27213,1.316171646,1.823526382,2.801811695
27215,,1.821679354,2.801455736
27218,1.316835642,,
27219,1.316983581,,
27220,,1.814702153,2.800822735
27221,,1.813723683,2.800745726
27222,1.317546129,,
27223,1.317743897,,
27224,,1.811407447,2.800606728
27225,1.318127751,1.810810447,2.80057621
27227,,1.809786797,2.800542355
27228,1.318769097,,
27229,1.318956733,,
27230,,1.80862987,2.800563574
27231,,1.808334112,2.800582409
27233,1.319061995,,
27234,1.319133759,,
27235,,1.807472706,2.800611258
27236,1.318573833,1.80732429,2.800617933
27238,,1.807084918,2.800633907
27242,1.317682505,,
27244,1.317690969,1.806800604,2.800736189
27246,1.317846775,1.806793094,2.800837994
27248,,1.806823373,2.800936699
27250,1.318098903,,
27251,1.31817162,,
27252,,1.806980133,2.801182747
27253,,1.807041049,2.80125618
27254,1.318228364,,
27256,1.318284512,1.807262897,2.801480055
27257,1.31835258,,
27258,,1.807426095,2.801618338
27259,,1.807515383,2.801682949
27262,1.318742752,,
27263,1.318800926,,
27264,,1.807967663,2.802007675
27265,,1.808046103,2.802075863
27266,1.319025755,,
27268,1.31921494,1.808309913,2.802307844
27270,1.319563508,1.808506727,2.802475452
27272,,1.80868876,2.802646875
27273,1.320128798,,
27275,,1.808990836,2.802876234
27280,1.32048893,,
27282,,1.809644341,2.803132772
27284,1.320395827,,
27286,1.320162773,1.810102224,2.801976919
27288,1.319989443,1.810325384,2.801126719
27290,,1.810571313,2.800492525
27295,1.319767356,,
27297,1.319801331,1.811374426,2.798103333
27299,,1.811570048,2.797571659
27300,1.319950461,,
27302,,1.811875224,2.797006369
27303,1.320241928,,
27305,1.320482969,1.812185884,2.796682119
27307,1.320655227,1.812404513,2.796542406
27309,,1.812603235,2.796434164
27312,1.320813656,,
27313,1.320838094,,
27314,,1.813064098,2.796286583
27315,1.320772767,1.813143373,2.796247959
27316,1.3207829,,
27317,1.320770025,1.813133836,2.796203852
27318,,1.813150167,2.796198368
27319,1.320808411,1.813173413,2.796206713
27321,,1.813233376,2.796245098
27328,1.321953177,,
27329,1.322161198,,
27330,,1.813637972,2.796433926
27331,,1.81368804,2.796458006
27335,1.323454976,,
27337,1.32390821,1.8141675,2.796365738
27339,,1.814357996,2.796396255
27340,1.3243922,,
27341,1.324519515,,
27342,,1.814617753,2.796502829
27343,,1.814698219,2.796536207
27344,1.324983358,,
27345,1.325127244,,
27346,1.32524991,1.814982772,2.796678066
27347,,1.815084934,2.796734333
27348,,1.815194964,2.796789169
27349,1.325678945,,
27351,1.32602942,1.815532207,2.796864271
27352,1.326037288,,
27353,,1.815753222,2.796888351
27354,,1.815305948,2.796911955
27361,1.326519251,,
27363,1.326667547,1.813056946,2.79729557
27365,1.32683754,1.812851071,2.797402382
27366,1.326948643,,
27367,,1.812715292,2.797493219
27368,1.327123284,1.812666655,2.797536612
27370,,1.812602997,2.79762435
27371,1.327568412,,
27372,1.327776909,,
27373,1.327971816,1.812618852,2.79777956
27374,,1.812636375,2.797842026
27375,,1.812670469,2.797903776
27378,1.328917027,,
27380,1.329381108,1.812845588,2.798235655
27382,,1.812975168,2.798360825
27385,1.3304708,,
27386,1.330681443,,
27387,1.330882668,1.813382864,2.798569679
27388,1.331094384,1.813493967,2.798582554
27389,1.331233025,1.813605785,2.798600435
27390,,1.813697934,2.798621178
27391,1.331501245,1.813797951,2.798441648
27393,1.331832409,1.814006448,2.798152924
27394,1.332010031,,
27395,,1.81421566,2.797954559
27396,,1.814305663,2.797885656
27403,1.333209872,,
27405,,1.815161824,2.797911406
27407,1.333706379,,
27408,1.333829522,,
27409,,1.815564871,2.798083305
27410,,1.815651298,2.798131466
27412,1.334472179,,
27414,,1.814840317,2.798388481
27415,1.334578753,,
27416,1.334645867,,
27417,,1.814487338,2.798583984
27418,1.334803104,1.814412951,2.798651457
27419,1.334849596,,
27420,1.334906697,1.814364076,2.798770189
27421,1.334955215,1.814372897,2.798828602
27422,1.334943175,1.814400196,2.798890829
27423,,1.81443429,2.798948765
27424,,1.814485073,2.799001455
27425,1.335101008,,
27427,,1.814633012,2.798914433
27429,1.333866,,
27431,,1.814869523,2.79835248
27434,1.330446362,,
27436,,1.815271735,2.798062325
27437,1.329182506,,
27439,,1.815635085,2.798023701
27449,1.314838052,,
27451,,1.815907717,2.798297644
27453,1.312449098,,
27454,1.311939955,,
27455,1.311506033,1.816095591,2.798463821
27456,,1.816106796,2.798506498
27457,1.310821176,1.81612432,2.798548937
27458,1.310495496,,
27459,1.310232282,1.816123486,2.798638105
27460,,1.816135645,2.798695803
27461,1.309845448,1.816159129,2.798748016
27462,1.309682131,,
27463,1.309541106,1.816239357,2.798876047
27464,,1.816302657,2.798940897
27465,,1.816378117,2.798999786
27466,1.309310555,,
27468,,1.816631198,2.799170971
27470,1.30888772,,
27472,,1.816980124,2.799228191
27474,1.308570147,,
27475,1.308565974,,
27476,,1.817355275,2.799348831
27477,,1.817460656,2.799389124
27479,1.308699012,,
27480,1.308780313,,
27481,,1.817889571,2.799579144
27482,,1.81801331,2.799612284
27485,1.307825089,,
27486,1.307341933,,
27487,,1.818555474,2.799849272
27488,,1.818650603,2.799907923
27495,1.305216312,,
27497,1.305134535,1.818788886,2.800708055
27499,,1.81882596,2.800863266
27502,1.305194497,,
27504,1.305382133,1.818841338,2.801200867
27506,1.305315852,1.818896174,2.801349401
27508,,1.818911433,2.80150342
27509,1.304982185,,
27511,,1.818997502,2.801730156
27512,1.304865479,,
27514,1.304443717,1.819194674,2.801946163
27515,1.304132938,,
27516,1.303877115,1.819365263,2.802088499
27517,,1.819406867,2.802167416
27518,,1.819445729,2.802270889
27521,1.302870989,,
27522,1.302776217,,
27523,,1.819732428,2.802730083
27524,1.302690744,1.819791675,2.802827358
27526,,1.819927931,2.803027153
27530,1.302918673,,
27531,1.302983761,,
27532,,1.820355177,2.803587437
27533,,1.820436716,2.803626537
27538,1.303488016,,
27539,1.303605437,,
27540,,1.820958138,2.803931952
27541,,1.821001172,2.803968906
27542,1.304016352,,
27543,1.304190874,,
27544,1.304389596,1.821174026,2.804119587
27545,,1.821237683,2.804175377
27546,,1.82130301,2.804236889
27547,1.305114508,,
27549,,1.821532607,2.804419756
27550,1.305828691,,
27552,1.306270003,1.821824431,2.804589987
27554,,1.822092652,2.804745197
27555,1.306856275,,
27557,,1.822497249,2.804978132
27559,1.307626486,,
27560,1.307626009,,
27561,,1.821853638,2.805317879
27562,,1.821769476,2.805413008
27563,1.307715654,,
27564,1.307765007,,
27565,,1.821526885,2.80569005
27566,1.307869673,1.821475983,2.805787325
27568,,1.821411252,2.806013107
27570,1.308259726,,
27572,1.308420062,1.820804834,2.806441307
27574,,1.82064867,2.80668211
27576,1.308642983,,
27577,1.308746815,,
27578,1.308849692,1.820592165,2.80714345
27579,,1.82062459,2.807249069
27580,1.309109569,1.820680499,2.807353973
27582,,1.820820212,2.807550907
27584,1.309761882,,
27585,1.309938908,,
27586,,1.821151972,2.807793856
27587,,1.82123971,2.807865858
27588,1.31046164,,
27589,1.310645223,,
27590,,1.821510792,2.808067322
27591,,1.821606278,2.808140516
27593,1.311437726,,
27594,1.311643362,,
27595,,1.821915269,2.808468103
27596,,1.822001934,2.808546543
27602,1.309039354,,
27604,,1.822834492,2.809103727
27605,1.308420062,,
27606,1.308290243,,
27607,,1.822133899,2.809273243
27608,,1.821958184,2.809292078
27609,1.308038235,,
27611,,1.821504235,2.809345961
27612,1.307886481,,
27614,,1.821271658,2.809227943
27616,1.307348847,,
27618,,1.82115674,2.808815241
27621,1.306198716,,
27622,1.306092381,,
27623,,1.82121408,2.808681726
27624,,1.821239114,2.808683157
27626,1.30595696,,
27627,1.306025267,,
27628,1.306098938,1.821456909,2.808760405
27629,,1.821521282,2.808789253
27630,,1.821590543,2.808820248
27633,1.306432724,,
27634,1.306394458,,
27635,,1.818226576,2.809007406
27636,1.306379914,1.817656517,2.809056044
27637,1.306383014,,
27638,1.306394458,1.816650748,2.809155703
27639,1.3064152,1.81621027,2.809206009
27640,,1.815824986,2.809264183
27641,1.306477666,1.815481186,2.809325933
27643,1.306617022,1.814958215,2.809439659
27645,,1.814592719,2.80945015
27646,1.306932807,,
27648,,1.814281106,2.809423208
27652,1.307668686,,
27654,,1.814247012,2.809509277
27660,1.30787611,,
27662,,1.814907193,2.809504747
27663,1.30785656,,
27665,1.30792284,1.81522727,2.809570551
27666,1.307984471,,
27667,,1.81544292,2.809582233
27668,,1.815557241,2.809600353
27672,1.30827868,,
27673,1.30835104,,
27674,,1.816179752,2.809801102
27675,1.308591008,1.81628418,2.809843302
27676,1.308727264,,
27677,1.308870196,1.816476583,2.80993104
27678,1.309034705,1.816539168,2.809972286
27679,1.309197068,1.816605806,2.810015678
27680,1.309351444,1.816694498,2.810065985
27681,1.309518933,1.816789985,2.81011343
27682,,1.816879153,2.810154676
27683,1.309844494,1.816969991,2.810201168
27685,,1.817156792,2.810353994
27687,1.30963397,,
27689,1.3094908,1.817588329,2.81069231
27691,,1.817838192,2.810885191
27695,1.309535503,,
27697,,1.818642139,2.811452866
27698,1.309815049,,
27700,1.310129762,1.819023728,2.811718225
27701,1.310272813,,
27702,,1.819291115,2.811903715
27703,,1.819420457,2.811989069
27706,1.311077833,,
27708,,1.820042491,2.812382698
27711,1.31172502,,
27713,,1.820567846,2.812791109
27717,1.312093377,,
27718,1.312203765,,
27719,,1.819892406,2.812901497
27720,,1.819836855,2.812919617
27722,1.312641859,,
27724,,1.81972003,2.812816143
27725,1.313065052,,
27727,,1.819746494,2.809761763
27733,1.314459562,,
27734,1.314648151,,
27735,1.314833283,1.82025516,2.8027637
27736,1.315012932,1.820336103,2.802251339
27737,1.314875007,1.820414424,2.801792145
27738,,1.820485353,2.801383495
27739,,1.82055521,2.801014662
27740,1.314628005,,
27742,1.314540744,1.820822835,2.800187111
27744,1.314452648,1.821031094,2.799854994
27746,1.314469218,1.821204901,2.79966116
27748,,1.821375489,2.799534559
27749,1.314649224,,
27750,1.314736843,,
27751,1.314842939,1.821646214,2.799437761
27752,1.314960718,1.821713924,2.799435854
27753,,1.821777463,2.799445391
27754,,1.821843386,2.799454212
27756,1.315124512,,
27757,1.315167069,,
27758,1.315226436,1.822144985,2.798414707
27759,,1.822226286,2.798228264
27760,1.314400196,1.822311878,2.798075676
27762,,1.822483897,2.797824383
27764,1.313199043,,
27766,,1.822869778,2.797555447
27767,1.312665343,,
27769,,1.823190928,2.797472954
27775,1.311925292,,
27777,,1.823737621,2.797612667
27781,1.312099934,,
27783,,1.82303369,2.797075748
27787,1.312735558,,
27789,,1.822268009,2.79578805
27795,1.313446879,,
27797,1.313491106,1.8222332,2.793526649
27799,,1.822357535,2.792948484
27800,1.31376636,,
27802,,1.822564006,2.792133331
27805,1.313807249,,
27807,,1.82299304,2.791442156
27808,1.313707352,,
27809,1.313703775,,
27810,,1.823303103,2.790304184
27811,,1.823415875,2.790020466
27818,1.314797401,,
27820,,1.824358106,2.788662434
27823,1.315393686,,
27825,,1.824823856,2.788478613
27828,1.316117764,,
27830,,1.825307846,2.788565874
27831,1.316623926,,
27833,1.317026019,1.825596213,2.788687468
27835,1.31746614,1.825786948,2.788773298
27837,,1.826001167,2.78886199
27840,1.318416715,,
27842,1.318761587,1.826535702,2.789103746
27843,1.31885767,,
27844,,1.826737046,2.789214134
27845,1.31900692,1.826833248,2.789267778
27847,1.31917572,1.827021003,2.789388418
27848,1.319190383,,
27849,1.319209933,1.827195168,2.789508343
27850,,1.827277064,2.789570332
27851,1.319192171,1.827347755,2.789634228
27852,1.319190502,,
27853,1.319197059,1.827537656,2.789778948
27854,,1.827633739,2.789850712
27855,1.3192693,1.827719212,2.789927959
27856,1.319314241,,
27857,,1.827949524,2.790097952
27858,,1.82808578,2.790187836
27859,1.319231033,,
27860,1.319225073,,
27861,1.319222689,1.828493834,2.785957336
27862,1.319227576,1.828628063,2.784827471
27863,,1.82876265,2.78381443
27864,1.319284439,1.828888297,2.782907486
27865,1.319339156,,
27866,1.31941545,1.829111338,2.781353235
27867,,1.829216361,2.780693769
27868,,1.829325676,2.78010869
27872,1.319770217,,
27873,1.319407701,,
27874,,1.830010772,2.777690411
27875,1.318889618,1.830112696,2.77742672
27877,1.31842804,1.830321312,2.776978731
27879,,1.830549836,2.776658297
27880,1.317931533,,
27881,1.317821383,,
27882,1.31774044,1.830871701,2.77636528
27883,,1.830979705,2.776294947
27884,,1.831092596,2.776245356
27885,1.317779303,,
27887,,1.831445098,2.776145697
27889,1.318082094,,
27890,1.318007469,,
27891,,1.831880093,2.776168823
27892,,1.8319906,2.776208401
27894,1.317912817,,
27895,1.317890286,,
27896,,1.832458496,2.776446819
27897,1.317891479,1.832574964,2.776518345
27898,1.317771673,,
27899,,1.832820892,2.776660919
27900,,1.832957864,2.776729345
27908,1.317287564,,
27909,1.317340612,,
27910,1.317242861,1.833999395,2.777230978
27911,,1.834075212,2.777298689
27912,,1.834173918,2.777369022
27914,1.317143321,,
27916,,1.83450377,2.777710438
27919,1.317248821,,
27920,1.317286372,,
27921,1.317310333,1.834620357,2.778188467
27922,,1.834660888,2.778275967
27923,,1.834650397,2.778367281
27924,1.317171335,,
27925,1.317127228,,
27926,1.3171134,1.834043026,2.778636456
27927,1.31709969,1.833828688,2.778725624
27928,1.317093968,1.833647847,2.778817177
27929,1.317087054,1.833505034,2.77889967
27930,,1.833385229,2.778978586
27931,,1.833287239,2.779052496
27935,1.314510226,,
27937,,1.833060265,2.779513359
27938,1.313110471,,
27940,,1.833161592,2.779737473
27945,1.311094284,,
27947,,1.833645463,2.780301094
27948,1.310832143,,
27950,1.310752273,1.833929777,2.780568838
27952,1.31055975,1.834128618,2.780725479
27954,,1.834332705,2.78086853
27955,1.310201406,,
27957,1.309744596,1.834616303,2.781045437
27958,1.309550166,,
27959,1.309395075,1.834797502,2.78115344
27960,,1.834890485,2.781208754
27961,,1.83498168,2.781267405
27964,1.3092314,,
27965,1.309263229,,
27966,1.309330583,1.835481167,2.781618118
27967,1.309405208,1.835589767,2.781708479
27968,,1.835695386,2.781795025
27969,1.309569836,1.835796356,2.781877041
27971,,1.836002231,2.782021523
27974,1.310170174,,
27976,,1.836510181,2.782406569
27979,1.310671329,,
27981,,1.836848021,2.782837629
27983,1.310928941,,
27984,1.31102705,,
27985,1.311141372,1.836345434,2.783209324
27986,,1.83612287,2.7832973
27987,1.311407328,1.835928321,2.783396482
27988,1.311561942,,
27989,1.31172061,1.835494757,2.783575773
27990,1.311817884,1.835270643,2.783662796
27991,,1.83509028,2.783759356
27992,,1.834959269,2.783854723
27994,1.311763048,,
27995,1.311533809,,
27996,,1.834403276,2.784218788
27997,,1.834219098,2.784295082
27998,1.311107993,,
28000,1.311040521,1.833801389,2.784521341
28002,1.311057687,1.833621025,2.784682512
28004,1.311176777,1.833530784,2.784877062
28005,1.311227918,,
28006,1.311298132,1.833520293,2.785080433
28007,,1.833550572,2.785175562
28008,,1.833597302,2.785262823
28016,1.312455297,,
28017,1.312322021,,
28018,,1.834048867,2.785982609
28019,,1.834098339,2.786070347
28022,1.311949968,,
28024,,1.834343195,2.786527634
28026,1.311831355,,
28028,1.310946107,1.834057927,2.786844492
28029,1.310126543,,
28030,,1.833924174,2.786968708
28031,,1.833879709,2.787043571
28032,1.308371782,,
28034,1.306870103,1.833745956,2.787178993
28035,1.306245804,,
28036,,1.833573103,2.787313223
28037,,1.833430409,2.787374496
28039,1.304293275,,
28040,1.303919315,,
28041,1.303616285,1.832780123,2.787591696
28042,,1.832681417,2.787649393
28043,1.30299139,1.832594991,2.787721634
28045,1.302533627,1.832491755,2.787909985
28046,1.302382469,,
28047,1.301973343,1.832451582,2.788063288
28048,,1.832454562,2.788136005
28049,1.301327705,1.8324368,2.788063765
28050,1.301084399,,
28051,,1.832472086,2.787953615
28052,,1.832508326,2.78791213
28053,1.300715804,,
28055,,1.832624078,2.787834644
28058,1.300204039,,
28059,1.300195456,,
28060,1.300207257,1.832941413,2.787903547
28061,,1.833025455,2.787942886
28062,,1.833106041,2.787983656
28063,1.300355196,,
28065,1.300531864,1.833367586,2.788112879
28067,,1.833490849,2.78822875
28068,1.300734043,,
28070,,1.83363688,2.788429737
28071,1.30104053,,
28072,1.301173568,,
28073,,1.833830237,2.788613558
28074,,1.83390379,2.78866744
28075,1.301680803,,
28077,1.302025437,1.834074974,2.78884697
28079,1.302366972,1.834253192,2.788957596
28081,,1.834417939,2.789060116
28084,1.303126693,,
28085,1.303251386,,
28086,,1.834787488,2.789316416
28087,,1.834869504,2.789369345
28088,1.303771853,,
28090,,1.835120082,2.789559364
28092,1.303786397,,
28093,1.303786516,,
28094,1.30376792,1.835426807,2.789880037
28095,1.303781152,1.835517287,2.789957047
28096,1.303801775,1.835622311,2.790039778
28097,1.303860307,1.835724592,2.79011631
28098,,1.835833311,2.79020524
28099,,1.835933805,2.7902987
28102,1.304311752,,
28103,1.304417968,,
28104,,1.836544156,2.790683508
28105,,1.836680651,2.790545702
28106,1.304698229,,
28108,1.30486083,1.836906552,2.790237904
28109,1.304964542,,
28110,,1.836891174,2.790127277
28111,,1.836908221,2.790092945
28113,1.305208206,,
28115,,1.837005734,2.790103912
28116,1.304872274,,
28118,,1.83721602,2.790168285
28119,1.304550648,,
28120,1.304252982,,
28121,,1.837519288,2.790274382
28122,1.303830624,1.837641597,2.790311575
28123,1.303699136,,
28124,,1.837887287,2.79039216
28125,1.303536415,1.838011384,2.790474415
28126,1.303517103,,
28127,,1.838271856,2.790632486
28128,1.303572893,1.838396907,2.790713072
28129,1.303595066,,
28130,1.303647637,1.838661075,2.790859222
28131,1.303740859,1.838733554,2.790659904
28132,,1.838793397,2.790483236
28133,1.303972244,1.838850498,2.790326595
28134,1.304078102,,
28135,1.304183364,1.838991761,2.7900877
28136,,1.839078188,2.789993286
28137,1.304480314,1.839178205,2.789921522
28139,1.304778337,1.8392061,2.789843559
28141,1.305094719,1.839120388,2.789816856
28143,,1.839151025,2.789839268
28145,1.305641174,,
28147,,1.839331746,2.789962053
28149,1.306384921,,
28151,,1.839624405,2.790141821
28153,1.307277799,,
28154,1.307526946,,
28155,1.307770848,1.840072751,2.790360212
28156,,1.840183735,2.790413857
28157,,1.840320349,2.790467262
28158,1.308470607,,
28159,1.308712721,,
28160,,1.840656638,2.790662289
28161,1.309152842,1.840728998,2.790752888
28163,,1.840809107,2.790938139
28164,1.309839487,,
28165,1.310080528,,
28166,,1.840865016,2.791153193
28167,,1.840914845,2.791227341
28168,1.309838533,,
28169,1.309653044,,
28170,,1.840923309,2.791462898
28171,1.309369922,1.840960383,2.791554928
28172,1.309265375,,
28173,1.309226036,1.841027379,2.791721106
28174,1.309166193,1.841074109,2.791807652
28175,1.309093595,1.84113431,2.791899681
28176,,1.84120214,2.791989326
28177,1.309006691,1.841283798,2.792084932
28179,1.309026599,1.841478944,2.792289019
28181,,1.841709733,2.792494774
28183,1.309279561,,
28185,1.309529305,1.842099667,2.792951584
28187,,1.842234731,2.793172359
28188,1.310063004,,
28190,,1.842389345,2.793483496
28192,1.310881615,,
28193,1.311053753,,
28194,1.311245203,1.842280149,2.793894768
28195,,1.8422966,2.793981791
28196,,1.842332363,2.794077158
28200,1.312226892,,
28202,,1.841783166,2.79463768
28204,1.312849164,,
28205,1.312986732,,
28206,1.313135266,1.841161966,2.795003414
28207,,1.841101408,2.795083046
28208,1.313460708,1.841070652,2.795166016
28210,1.313847184,1.841039538,2.795320749
28211,1.313930511,,
28212,,1.841099024,2.795473337
28213,1.31412971,1.84115839,2.795549631
28214,1.31424582,,
28215,,1.841307998,2.795687914
28216,,1.841382265,2.795755386
28218,1.314703584,,
28219,1.314800501,,
28220,,1.841433287,2.795811176
28221,1.31497407,1.8412956,2.795767546
28223,,1.840989709,2.795728683
28224,1.31547451,,
28226,,1.840718269,2.795691967
28228,1.316262841,,
28230,1.316578388,1.840505481,2.794968605
28232,,1.840420246,2.794644833
28234,1.317155361,,
28236,1.317461848,1.840463877,2.794285536
28238,,1.840569615,2.79421854
28239,1.317983508,,
28240,1.318157434,,
28241,,1.840892553,2.794203997
28242,,1.840997458,2.794212341
28244,1.31869173,,
28246,1.318776846,1.84147644,2.794354677
28247,1.318842769,,
28248,1.318871975,1.841729403,2.794381857
28249,1.318930387,1.841849685,2.794352293
28250,,1.841975093,2.794338465
28251,1.319045663,1.842092991,2.794333935
28252,1.317177773,,
28253,1.315476418,1.842315674,2.794341564
28254,,1.842413664,2.794352531
28255,1.312594771,1.842519522,2.794378042
28256,1.311376333,,
28257,1.310316443,1.842725158,2.794432163
28258,,1.842819571,2.794458151
28259,,1.842919946,2.794487715
28260,1.307815194,,
28261,1.307137728,,
28262,,1.843226314,2.794576883
28263,1.3060323,1.843343973,2.794610023
28265,1.30513525,1.843619347,2.794628143
28267,1.304488897,1.843945503,2.794598341
28268,1.303912044,,
28269,,1.844256878,2.794608831
28270,,1.844414234,2.794649363
28275,1.301151633,,
28277,1.300608635,1.845357418,2.795077085
28278,1.300409436,,
28279,,1.845611215,2.7952106
28280,,1.845759869,2.795283556
28283,1.299829841,,
28284,1.299743652,,
28285,,1.846562862,2.795629978
28286,,1.846712112,2.79568243
28288,1.299634457,,
28289,1.29963851,,
28290,1.299659252,1.847296596,2.795390606
28291,,1.847449899,2.795312643
28292,1.299727201,1.84755528,2.79526639
28294,,1.847681761,2.795201302
28296,1.300181627,,
28297,1.300320864,,
28298,,1.847800612,2.795179844
28299,1.300674796,1.84783709,2.79519105
28300,1.300843954,,
28301,,1.847928405,2.795215845
28302,,1.847980857,2.795240641
28303,1.301384091,,
28305,,1.848126292,2.795348167
28306,1.301961303,,
28307,1.3021878,,
28308,,1.848337889,2.795485258
28309,,1.848415732,2.795357704
28311,1.303052187,,
28312,1.303256989,,
28313,,1.848722816,2.795073271
28314,1.3036654,1.848780155,2.795039415
28315,1.303495169,,
28316,,1.848922491,2.795027256
28317,,1.849004507,2.795059443
28324,1.302332878,,
28326,,1.849791646,2.795245409
28328,1.301749587,,
28329,1.301682234,,
28330,,1.850199461,2.794765472
28331,,1.849944711,2.794704676
28332,1.301638484,,
28333,1.301649094,,
28334,1.30167222,1.849401236,2.794668674
28335,,1.849266768,2.794673204
28336,,1.849133372,2.794684887
28337,1.301681757,,
28338,1.301642895,,
28339,,1.848924041,2.794788599
28340,,1.848897934,2.794843197
28341,1.301614523,,
28343,,1.848883986,2.795035362
28345,1.301864386,,
28347,1.302067518,1.848529577,2.794534922
28348,1.302174568,,
28349,,1.848255038,2.794049978
28350,,1.848109484,2.793843985
28352,1.302525043,,
28354,1.302717924,1.847880125,2.793323994
28355,1.302811384,,
28356,,1.846660614,2.79318881
28357,,1.845585942,2.793138742
28358,1.303168416,,
28360,,1.841764092,2.793071032
28361,1.303658724,,
28363,,1.838989019,2.793106318
28364,1.304070234,,
28365,1.304234266,,
28366,1.304395437,1.836978078,2.793167114
28367,,1.836414337,2.793202162
28368,,1.835911512,2.79324913
28369,1.304923654,,
28371,1.305130839,1.834875822,2.793385983
28373,,1.834407806,2.793478489
28375,1.305790901,,
28376,1.30596292,,
28377,1.306151986,1.833732724,2.79366231
28378,,1.833629727,2.793691397
28379,,1.833483696,2.793730497
28382,1.307176232,,
28384,1.307250977,1.833049536,2.793945313
28385,1.307198644,,
28386,1.307188988,1.832917333,2.794074297
28387,,1.832891703,2.794152975
28388,,1.832879424,2.794217348
28390,1.307370186,,
28391,1.307470918,,
28392,,1.832897902,2.794489145
28393,1.307690144,1.832912445,2.794555664
28395,1.307425261,1.832999706,2.794683695
28397,,1.833099961,2.794807196
28405,1.307495832,,
28407,,1.833860517,2.795523643
28413,1.30763936,,
28414,1.307580471,,
28415,,1.834321499,2.796330214
28416,,1.834398031,2.796435118
28423,1.307842731,,
28424,1.307948947,,
28425,,1.835321188,2.797456264
28426,,1.835413337,2.797551394
28431,1.308306336,,
28432,1.308302164,,
28433,1.308299422,1.836239219,2.798279285
28434,,1.836341739,2.798380852
28435,,1.836159348,2.798476219
28438,1.308488369,,
28439,1.308570862,,
28440,1.308640599,1.835368752,2.798945189
28441,,1.835273027,2.799035788
28442,,1.835188866,2.799124956
28443,1.308921456,,
28444,1.309026241,,
28445,,1.83512187,2.799383402
28446,,1.835122466,2.799472094
28448,1.309442282,,
28450,1.309632897,1.83521986,2.799842358
28452,,1.835358381,2.800000191
28454,1.309887767,,
28456,1.310097694,1.835737586,2.800302267
28458,,1.835382462,2.800325155
28459,1.31026125,,
28461,,1.83501029,2.800372124
28463,1.310077667,,
28464,1.310058951,,
28465,,1.834791183,2.799991131
28466,1.309909105,1.834787011,2.799904346
28468,,1.834811568,2.799803734
28469,1.309762478,,
28470,1.309762001,,
28471,1.309754372,1.834911585,2.799775362
28472,1.309720159,1.834946871,2.799776793
28473,,1.834997177,2.799781084
28474,,1.835047245,2.799791813
28477,1.309764743,,
28479,1.309959412,1.83552444,2.799961567
28481,1.310191989,1.835783839,2.800035
28482,1.310283661,,
28483,,1.836045504,2.800087214
28484,1.310488701,1.836174369,2.800121546
28486,,1.836426497,2.800212383
28490,1.311325312,,
28491,1.311475039,,
28492,1.311630845,1.837198019,2.800544739
28493,1.311798453,1.83732307,2.800606966
28494,,1.837441087,2.800669909
28495,,1.837540507,2.800711155
28497,1.312234044,,
28499,,1.838036418,2.800907135
28503,1.312461615,,
28505,,1.838893056,2.8012743
28506,1.312604308,,
28508,1.312769055,1.839341164,2.801515579
28509,1.312881351,,
28510,1.313006163,1.839614511,2.801685095
28511,1.313118577,1.839739442,2.801786184
28512,,1.839890003,2.801873684
28513,1.313300967,1.840037107,2.801857233
28514,1.313301682,,
28515,,1.840352058,2.801844597
28516,,1.840514779,2.801857471
28518,1.313282132,,
28520,1.313209891,1.841125369,2.802035809
28522,,1.841447711,2.802101374
28527,1.311739922,,
28529,,1.842398643,2.80237484
28531,1.310982704,,
28532,1.310847759,,
28533,,1.842946768,2.802541256
28534,,1.843076944,2.802578926
28538,1.310733199,,
28540,1.310824275,1.84370625,2.802862644
28542,,1.843114376,2.802960634
28543,1.310975313,,
28545,1.311034441,1.841435194,2.803127527
28547,,1.840408444,2.803242445
28550,1.311530352,,
28552,1.311586142,1.838794231,2.803534746
28554,,1.838422298,2.803703785
28556,1.31131649,,
28557,1.311203718,,
28558,,1.837928534,2.804059982
28559,,1.837844253,2.804157019
28561,1.309965372,,
28562,1.309660435,,
28563,,1.837697625,2.804468632
28564,,1.837690949,2.804533958
28571,1.308150053,,
28572,1.308058262,,
28573,,1.838364482,2.80533886
28574,1.307948232,1.83850646,2.805043459
28576,,1.838784575,2.804572821
28577,1.307922125,,
28578,1.307868123,,
28579,,1.839216948,2.804098606
28580,,1.839379311,2.803982496
28583,1.307862163,,
28584,1.307855725,,
28585,,1.840110183,2.803685665
28586,,1.840250611,2.803670645
28590,1.308168411,,
28592,,1.840776324,2.803493977
28594,1.308541536,,
28596,1.308490992,1.840540051,2.802834511
28598,,1.840466142,2.80266118
28602,1.308685303,,
28603,1.308769584,,
28604,1.308854818,1.840495944,2.80235219
28605,1.308925271,1.840537906,2.802288771
28606,1.309013247,1.840584517,2.802256584
28607,,1.840643764,2.802239895
28608,1.309130669,1.84068954,2.802233696
28609,1.309129357,,
28610,,1.840820789,2.802252531
28611,,1.840886831,2.802262783
28615,1.305951357,,
28617,,1.841121435,2.802605152
28618,1.304013371,,
28619,1.303518057,,
28620,1.303075671,1.841084957,2.802835941
28621,,1.841087937,2.802918434
28622,,1.841105103,2.803003788
28623,1.302126884,,
28624,1.301925778,,
28625,,1.84109354,2.803237677
28626,1.301604629,1.841093779,2.803322315
28627,1.30149436,,
28628,,1.841178656,2.803501606
28629,,1.841264367,2.803175211
28630,1.301329136,,
28631,1.301325798,,
28632,,1.841550469,2.802488565
28633,1.301379204,1.841650248,2.802340984
28635,1.301468849,1.84183979,2.802102566
28637,,1.842045546,2.801986694
28639,1.301512599,,
28640,1.301525831,,
28641,,1.842572093,2.801920652
28642,1.301618218,1.842713118,2.801946402
28644,,1.842993259,2.802008629
28646,1.302076578,,
28648,1.302408814,1.843518615,2.802194357
28649,1.302569985,,
28650,1.302743196,1.843739271,2.802321434
28651,,1.843868613,2.802384615
28652,,1.844002962,2.802456141
28654,1.303463817,,
28656,,1.844168067,2.802720308
28664,1.305161238,,
28665,1.3053509,,
28666,,1.843992233,2.803583384
28667,,1.844026446,2.803684711
28670,1.306030035,,
28672,,1.844095707,2.804183245
28674,1.306373477,,
28675,1.306490779,,
28676,,1.844383478,2.804559708
28677,,1.844465733,2.80463171
28679,1.307025909,,
28681,1.307288051,1.844383717,2.804957628
28683,1.307564974,1.844215274,2.805165052
28684,1.307705164,,
28685,,1.844137311,2.805357218
28686,,1.844124436,2.80542779
28689,1.308650613,,
28691,1.308958411,1.844106555,2.800725698
28693,1.308998346,1.843964577,2.799015284
28695,1.309025645,1.843890786,2.797649622
28697,1.3091079,1.843894243,2.796508074
28699,1.309227467,1.843928814,2.795638084
28701,,1.844065189,2.794982195
28703,1.309660435,,
28704,1.30979538,,
28705,,1.84447813,2.784601927
28706,,1.844333291,2.782621384
28709,1.310226679,,
28710,1.310322404,,
28711,1.310417891,1.84196651,2.775351286
28712,,1.84156847,2.774305582
28713,,1.841210008,2.773364782
28715,1.310639024,,
28717,,1.840156436,2.770465136
28728,1.312099457,,
28730,,1.838778734,2.766541719
28735,1.313463211,,
28736,1.313618541,,
28737,1.313784122,1.838792086,2.766006947
28738,,1.838820815,2.765967846
28739,,1.838868022,2.765939236
28741,1.314485312,,
28742,1.314665437,,
28743,1.314859271,1.839248896,2.765905142
28744,,1.839367867,2.765915871
28745,,1.839493394,2.765837908
28750,1.312492251,,
28752,1.312129021,1.840312004,2.76554203
28753,1.312033772,,
28754,1.311965108,1.840575814,2.76550889
28755,,1.840733767,2.765497923
28756,1.311866879,1.840894699,2.765488148
28758,,1.841216683,2.765479326
28763,1.31221664,,
28765,1.312469363,1.842385173,2.765513182
28766,1.312636614,,
28767,1.312807798,1.842697382,2.765547991
28768,1.312999606,1.842823625,2.765571594
28769,,1.84293282,2.765597343
28770,,1.843040347,2.765625954
28773,1.314085364,,
28775,,1.843311787,2.765786886
28776,1.314799666,,
28777,1.315053344,,
28778,,1.843199611,2.76586628
28779,,1.843196988,2.765899181
28782,1.316055655,,
28784,1.316444993,1.843420744,2.766058683
28786,,1.843507171,2.766120195
28792,1.316264391,,
28793,1.316278219,,
28794,,1.842187881,2.766430378
28795,1.316415191,1.841780782,2.766470432
28796,1.316501021,,
28797,,1.841111183,2.766542673
28798,,1.84085393,2.766569853
28799,1.316853881,,
28801,1.31713903,1.840184689,2.76666975
28803,1.315672159,1.839884758,2.76669383
28805,,1.839490533,2.766678095
28813,1.306993961,,
28815,,1.838199258,2.766880512
28816,1.305956483,,
28818,,1.838130474,2.767002106
28821,1.305124283,,
28823,,1.838403225,2.767162085
28825,1.304980755,,
28826,1.304968953,,
28827,,1.838894963,2.767277479
28828,,1.839053512,2.767308235
28829,1.305101871,,
28830,1.305125237,,
28831,,1.839552402,2.767331839
28832,1.305198312,1.83974421,2.767341614
28834,,1.840166092,2.767375469
28837,1.305189252,,
28839,1.305240631,1.841093302,2.767476082
28841,,1.841448426,2.767524004
28843,1.305019259,,
28844,1.304903507,,
28845,,1.842166901,2.767622232
28846,,1.842364073,2.767650127
28848,1.304713964,,
28850,,1.843050241,2.76776886
28851,1.304790139,,
28852,1.304801226,,
28853,1.304826498,1.843491316,2.767853498
28854,,1.84353435,2.767885685
28855,,1.843577981,2.767915964
28856,1.304962873,,
28858,1.305150151,1.843608499,2.76793623
28859,1.305281162,,
28860,,1.843684435,2.767940283
28861,,1.843740225,2.767940044
28862,1.305592299,,
28864,,1.844007969,2.767948627
28866,1.306209207,,
28867,1.306362391,,
28868,,1.844488263,2.76800108
28869,1.306670666,1.8446275,2.768017292
28870,1.306819797,,
28871,,1.844936967,2.768064976
28872,,1.844999194,2.768091202
28873,1.307273746,,
28875,,1.845234871,2.768122673
28879,1.308102965,,
28881,1.30836606,1.845871806,2.768140078
28883,1.308655143,1.845799327,2.768161058
28885,,1.845597148,2.768186331
28886,1.309121728,,
28887,1.309283018,,
28888,1.309463859,1.844969749,2.768242359
28889,,1.844802618,2.768269062
28890,,1.844668508,2.768299103
28894,1.310547471,,
28896,1.310931087,1.838377357,2.768512964
28898,,1.833882451,2.768591166
28901,1.311030149,,
28902,1.311091661,,
28903,,1.826012254,2.76875639
28904,,1.824893355,2.768784046
28905,1.311156511,,
28906,1.31105876,,
28907,1.310985208,1.82220161,2.768882513
28908,,1.821487188,2.768921852
28909,1.310898662,1.820846558,2.768960238
28911,,1.819764137,2.769031048
28912,1.310577512,,
28914,1.310462952,1.818512917,2.769154787
28916,1.310437679,1.817021489,2.769252777
28917,1.310455918,,
28918,1.310514569,1.815053463,2.7693398
28919,1.310584307,1.814223051,2.769387484
28920,,1.813478231,2.769434929
28921,1.310687304,1.812814355,2.769480705
28923,1.310760498,1.811702967,2.769572496
28924,1.310783267,,
28925,,1.810814857,2.769659996
28926,,1.810459137,2.76970005
28927,1.310989499,,
28929,,1.809655547,2.76975131
28932,1.311130047,,
28933,1.311132312,,
28934,,1.80886209,2.76988101
28935,,1.808762193,2.769911289
28936,1.311012745,,
28938,,1.80856216,2.770028353
28939,1.310635686,,
28940,1.310477138,,
28941,,1.808473468,2.770161629
28942,1.310272336,1.808458686,2.770208359
28943,1.31020081,,
28944,,1.808442116,2.770186424
28945,1.310115099,1.808420777,2.770182848
28946,1.309968948,,
28947,,1.808407545,2.77019763
28948,1.309772611,1.808413625,2.770207405
28950,1.309764624,1.808442116,2.770228386
28951,1.309782267,,
28952,,1.808477521,2.770255089
28953,,1.808501482,2.770256042
28954,1.309696436,,
28955,1.309692621,,
28956,,1.80858326,2.770282269
28957,,1.80861342,2.770294428
28965,1.310914993,,
28967,,1.808867335,2.770587206
28971,1.311750054,,
28972,1.311931133,,
28973,,1.809059143,2.770804167
28974,1.312311292,1.809105635,2.770835876
28975,1.312496066,,
28976,,1.809187293,2.770901918
28977,1.312831283,1.809227824,2.77093482
28978,1.312988997,,
28979,1.313145638,1.809136271,2.771007538
28980,,1.809020162,2.771042585
28981,1.313455939,1.808915973,2.771077156
28982,1.313622236,,
28983,1.313801527,1.808749318,2.771138906
28984,,1.808680892,2.771173716
28985,1.314079046,1.808613062,2.771214724
28987,,1.808532476,2.77129364
28990,1.314824581,,
28991,1.315005064,,
28992,1.315154314,1.808517814,2.771505117
28993,,1.808342099,2.771555424
28994,,1.808198929,2.771604061
28998,1.315711021,,
28999,1.315796852,,
29000,,1.807761669,2.771888733
29001,,1.807736516,2.771928549
29002,1.316103697,,
29003,1.316209197,,
29004,,1.807706237,2.772037506
29005,,1.807714701,2.7720716
29006,1.31663537,,
29008,,1.807791352,2.772161722
29014,1.317701936,,
29015,1.317814708,,
29016,1.317948461,1.80804038,2.772387266
29017,1.318073273,1.808073759,2.772418022
29018,1.318207622,1.808114767,2.772449493
29019,,1.808178186,2.772479296
29020,,1.808238149,2.772521496
29022,1.318852663,,
29024,,1.808491707,2.772674084
29025,1.319234133,,
29026,1.319389224,,
29027,,1.808666229,2.772796154
29028,,1.808736801,2.772836447
29029,1.319604278,,
29031,,1.808966041,2.772960663
29033,1.319419146,,
29035,,1.809188843,2.773113012
29040,1.318925977,,
29042,,1.809256792,2.773386002
29045,1.318869472,,
29047,,1.809324741,2.773552418
29048,1.318471789,,
29050,1.318306088,1.809430003,2.773659706
29052,,1.809511185,2.773725748
29055,1.318361878,,
29057,,1.809779763,2.77391696
29061,1.317147732,,
29062,1.316868186,,
29063,1.316669464,1.810186505,2.774166584
29064,,1.810241938,2.774209261
29065,,1.810292721,2.774248362
29066,1.316315651,,
29067,1.316246867,,
29068,,1.810464144,2.774372578
29069,,1.810530066,2.774410963
29071,1.316085219,,
29072,1.316017866,,
29073,,1.810814619,2.774575949
29074,,1.810890198,2.77461338
29075,1.316014528,,
29077,1.316086531,1.811102748,2.774548292
29079,,1.811259389,2.774304867
29080,1.312525392,,
29082,,1.811500549,2.774035692
29085,1.307454348,,
29086,1.306607723,,
29087,,1.811809421,2.773557663
29088,,1.811863065,2.773427486
29089,1.304636836,,
29091,1.303663254,1.812008739,2.773148537
29093,,1.812070131,2.773023129
29094,1.302564621,,
29096,1.302067757,1.812210441,2.772897482
29098,,1.812263608,2.772852421
29099,1.301632166,,
29100,1.301555037,,
29101,,1.812305093,2.772809744
29102,,1.812327623,2.772799492
29103,1.301455617,,
29105,,1.812360168,2.772785664
29107,1.30153358,,
29108,1.301586628,,
29109,1.301627398,1.812419534,2.772814989
29110,,1.812453389,2.772829771
29111,,1.812427759,2.772848129
29112,1.301901698,,
29114,,1.812392831,2.772938967
29117,1.302690983,,
29119,,1.8124578,2.773107529
29120,1.303163409,,
29122,1.303429723,1.812520266,2.773192883
29124,,1.812575817,2.773212194
29126,1.30385983,,
29128,,1.812703609,2.772088528
29130,1.304387093,,
29131,1.304468393,,
29132,1.304564238,1.812889457,2.771363258
29133,1.304669023,1.812941551,2.771228075
29134,,1.81299758,2.771110535
29135,1.304930568,1.813061237,2.771008492
29137,,1.813185334,2.770847559
29147,1.306585073,,
29149,1.306867719,1.814109564,2.770632267
29150,1.307007551,,
29151,1.307144761,1.814277172,2.77066946
29152,1.307295203,1.814359069,2.770690918
29153,,1.814440846,2.770714283
29154,1.307615399,1.81452775,2.770726681
29155,1.307718515,,
29156,,1.814580083,2.770758629
29157,,1.814575195,2.770780087
29158,1.308186769,,
29159,1.308339238,,
29160,1.308493137,1.814595699,2.770859718
29161,,1.814612985,2.770889997
29162,1.308830976,1.814630866,2.770923615
29163,1.309012771,,
29164,,1.814671636,2.771004438
29165,,1.814696908,2.771047354
29169,1.31005764,,
29170,1.310241103,,
29171,,1.814976573,2.77130723
29172,,1.815043688,2.771359205
29176,1.31135726,,
29177,1.311545134,,
29178,1.31174171,1.815448046,2.771684647
29179,,1.815521479,2.771733522
29180,,1.815588713,2.771785498
29181,1.3123914,,
29183,,1.815809727,2.771947861
29186,1.312465906,,
29188,1.312521458,1.815976143,2.772172928
29190,1.312666893,1.81603086,2.772265434
29192,,1.816108823,2.77235508
29195,1.312817454,,
29196,1.312834144,,
29197,1.312866569,1.816356778,2.772542238
29198,,1.816407323,2.772578239
29199,1.313037753,1.816463709,2.772618055
29200,1.313143611,,
29201,1.313206196,1.816571832,2.77270174
29202,,1.816638947,2.772740602
29203,,1.816693783,2.772781134
29204,1.313292861,,
29206,,1.816876769,2.77294302
29210,1.313894749,,
29211,1.31404984,,
29212,1.314036727,1.817225933,2.773266554
29213,,1.817284465,2.773323536
29214,,1.81734705,2.773378611
29220,1.314393044,,
29221,1.314475656,,
29222,,1.817955017,2.773722887
29223,,1.818029165,2.773766518
29224,1.31356132,,
29225,1.313135266,,
29226,,1.818273306,2.773910761
29227,1.312139869,1.818355083,2.773956299
29229,1.311430454,1.818514585,2.774049044
29230,1.311166763,,
29231,,1.81865263,2.774143934
29232,1.310777426,1.818725705,2.774190664
29233,1.310610294,,
29234,1.310483098,1.818878055,2.774279833
29235,,1.818958521,2.774324179
29236,1.310264111,1.819040895,2.774365425
29237,1.310202599,,
29238,,1.819203377,2.774452686
29239,1.310021162,1.819282174,2.774492741
29241,,1.819410205,2.774574757
29246,1.309809685,,
29247,1.309855342,,
29248,1.309910893,1.819791913,2.774914503
29249,,1.819852352,2.77497077
29250,1.310078859,1.81992209,2.775026321
29252,,1.820045114,2.775131702
29253,1.310365558,,
29254,1.310476542,,
29255,,1.820266485,2.775281429
29256,,1.820338368,2.775300741
29261,1.311399698,,
29263,1.311749578,1.820839763,2.775562763
29265,,1.820985913,2.775656223
29267,1.311931968,,
29268,1.311944485,,
29269,,1.821279407,2.775827408
29270,1.312024832,1.821358919,2.775870085
29271,1.312095761,,
29272,1.3121773,1.821511865,2.775953531
29273,,1.821591258,2.775994539
29274,,1.821669221,2.776039124
29276,1.31261909,,
29278,,1.821970344,2.77623868
29279,1.313078165,,
29281,1.313363671,1.822191954,2.776411772
29282,1.313513875,,
29283,,1.822343826,2.776521921
29284,,1.822429419,2.776577234
29285,1.313933134,,
29287,1.314200044,1.822683573,2.776764154
29289,,1.822851419,2.776896715
29297,1.315185666,,
29298,1.31528008,,
29299,,1.823603034,2.777401924
29300,1.315202713,1.823676229,2.777445793
29302,,1.823607326,2.777540445
29305,1.314798355,,
29307,1.314824939,1.823626041,2.777696371
29309,,1.823634267,2.777694702
29314,1.313616276,,
29316,,1.823869228,2.777750492
29318,1.313144326,,
29320,1.313125968,1.82401526,2.777868986
29321,1.313145638,,
29322,,1.823976994,2.777933598
29323,,1.823971868,2.777960539
29324,1.313186407,,
29325,1.313208699,,
29326,,1.823992014,2.778043509
29327,1.313274264,1.824008942,2.778074026
29328,1.31329155,,
29329,1.313335538,1.824064732,2.778110504
29330,,1.824098825,2.778137684
29331,,1.824143291,2.778163433
29334,1.313050747,,
29336,,1.82439363,2.77835083
29341,1.312984347,,
29342,1.312984943,,
29343,,1.824749947,2.778651953
29344,,1.824804068,2.778698683
29345,1.3130337,,
29347,,1.82473731,2.778835773
29351,1.313284636,,
29353,1.313351989,1.824821591,2.779182434
29355,,1.824496984,2.779283762
29356,1.313256383,,
29357,1.313223243,,
29358,1.313224792,1.823544145,2.779417515
29359,1.31323576,1.823242426,2.779460669
29360,1.313204885,1.822974086,2.779505014
29361,1.313169718,1.822738528,2.779556274
29362,,1.822535872,2.77960825
29363,,1.822353482,2.779659033
29364,1.313215733,,
29366,,1.821903348,2.779791355
29373,1.31377399,,
29374,1.313763499,,
29375,1.313767076,1.821357846,2.780142307
29376,,1.821354508,2.780179739
29377,,1.821368337,2.780213356
29378,1.313940406,,
29379,1.314019442,,
29380,1.314108014,1.821460724,2.780271292
29381,,1.821483016,2.780293226
29382,,1.82146883,2.78032136
29383,1.314391971,,
29384,1.314468622,,
29385,,1.821506739,2.78043294
29386,,1.821533799,2.780474901
29387,1.31469214,,
29389,1.314976454,1.821632147,2.780596733
29391,,1.821720362,2.780713797
29396,1.316076159,,
29397,1.316221476,,
29398,1.316376567,1.822119594,2.7811656
29399,1.316540837,1.822177052,2.781233788
29400,,1.82223618,2.781297445
29401,,1.822289586,2.781359196
29402,1.316851377,,
29403,1.316833377,,
29404,,1.822447181,2.781521797
29405,1.316743851,1.822514772,2.781538963
29407,,1.822649717,2.781578541
29409,1.316411257,,
29410,1.316431999,,
29411,,1.822937608,2.781728745
29412,1.316467404,1.823009372,2.781765461
29414,1.316501141,1.823129654,2.781839371
29416,,1.823251128,2.781918764
29417,1.316612482,,
29418,1.316721559,,
29419,1.316829681,1.823430538,2.782042265
29420,,1.823390841,2.782095909
29421,1.317096591,1.823361754,2.782145262
29422,1.317209959,,
29423,,1.823316693,2.782232046
29424,,1.823290467,2.782279015
29425,1.317297697,,
29426,1.317368865,,
29427,1.317433596,1.823259115,2.782430887
29428,1.317520976,1.823270082,2.782479286
29429,,1.82328999,2.782527924
29430,1.317707062,1.823318362,2.782582045
29432,1.31793642,1.823386669,2.782685518
29433,1.318065524,,
29434,1.31819737,1.823466659,2.782782316
29435,,1.823514462,2.782830238
29436,,1.823558927,2.782879114
29438,1.318837523,,
29440,,1.823800683,2.783127785
29441,1.319382191,,
29443,,1.823986292,2.783328295
29444,1.319834471,,
29446,1.32009685,1.824163079,2.783498526
29447,1.320221424,,
29448,,1.824288487,2.783588171
29449,,1.824355125,2.783633471
29452,1.320821047,,
29453,1.320938468,,
29454,,1.824786067,2.783880234
29455,1.32083261,1.824884057,2.783878088
29457,,1.825076103,2.783877373
29458,1.320188284,,
29459,1.319934726,,
29460,1.319729686,1.825339198,2.783912182
29461,1.319573641,1.825431943,2.783934593
29462,1.31945014,1.825517058,2.783962488
29463,,1.825600982,2.783995867
29464,1.319035172,1.82568419,2.78402853
29465,1.318859816,,
29466,,1.825854897,2.784109354
29467,,1.825945854,2.784148932
29469,1.317663431,,
29471,,1.826286674,2.784321547
29473,1.316569448,,
29474,1.31628871,,
29475,1.316056728,1.826575398,2.784555197
29476,,1.826645255,2.78460598
29477,,1.826719999,2.784651756
29478,1.315438151,,
29480,1.315179706,1.826929569,2.784783363
29481,1.314773917,,
29482,1.314434886,1.827060103,2.784868956
29483,,1.827088952,2.784909964
29484,1.313855529,1.827125311,2.784957647
29486,1.313447356,1.827206135,2.785059452
29488,,1.827310324,2.785166979
29489,1.312951922,,
29491,1.312727809,1.827367544,2.78533268
29493,1.312569499,1.827381611,2.785436392
29494,1.312498927,,
29495,1.312435746,1.827408791,2.785550117
29496,,1.827433705,2.785616159
29497,,1.827457905,2.785679579
29499,1.312328696,,
29501,1.312357664,1.827591181,2.7857337
29502,1.312409282,,
29503,1.312476873,1.827679515,2.78579545
29504,,1.827722788,2.785838366
29505,,1.827765584,2.785877228
29506,1.31263864,,
29508,,1.8278898,2.785998583
29510,1.313125491,,
29511,1.313275933,,
29512,1.313267589,1.82804811,2.786171675
29513,1.31327641,1.828078389,2.786209583
29514,1.313317299,1.828109145,2.786250591
29515,,1.828138351,2.786290169
29516,1.313436747,1.828173399,2.786322117
29517,1.313531637,,
29518,1.313648105,1.82826376,2.786393642
29519,,1.828246474,2.786435127
29520,,1.828243494,2.786474228
29529,1.314480186,,
29530,1.314550638,,
29531,1.314635515,1.827721357,2.786984444
29532,,1.82767868,2.787034988
29533,1.314821482,1.826787353,2.787100315
29534,1.314852953,,
29535,,1.825244308,2.787224054
29536,1.314925194,1.824605703,2.787279844
29538,,1.823551536,2.787397385
29539,1.315102816,,
29541,,1.822412491,2.787568331
29542,1.31520617,,
29543,1.315096736,,
29544,1.314947963,1.821640968,2.787703276
29545,1.314817429,1.82144022,2.787721157
29546,,1.821274877,2.787746191
29547,1.314655662,1.821122169,2.7877841
29548,1.314557552,,
29549,1.314509153,1.820909142,2.787867785
29550,1.314285755,1.820827365,2.787909746
29551,,1.820764303,2.787948132
29552,1.313966513,1.820714474,2.787987709
29553,1.313828826,,
29554,1.313729644,1.820645571,2.788082838
29555,,1.820637703,2.788131475
29556,1.313665152,1.820615888,2.788181782
29558,,1.820577621,2.78829217
29559,1.313742995,,
29561,,1.820482373,2.785127878
29562,1.314041376,,
29563,1.314173698,,
29564,1.314292312,1.820474029,2.781475067
29565,,1.820488572,2.780492544
29566,,1.820504546,2.779612303
29568,1.314745784,,
29569,1.314903259,,
29570,1.315083861,1.820643067,2.776925802
29571,,1.82068634,2.776425123
29572,,1.820727944,2.775980234
29574,1.315659881,,
29576,,1.820913434,2.774649382
29577,1.31599772,,
29578,1.316119909,,
29579,,1.821095586,2.773995399
29580,1.316197515,1.821172833,2.773838997
29582,1.316396594,1.821317792,2.773587227
29584,1.316653609,1.821455479,2.773398161
29585,1.316823721,,
29586,1.317015409,1.821588397,2.773259163
29587,,1.821665406,2.773202896
29588,1.317353606,1.821741223,2.773159981
29590,1.317680001,1.821886539,2.773098946
29591,1.317857742,,
29592,,1.822017789,2.773075342
29593,,1.822090149,2.773068905
29596,1.318854451,,
29597,1.319072485,,
29598,,1.82243681,2.773140669
29599,,1.822510242,2.773159742
29603,1.320050716,,
29605,1.320356488,1.82294035,2.773356199
29607,1.319874406,1.82310009,2.773445129
29609,,1.823251486,2.773537397
29613,1.319006562,,
29614,1.318897128,,
29615,1.318830371,1.823766112,2.773864985
29616,,1.823860168,2.773926497
29617,,1.823943973,2.773984909
29619,1.318761945,,
29620,1.318809271,,
29621,,1.824281335,2.77425313
29622,1.318956494,1.824358582,2.774326086
29624,,1.824505091,2.774458408
29625,1.319378018,,
29627,,1.824738741,2.77434659
29628,1.319527626,,
29629,1.319594622,,
29630,1.319669366,1.824982762,2.774286747
29631,1.319670916,1.825070977,2.774280548
29632,,1.825167537,2.774277687
29633,,1.825257182,2.774278641
29637,1.319757581,,
29638,1.319733977,,
29639,,1.825662494,2.774360657
29640,1.319766045,1.825700283,2.774382353
29642,,1.825798154,2.774434566
29644,1.3199687,,
29645,1.319997668,,
29646,,1.825992584,2.774564266
29647,,1.826036692,2.77459693
29651,1.320610404,,
29653,1.32073319,1.825032353,2.774497747
29655,,1.82446444,2.774410486
29658,1.321277261,,
29659,1.321460366,,
29660,,1.823562264,2.774291039
29661,1.321716666,1.823459029,2.774288416
29663,,1.823313236,2.774261713
29665,1.322141767,,
29667,,1.823172569,2.774264336
29669,1.32268095,,
29670,1.322836399,,
29671,1.322976708,1.82322681,2.774365425
29672,,1.823249102,2.774392605
29673,,1.823275805,2.774422169
29674,1.320922732,,
29675,1.320398927,,
29676,,1.823417902,2.774524689
29677,,1.823438048,2.774567127
29680,1.318743587,,
29682,,1.823658109,2.774771214
29683,1.318339944,,
29684,1.318246245,,
29685,,1.823791027,2.774912357
29686,,1.823820949,2.774966955
29689,1.318154097,,
29690,1.31818831,,
29691,,1.82395196,2.775268793
29692,1.318245649,1.823986292,2.775326967
29694,,1.823970318,2.775451422
29703,1.317207694,,
29704,1.317266822,,
29705,,1.82425034,2.776039362
29706,,1.824289083,2.776082754
29708,1.317275524,,
29709,1.317186594,,
29710,,1.824511528,2.77628684
29711,1.317105651,1.824581385,2.776344776
29712,1.31709075,,
29713,1.317096233,1.824620843,2.776466846
29714,,1.824651241,2.776525736
29715,1.317143321,1.82469821,2.776583195
29716,1.317176223,,
29717,,1.824819088,2.776690722
29718,,1.824887037,2.776743889
29720,1.317247987,,
29722,,1.825167894,2.776952505
29723,1.317273021,,
29725,1.317453265,1.825368881,2.777117252
29726,1.317549467,,
29727,1.317675948,1.825506926,2.777219057
29728,,1.825586557,2.777276278
29729,,1.825662494,2.777332544
29731,1.318248034,,
29733,,1.826001406,2.777571201
29739,1.319526792,,
29740,1.319675565,,
29741,,1.826733828,2.77815938
29742,1.31953156,1.826820493,2.778235912
29743,1.319442034,,
29744,,1.827000499,2.778367043
29745,1.319140792,1.82708919,2.778440952
29746,1.319042921,,
29747,,1.827250004,2.778589964
29748,,1.82733047,2.778654575
29749,1.318916917,,
29750,1.318900585,,
29751,,1.827578783,2.77749896
29752,,1.827655673,2.776997566
29753,1.318947315,,
29754,1.31898582,,
29755,,1.827901959,2.775712967
29756,,1.827997208,2.775390387
29759,1.319552898,,
29761,1.319916487,1.828487039,2.774255037
29763,,1.828678966,2.773957729
29765,1.320492983,,
29766,1.320275903,,
29767,1.320094585,1.829040527,2.773497343
29768,1.319948673,1.829134226,2.773429871
29769,,1.829223275,2.773378849
29770,1.319723606,1.829317331,2.773338795
29771,1.319644809,,
29772,,1.829489708,2.773289204
29773,,1.829585552,2.773276329
29776,1.319360852,,
29777,1.319221377,,
29778,,1.829984188,2.773353577
29779,,1.830065727,2.773376703
29786,1.318615079,,
29788,,1.830654502,2.773585558
29789,1.318596482,,
29790,1.318529248,,
29791,,1.830922484,2.773694038
29792,1.318448901,1.831002712,2.773737907
29793,1.318445086,,
29794,1.318446398,1.831161499,2.773830414
29795,,1.831239939,2.773880482
29796,,1.831306934,2.773935318
29798,1.318647742,,
29800,,1.831618905,2.774164677
29803,1.319020629,,
29805,1.319265008,1.830858588,2.774473429
29806,1.31938529,,
29807,1.319545984,1.830603957,2.77461648
29808,,1.828733683,2.774680614
29809,1.319828868,1.827066183,2.774743557
29811,1.320103645,1.82423985,2.774858952
29812,1.320254445,,
29813,,1.821857095,2.774971008
29814,1.320562482,1.820855498,2.77502346
29816,,1.819178462,2.775123835
29825,1.319890499,,
29826,1.31919229,,
29827,,1.814189672,2.775525331
29828,,1.813959718,2.775548697
29830,1.31695509,,
29832,1.316148162,1.813298702,2.775689602
29833,1.315845609,,
29834,1.315583348,1.813103557,2.775758743
29835,,1.813034058,2.775805712
29836,,1.812981486,2.775854349
29838,1.314919829,,
29840,1.314763427,1.812872052,2.776073217
29841,1.314732909,,
29842,1.314748645,1.812886715,2.776195049
29843,,1.81289804,2.776257753
29844,,1.81292212,2.776324272
29845,1.314885616,,
29846,1.314950585,,
29847,1.315042973,1.813008428,2.776513338
29848,,1.813047528,2.776569843
29849,1.315268636,1.813093781,2.776625872
29850,1.31535697,,
29851,,1.813193321,2.776739836
29852,,1.813246369,2.77680397
29854,1.315905213,,
29856,1.316247463,1.81347096,2.777034521
29858,,1.813601971,2.777143955
29859,1.316702127,,
29861,1.317018032,1.813776135,2.777296782
29863,,1.813899159,2.777395725
29864,1.317471743,,
29866,1.317582726,1.814028382,2.777526379
29868,,1.814135909,2.777565002
29869,1.317931652,,
29871,,1.814322591,2.777674913
29872,1.318284392,,
29873,1.318374872,,
29874,1.318494439,1.814512372,2.777815819
29875,,1.814577699,2.777856112
29876,1.318795443,1.814646602,2.777900457
29877,1.318904638,,
29878,,1.814783096,2.777996063
29879,1.319127202,1.814849019,2.778050184
29880,1.319238186,,
29881,1.319395304,1.815002084,2.777952194
29882,1.319536686,1.815080523,2.77791667
29883,,1.815165043,2.777891159
29884,1.319895744,1.815257192,2.777873755
29885,1.320078969,,
29886,1.320243597,1.815432429,2.777853727
29887,1.320395947,1.815521836,2.777844667
29888,1.32054019,1.815611005,2.777845621
29889,1.32070303,1.815693974,2.777834892
29890,,1.81577909,2.777827501
29891,1.32106626,1.815859079,2.777828455
29893,,1.816003203,2.777849436
29894,1.321510434,,
29896,,1.816234112,2.77788949
29898,1.322061658,,
29899,1.321897864,,
29900,,1.816540718,2.777988195
29901,1.321679115,1.816618443,2.778030396
29903,,1.816797256,2.778106928
29905,1.32161653,,
29906,1.321627021,,
29907,,1.817190886,2.77825284
29908,1.321604013,1.817275047,2.778292179
29910,1.321612716,1.817433476,2.778382301
29911,1.321611047,,
29912,1.321642041,1.817586184,2.778458357
29913,,1.817663193,2.778499365
29914,,1.817735553,2.778539896
29916,1.321758032,,
29917,1.32179296,,
29918,1.321805716,1.81800437,2.778753519
29919,,1.818066239,2.778807163
29920,1.321893215,1.818142176,2.778862715
29922,,1.818301082,2.778724432
29924,1.321540833,,
29926,1.321415782,1.818669081,2.778584242
29927,1.321405888,,
29928,1.32141602,1.818855762,2.778571844
29929,1.321454763,1.818956375,2.778575659
29930,,1.819054008,2.778581858
29931,1.321423054,1.81916523,2.778588057
29933,,1.819371819,2.778605223
29934,1.321012259,,
29936,,1.81964314,2.778655767
29937,1.320587754,,
29939,1.320252419,1.819907427,2.778724194
29940,1.320068598,,
29941,,1.820093989,2.778781176
29942,,1.820188642,2.778819084
29943,1.319588304,,
29944,1.319433331,,
29945,,1.820478201,2.778938293
29946,1.31916225,1.820571423,2.778970718
29947,1.319087386,,
29948,1.319056511,1.820763707,2.77903676
29949,,1.820874333,2.779071093
29950,1.318853498,1.820980549,2.779107332
29952,,1.82117641,2.779183388
29954,1.318769455,,
29956,1.318848133,1.821308613,2.77935791
29957,1.318907499,,
29958,1.318996668,1.821278691,2.77944541
29959,,1.821274042,2.77948904
29960,,1.821279287,2.779536963
29962,1.319400549,,
29964,1.319588423,1.821365118,2.779724836
29965,1.319692016,,
29966,,1.821437716,2.779819965
29967,,1.821479201,2.779866934
29972,1.32025528,,
29973,1.32025516,,
29974,1.320265889,1.821776032,2.780164719
29975,,1.821832538,2.78020072
29976,1.32040143,1.821808338,2.780236006
29978,,1.821769834,2.780310869
29986,1.320912719,,
29988,,1.821877003,2.780623913
29990,1.320319772,,
29991,1.320220351,,
29992,,1.821978331,2.780747175
29993,,1.822016358,2.780788183
29994,1.315360069,,
29996,,1.822135329,2.780927181
29997,1.311202765,,
29999,,1.822327018,2.781064034
30000,1.307999969,,
30002,,1.822505355,2.781232595
30005,1.304662585,,
30007,1.303893209,1.822840691,2.781519175
30009,,1.822990179,2.781621933
30010,1.302903891,,
30012,,1.823215008,2.781803608
30014,1.301602602,,
30016,,1.823554158,2.782076836
30017,1.301051378,,
30018,1.300949812,,
30019,,1.823832035,2.782290459
30020,,1.823942542,2.782363176
30022,1.300760865,,
30024,,1.824343801,2.78254199
30025,1.300872207,,
30027,,1.824611664,2.782628298
30029,1.301352739,,
30031,,1.824953437,2.782761574
